mean_fit_time,std_fit_time,mean_score_time,std_score_time,param_clf__nstates,param_clf__pew,param_discretize__bins,params,split0_test_average_precision,split1_test_average_precision,split2_test_average_precision,mean_test_average_precision,std_test_average_precision,rank_test_average_precision,split0_test_aic,split1_test_aic,split2_test_aic,mean_test_aic,std_test_aic,rank_test_aic,split0_test_log_loss,split1_test_log_loss,split2_test_log_loss,mean_test_log_loss,std_test_log_loss,rank_test_log_loss,split0_test_roc_auc,split1_test_roc_auc,split2_test_roc_auc,mean_test_roc_auc,std_test_roc_auc,rank_test_roc_auc,split0_test_mod_roc_auc,split1_test_mod_roc_auc,split2_test_mod_roc_auc,mean_test_mod_roc_auc,std_test_mod_roc_auc,rank_test_mod_roc_auc,split0_test_mod_roc_auc_no_pew,split1_test_mod_roc_auc_no_pew,split2_test_mod_roc_auc_no_pew,mean_test_mod_roc_auc_no_pew,std_test_mod_roc_auc_no_pew,rank_test_mod_roc_auc_no_pew
0.08341073989868164,0.008413439703044538,6.490320523579915,2.525641671033534,5,40,"[0, 5, 20, 80, 95, 100]","{'clf__nstates': 5, 'clf__pew': np.int64(40), 'discretize__bins': [0, 5, 20, 80, 95, 100]}",0.008403361344537815,0.027777777777777776,0.05,0.028727046374105197,0.016995017309185123,7,15619.61194648694,15619.855421807008,15619.77410352574,15619.74715727323,0.10120814612700985,10,-0.1940267565294002,-0.07228909649576266,-0.11294823712987864,-0.12642136338501384,0.05060407306354887,39,0.7268518518518519,0.9622844827586207,0.9856060606060606,0.8915807984055112,0.11686942392497214,2,0.4474715721134354,0.8763428078718898,0.705339628435636,0.6763846694736538,0.17627899563213897,27,0.8847457627118644,0.9816414686825053,0.9954128440366973,0.9539333584770224,0.04924500144250638,1
0.0852491060892741,0.0073392561515915325,6.452189524968465,2.565543128269319,5,50,"[0, 5, 20, 80, 95, 100]","{'clf__nstates': 5, 'clf__pew': np.int64(50), 'discretize__bins': [0, 5, 20, 80, 95, 100]}",0.008403361344537815,0.03333333333333333,0.045454545454545456,0.029063746710805537,0.01542443058773693,6,15619.607748630791,15619.848182985435,15619.748752697906,15619.734894771376,0.09864482185777114,12,-0.19612568460479143,-0.07590850728200084,-0.12562365104727832,-0.13255261431135687,0.04932241092918466,42,0.7268518518518519,0.96875,0.9840909090909091,0.8932309203142537,0.1178143502570784,1,0.3251636364313991,0.8431677046317104,0.6262068013174455,0.5981793807935184,0.21240088809283414,45,0.8693548387096773,0.9783549783549783,0.9954093343534812,0.9477063838060457,0.05583867374781325,2
0.07770744959513347,0.0032289173982067805,6.43914000193278,2.570649233493955,5,30,"[0, 5, 20, 80, 95, 100]","{'clf__nstates': 5, 'clf__pew': np.int64(30), 'discretize__bins': [0, 5, 20, 80, 95, 100]}",0.008849557522123894,0.02631578947368421,0.022222222222222223,0.019129189739343442,0.007458438268231675,29,15619.674537581068,15619.857934599828,15619.814115888556,15619.78219602315,0.07819963758705319,7,-0.16273120946611436,-0.07103270008636034,-0.0929420557224473,-0.108901988424974,0.03909981879343428,30,0.7407407407407407,0.9601293103448276,0.9666666666666668,0.8891789059174117,0.10499555837488928,3,0.4990286571859144,0.9066424114085557,0.7759203494353449,0.7271971393432716,0.1699366677307092,17,0.8741935483870968,0.9800215982721382,0.986610558530987,0.946941901730074,0.05151113656229538,3
0.07857624689737956,0.006560993183528864,6.408355236053467,2.5338685075291596,5,70,"[0, 5, 20, 80, 95, 100]","{'clf__nstates': 5, 'clf__pew': np.int64(70), 'discretize__bins': [0, 5, 20, 80, 95, 100]}",0.008403361344537815,0.009174311926605505,0.045454545454545456,0.02101073957522959,0.01728724627385278,28,15619.605591796098,15619.782162045565,15619.709756009057,15619.69916995024,0.07247211753560233,15,-0.19720410195043056,-0.10891897721771243,-0.14512199547177587,-0.15041502487997294,0.036236058767521694,50,0.7268518518518519,0.8836206896551724,0.9840909090909091,0.8648544835326444,0.1058524476539069,7,0.28050590578664586,0.9751498501498501,0.4683996188487825,0.5746851249284262,0.29337690088811474,54,0.8693548387096773,0.9755529685681024,0.9942616679418514,0.9463898250732105,0.05500482221942982,4
0.07785828908284505,0.0026614659138703236,6.352090120315552,2.471227426761586,5,90,"[0, 5, 20, 80, 95, 100]","{'clf__nstates': 5, 'clf__pew': np.int64(90), 'discretize__bins': [0, 5, 20, 80, 95, 100]}",0.008403361344537815,0.017857142857142856,0.04,0.022086834733893557,0.01324146551834174,25,15619.594159678205,15619.681212778554,15619.660655587326,15619.645342681362,0.037152159084025915,19,-0.2029201608974681,-0.15939361072251224,-0.16967220633690303,-0.17732865931896113,0.01857607954212598,64,0.7268518518518519,0.9407327586206896,0.9818181818181818,0.8831342640969079,0.11177401988738843,5,0.2689136654756258,0.9056678418642915,0.38916380862811223,0.5212484386560098,0.2762230166662522,72,0.8713826366559485,0.9692556634304207,0.9927258805513017,0.9444547268792237,0.052550677446468574,5
0.07703010241190593,0.004723718250655568,6.408423741658528,2.5193260821499255,5,80,"[0, 5, 20, 80, 95, 100]","{'clf__nstates': 5, 'clf__pew': np.int64(80), 'discretize__bins': [0, 5, 20, 80, 95, 100]}",0.008403361344537815,0.019230769230769232,0.04,0.022544710191769013,0.013110391479044551,24,15619.601981100594,15619.736028133417,15619.669746671174,15619.669251968395,0.05472558999412163,18,-0.19900944970321285,-0.13198593329127595,-0.16512666441281357,-0.16537401580243413,0.027362794997194694,58,0.7268518518518519,0.9450431034482759,0.9818181818181819,0.8845710457061032,0.11253032089116952,4,0.2648543552871835,0.9151800820670887,0.42266601280400745,0.5342334833860932,0.27696734235527526,67,0.8693548387096773,0.970873786407767,0.9927314460596786,0.9443200237257076,0.053754215615958535,6
0.07526556650797527,0.0025042310131439733,6.467659870783488,2.547314856614604,5,60,"[0, 5, 20, 80, 95, 100]","{'clf__nstates': 5, 'clf__pew': np.int64(60), 'discretize__bins': [0, 5, 20, 80, 95, 100]}",0.008403361344537815,0.011235955056179775,0.045454545454545456,0.021697953951754348,0.0168382031237832,27,15619.606484432123,15619.796596735081,15619.729973063226,15619.711018076812,0.07876183748726327,14,-0.1967577839382482,-0.10170163245988252,-0.1350134683867163,-0.144490961594949,0.039380918743333666,47,0.7268518518518519,0.9051724137931034,0.9840909090909091,0.8720383915786215,0.10759919675472206,6,0.29944480980287724,0.9227086493892002,0.5605877025714486,0.5942470539211753,0.25555712653460305,47,0.8693548387096773,0.9637681159420289,0.9946442234123948,0.9425890593547003,0.053296477733794825,7
0.07735935846964519,0.003801708920333918,6.291009187698364,2.4198959012699763,5,100,"[0, 5, 20, 80, 95, 100]","{'clf__nstates': 5, 'clf__pew': np.int64(100), 'discretize__bins': [0, 5, 20, 80, 95, 100]}",0.007462686567164179,0.01098901098901099,0.038461538461538464,0.01897107867257121,0.013856821618996672,30,15619.581531923093,15619.613221775096,15619.646375864198,15619.61370985413,0.02647467771753194,21,-0.20923403845363808,-0.19338911245220552,-0.17681206790080659,-0.19314507293555006,0.013237338858860198,70,0.6921296296296297,0.9030172413793103,0.9810606060606061,0.8587358256898486,0.12204073122510242,8,0.2726408550469919,0.8894444444444445,0.36351352024175304,0.5085329399110631,0.27188801743158025,79,0.847266881028939,0.9503775620280475,0.9923371647509579,0.9299938692693148,0.060953359232878895,8
0.05753119786580404,0.0050384456296390726,6.543481190999349,2.6772339118594117,4,30,"[0, 5, 50, 95, 100]","{'clf__nstates': 4, 'clf__pew': np.int64(30), 'discretize__bins': [0, 5, 50, 95, 100]}",0.05,0.0019047619047619048,0.023809523809523808,0.025238095238095237,0.019660766246585415,20,5455.196588159864,5455.7795170776835,5455.687069069684,5455.554391435744,0.2558046738150142,57,-0.401705920067985,-0.11024146115839627,-0.15646546515804166,-0.222804282128141,0.12790233690752512,77,0.9560185185185185,0.43534482758620685,0.968939393939394,0.7867675800147064,0.2485493920715791,9,0.73910919783678,0.7260579064587973,0.7266307334312825,0.7305992792422865,0.006021963608258236,15,0.9983870967741935,0.778846153846154,0.9919106317411402,0.9230479607871626,0.10200034965175372,9
0.061794281005859375,0.00638948527893538,6.430880069732666,2.5459135996914104,4,20,"[0, 5, 50, 95, 100]","{'clf__nstates': 4, 'clf__pew': np.int64(20), 'discretize__bins': [0, 5, 50, 95, 100]}",0.1,0.0020920502092050207,0.007142857142857143,0.03641163578402073,0.045011018728146134,2,5455.519310012435,5455.828791366438,5455.713917515485,5455.687339631452,0.1277353124201003,46,-0.2403449937826133,-0.08560431678114352,-0.14304124225758585,-0.1563301842737809,0.06386765621006532,52,0.9791666666666666,0.48599137931034486,0.8946969696969698,0.7866183385579938,0.2153542955169516,10,0.8217236255451705,0.7555066079295154,0.7929398352574705,0.7900566895773854,0.027109749196398455,4,0.9870967741935484,0.77262044653349,0.9573312645461598,0.9056828284243994,0.09487076998740215,10
0.0487823486328125,0.0030545414644272727,6.491548617680867,2.6237800071779462,3,10,"[0, 5, 95, 100]","{'clf__nstates': 3, 'clf__pew': np.int64(10), 'discretize__bins': [0, 5, 95, 100]}",0.02631578947368421,0.0022123893805309734,0.006622516556291391,0.011716898470168859,0.010478804617766483,44,1451.8117039173253,1451.8689981193918,1451.8558218968476,1451.8455079778548,0.024500871975637734,73,-0.09414804133739392,-0.06550094030409948,-0.07208905157616728,-0.07724601107255356,0.012250435987846076,16,0.9143518518518519,0.5140086206896552,0.8863636363636364,0.7715747029683812,0.18248479408225085,15,0.9415212187911506,0.7690631808278867,0.9266898857062792,0.8790914284417721,0.07803697228453305,1,0.9607508532423208,0.7905882352941177,0.9472868217054263,0.8995419700806216,0.0772377596742789,11
0.059078375498453774,0.0002650168334028646,6.592097679773967,2.7022554067614477,4,60,"[0, 5, 50, 95, 100]","{'clf__nstates': 4, 'clf__pew': np.int64(60), 'discretize__bins': [0, 5, 50, 95, 100]}",0.011235955056179775,0.001893939393939394,0.07142857142857142,0.028186155292896864,0.030813938719314694,15,5454.819711624001,5455.713772141992,5455.497840235592,5455.343774667195,0.3809096148098403,65,-0.5901441879998012,-0.14311392900400988,-0.2510798822041654,-0.3281126664026588,0.19045480740495857,108,0.7962962962962963,0.43211206896551724,0.9901515151515151,0.7395199601377763,0.2313290155249052,25,0.5538047611418133,0.7327188940092166,0.4954092448375558,0.5939776333295286,0.10095993311656551,48,0.9174757281553398,0.7778541953232462,1.0,0.8984433078261954,0.09168374774756807,12
0.06531405448913574,0.003095625111100915,6.846943219502767,2.7288110267233803,4,70,"[0, 5, 50, 95, 100]","{'clf__nstates': 4, 'clf__pew': np.int64(70), 'discretize__bins': [0, 5, 50, 95, 100]}",0.011235955056179775,0.001893939393939394,0.07142857142857142,0.028186155292896864,0.030813938719314694,15,5454.812330771875,5455.712054007145,5455.482320530747,5455.335568436589,0.3816871387892704,66,-0.5938346140626017,-0.1439729964275133,-0.2588397346268496,-0.33221578170565486,0.19084356939475833,109,0.7962962962962963,0.43211206896551724,0.9901515151515151,0.7395199601377763,0.2313290155249052,25,0.5233153163314403,0.7354312354312355,0.4427505710011054,0.5671657075879271,0.12344401009587525,57,0.9174757281553398,0.7778541953232462,0.9996165644171778,0.8983154959652547,0.0915422414688861,13
0.056415398915608726,0.0031351185699489497,6.490501960118611,2.5345368263777153,4,40,"[0, 5, 50, 95, 100]","{'clf__nstates': 4, 'clf__pew': np.int64(40), 'discretize__bins': [0, 5, 50, 95, 100]}",0.011235955056179775,0.0019047619047619048,0.07142857142857142,0.02818976279650437,0.030810860859418327,14,5454.844225739808,5455.75614034335,5455.577392992613,5455.392586358591,0.3945564429602863,62,-0.5778871300956436,-0.12192982832498664,-0.21130350369351295,-0.3037068207047144,0.19727822148005245,100,0.7962962962962963,0.43534482758620685,0.9901515151515152,0.7405975463446728,0.22989762678407902,24,0.6429855283534438,0.7280405405405406,0.6504461806692554,0.6738240831877466,0.03845762619784579,28,0.9158576051779935,0.7785419532324622,1.0,0.8981331861368186,0.09127443195215774,14
0.05462177594502767,0.0018955331682391486,6.465129613876343,2.553131293230824,4,50,"[0, 5, 50, 95, 100]","{'clf__nstates': 4, 'clf__pew': np.int64(50), 'discretize__bins': [0, 5, 50, 95, 100]}",0.011235955056179775,0.001893939393939394,0.07142857142857142,0.028186155292896864,0.030813938719314694,15,5454.836092033864,5455.717440166447,5455.527650180941,5455.360394127084,0.3787475618103672,64,-0.5819539830679472,-0.14127991677661753,-0.23617490952950346,-0.31980293645802277,0.1893737809050339,107,0.7962962962962963,0.43211206896551724,0.990151515151515,0.7395199601377763,0.23132901552490517,25,0.5940183490499449,0.7300683371298405,0.5631447714023089,0.6290771525273647,0.07251532699942202,39,0.9158576051779935,0.7778541953232463,1.0,0.8979039335004133,0.09157488876651854,15
0.45382507642110187,0.012608708758189308,6.330642779668172,2.4901571384995687,2,10,"[0, 95, 100]","{'clf__nstates': 2, 'clf__pew': np.int64(10), 'discretize__bins': [0, 95, 100]}",0.024390243902439025,0.0022675736961451248,0.007462686567164179,0.011373501388582776,0.009445421772466683,47,247.75843475951612,247.84563127542245,247.88601876309494,247.83002826601117,0.053241649857458426,108,-0.12078262024194045,-0.07718436228878194,-0.05699061845253624,-0.08498586699441953,0.02662082492872703,19,0.9085648148148148,0.5264008620689655,0.8992424242424242,0.7780693670420682,0.17799719855106988,13,0.9349236646901514,0.7668845315904139,0.9055925859204548,0.8691335940670067,0.07328588371783099,2,0.9623287671232876,0.7885747938751473,0.9403100775193799,0.8970712128392716,0.07724338318586434,16
0.05567208925882975,0.0011515072949450941,6.465238253275554,2.5283596499159167,4,80,"[0, 5, 50, 95, 100]","{'clf__nstates': 4, 'clf__pew': np.int64(80), 'discretize__bins': [0, 5, 50, 95, 100]}",0.011235955056179775,0.001893939393939394,0.023255813953488372,0.01212856946786918,0.008743759357028806,39,5454.808099133481,5455.706064136475,5455.423166105034,5455.312443124997,0.37485994751985446,67,-0.5959504332597014,-0.14696793176260825,-0.2884169474829387,-0.34377843750174947,0.1874299737599334,111,0.7962962962962964,0.43211206896551724,0.9681818181818181,0.7321967278145439,0.22349386272836383,36,0.4865330536235204,0.7376179245283019,0.3925459405748622,0.5388989729088948,0.1456601310227396,66,0.9174757281553397,0.7771664374140302,0.9869631901840491,0.8938684519178063,0.0872607089387028,17
0.05917588869730631,0.005961711913015547,6.439963658650716,2.511982752438839,4,100,"[0, 5, 50, 95, 100]","{'clf__nstates': 4, 'clf__pew': np.int64(100), 'discretize__bins': [0, 5, 50, 95, 100]}",0.010752688172043012,0.001893939393939394,0.02127659574468085,0.011307741103554418,0.007922663887873367,51,5454.7351664023745,5455.677574655183,5455.374218559318,5455.262319872291,0.3927885910249541,70,-0.6324167988128637,-0.16121267240863374,-0.3128907203407796,-0.36884006385409235,0.19639429551249085,117,0.787037037037037,0.43211206896551724,0.9651515151515152,0.7281002070513565,0.22156703311359238,39,0.3755501448112186,0.7433574879227054,0.32326716592728166,0.4807249328870686,0.18693184443116276,84,0.9158576051779935,0.7771664374140302,0.9858019953952417,0.8929420126624219,0.08670271929141038,18
0.05767289797465006,0.003652356110292529,6.466271718343099,2.548196822345013,4,90,"[0, 5, 50, 95, 100]","{'clf__nstates': 4, 'clf__pew': np.int64(90), 'discretize__bins': [0, 5, 50, 95, 100]}",0.01098901098901099,0.001893939393939394,0.022222222222222223,0.011701724201724203,0.008314274503500857,45,5454.75616309531,5455.683775915585,5455.3968481754755,5455.278929062123,0.38776717589740606,69,-0.6219184523452622,-0.15811204220734895,-0.30157591226242375,-0.3605354689383449,0.193883587948749,115,0.7916666666666666,0.43211206896551724,0.9666666666666667,0.7301484674329503,0.22252418761201198,37,0.41205634856864437,0.7392601431980907,0.3550436669888546,0.5021200529185299,0.16929102807213053,80,0.9158576051779935,0.7757909215955984,0.9861963190184049,0.8926149485973323,0.08745579313709376,19
0.05748454729715983,0.0007965711929220682,6.3495588302612305,2.5489424864240857,4,30,"[0, 20, 50, 80, 100]","{'clf__nstates': 4, 'clf__pew': np.int64(30), 'discretize__bins': [0, 20, 50, 80, 100]}",0.009009009009009009,0.0029585798816568047,0.02127659574468085,0.011081394878448886,0.007620521140682821,53,5455.654671842965,5455.881702350814,5455.804146491027,5455.780173561602,0.09422221564774866,38,-0.1726640785174285,-0.059148824593223306,-0.09792675448652231,-0.10991321919905804,0.047111107823936405,31,0.7453703703703703,0.6368534482758621,0.9651515151515151,0.7824584445992491,0.1365687839297541,12,0.5741686899744505,0.6526593981002906,0.6520214352621121,0.6262831744456178,0.036851425733770225,41,0.8719723183391004,0.8157015590200446,0.9830899308224442,0.8902546027271964,0.06954805626567387,20
0.0629127820332845,0.004510744689356184,6.46978219350179,2.4773501819130224,4,40,"[0, 20, 50, 80, 100]","{'clf__nstates': 4, 'clf__pew': np.int64(40), 'discretize__bins': [0, 20, 50, 80, 100]}",0.008620689655172414,0.0029239766081871343,0.041666666666666664,0.017737110976675404,0.017079829459047454,31,5455.60856021384,5455.880785284925,5455.775060904437,5455.754802134401,0.11205485458569685,40,-0.19571989308018586,-0.05960735753742391,-0.11246954778172304,-0.12259893279977759,0.05602742729296608,37,0.7337962962962963,0.6325431034482758,0.9825757575757577,0.7829717191067767,0.14707000916870502,11,0.48093672673746035,0.620075585024717,0.6520876782394921,0.5843666633338898,0.07429449224204052,51,0.8615916955017301,0.8145879732739421,0.9931192660550459,0.8897663116102393,0.07555886169148505,21
0.05747596422831217,0.002297145975361325,6.522641499837239,2.5390432220842656,4,50,"[0, 20, 50, 80, 100]","{'clf__nstates': 4, 'clf__pew': np.int64(50), 'discretize__bins': [0, 20, 50, 80, 100]}",0.008620689655172414,0.0028011204481792717,0.025,0.012140603367783895,0.009398223511112224,38,5455.605647335426,5455.87551101776,5455.75347454998,5455.744877634388,0.11033896857417391,41,-0.19717633228715187,-0.062244491119835745,-0.12326272500993488,-0.12756118280564085,0.05516948428715857,40,0.7337962962962963,0.6163793103448275,0.9704545454545455,0.7735433840318896,0.14725757765923,14,0.40641144614268165,0.5845372813883795,0.5657193531090485,0.5188893602133698,0.07990406527601857,74,0.8633217993079585,0.8079064587973274,0.9881498470948011,0.886459368400029,0.07538094402812172,22
0.059939066569010414,0.0008456180638163403,6.362417221069336,2.4576668210642096,4,70,"[0, 20, 50, 80, 100]","{'clf__nstates': 4, 'clf__pew': np.int64(70), 'discretize__bins': [0, 20, 50, 80, 100]}",0.008620689655172414,0.0026954177897574125,0.02564102564102564,0.012319044361985157,0.009725691083211807,37,5455.596940187104,5455.868134186452,5455.708759989135,5455.72461145423,0.11128042064929394,43,-0.20152990644785035,-0.06593290677371877,-0.14562000543285183,-0.13769427288480698,0.055640210324752026,44,0.7337962962962963,0.6012931034482758,0.9712121212121213,0.7687671736522311,0.15302993524824904,17,0.30797076617937985,0.49307307087765473,0.4340227572296097,0.4116888647622147,0.07720024985154784,101,0.8615916955017301,0.8045657015590201,0.9885321100917431,0.8848965023841644,0.0768905949384269,23
0.0590815544128418,0.0015786691492600383,6.64936367670695,2.640469888572062,4,60,"[0, 20, 50, 80, 100]","{'clf__nstates': 4, 'clf__pew': np.int64(60), 'discretize__bins': [0, 20, 50, 80, 100]}",0.008620689655172414,0.002717391304347826,0.02564102564102564,0.012326368866848627,0.009718446261802533,36,5455.599931730014,5455.871041386527,5455.731598826323,5455.734190647621,0.11069522608482638,42,-0.200034134993274,-0.06447930673639432,-0.13420058683849803,-0.13290467618938875,0.05534761304245434,43,0.7337962962962963,0.6045258620689655,0.9712121212121212,0.7698447598591276,0.15185370581589586,16,0.3364567462212694,0.5555235633646262,0.4944223802721194,0.46213422995267167,0.09230189987795002,89,0.8615916955017301,0.8010033444816054,0.9885321100917431,0.8837090500250261,0.07813937339202463,24
0.04857548077901205,0.0008376456980894944,6.459226528803508,2.4828453059083007,3,80,"[0, 5, 95, 100]","{'clf__nstates': 3, 'clf__pew': np.int64(80), 'discretize__bins': [0, 5, 95, 100]}",0.00909090909090909,0.0024630541871921183,0.017543859649122806,0.009699274309074671,0.006171723396489015,61,1450.454352587718,1451.624351771893,1451.4403194986787,1451.1730079527633,0.5136899970977377,98,-0.7728237061410248,-0.18782411405343696,-0.279840250660658,-0.4134960236183732,0.25684499854887094,121,0.7488425925925926,0.5635775862068966,0.9575757575757576,0.7566653121250823,0.1609441641608762,19,0.3913708088986111,0.6805905613245062,0.4179679278395182,0.49664309935421186,0.13052293095588954,81,0.8725490196078431,0.801549463647199,0.9766104294478528,0.8835696375676316,0.0718919372017295,25
0.07870801289876302,0.003748273836310409,6.473503986994426,2.5019423050310627,5,20,"[0, 5, 20, 80, 95, 100]","{'clf__nstates': 5, 'clf__pew': np.int64(20), 'discretize__bins': [0, 5, 20, 80, 95, 100]}",0.014492753623188406,0.025,0.00141643059490085,0.013636394739363086,0.009646975324757223,34,15619.74620140021,15619.883732622602,15619.847241165548,15619.825725062787,0.05817167862832672,4,-0.12689929989500165,-0.058133688699034236,-0.07637941722599148,-0.08713746860667577,0.029085839314241586,21,0.8425925925925927,0.9579741379310346,0.46590909090909094,0.7554919404775727,0.2101140885714603,20,0.7002610443669881,0.9228059594909006,0.5759967244175405,0.7330212427584764,0.1434668006474658,13,0.9306451612903226,0.9778617710583153,0.7300232738557021,0.87951006873478,0.10744635387612542,26
0.04669682184855143,0.001509606251313576,6.400980631510417,2.5549024051836526,3,20,"[0, 5, 95, 100]","{'clf__nstates': 3, 'clf__pew': np.int64(20), 'discretize__bins': [0, 5, 95, 100]}",0.01694915254237288,0.002079002079002079,0.009009009009009009,0.009345721210127991,0.00607538064819034,63,1451.3749641462882,1451.8098406486554,1451.7890196829749,1451.6579414926393,0.20027566346408943,79,-0.31251792685593677,-0.09507967567226422,-0.10549015851259039,-0.17102925368026378,0.10013783173207311,62,0.8668981481481481,0.48275862068965514,0.9166666666666667,0.7554411451681565,0.19388320492134514,21,0.6752171142053575,0.7466960352422908,0.8943650704906156,0.7720927399794212,0.09125130554182079,8,0.9090909090909091,0.7626025791324736,0.9648377125193199,0.8788437335809008,0.08528747861887975,27
0.045624494552612305,0.0015143425145236178,6.381951093673706,2.477298427177036,3,30,"[0, 5, 95, 100]","{'clf__nstates': 3, 'clf__pew': np.int64(30), 'discretize__bins': [0, 5, 95, 100]}",0.011363636363636364,0.002074688796680498,0.014925373134328358,0.009454566098215073,0.005417160015186543,62,1450.9018717685071,1451.757355527653,1451.7209133715244,1451.4600468892284,0.3949697091590771,85,-0.5490641157464891,-0.1213222361734827,-0.1395433142377627,-0.2699765553859115,0.19748485457956924,89,0.7997685185185185,0.4816810344827587,0.95,0.7438165176670924,0.19524110421944668,23,0.6329468991978578,0.7488864142538976,0.7869373349561124,0.7229235494692894,0.0654920673930422,18,0.8925081433224755,0.7617096018735363,0.9754412893323101,0.8765530115094405,0.08798194219790115,28
0.04759629567464193,0.0020926808144710388,6.401778062184651,2.4544368156939815,3,40,"[0, 5, 95, 100]","{'clf__nstates': 3, 'clf__pew': np.int64(40), 'discretize__bins': [0, 5, 95, 100]}",0.00909090909090909,0.002150537634408602,0.023809523809523808,0.011683656844947168,0.00903030734879347,46,1450.4858961882107,1451.7356526849424,1451.6225167926739,1451.2813552219422,0.56436763330813,94,-0.7570519058946359,-0.13217365752885812,-0.18874160366311055,-0.3593223890288682,0.2821838166540499,113,0.7488425925925926,0.5,0.968939393939394,0.7392606621773288,0.19156356445476744,29,0.6676806486665052,0.7612612612612613,0.6810177231559629,0.7033198776945765,0.041330959632383764,21,0.8725490196078431,0.7710280373831776,0.9850574712643678,0.8762115094184629,0.08741552118316047,29
0.05855274200439453,0.0017892937748380962,6.390155712763469,2.4859571577625807,4,80,"[0, 20, 50, 80, 100]","{'clf__nstates': 4, 'clf__pew': np.int64(80), 'discretize__bins': [0, 20, 50, 80, 100]}",0.008547008547008548,0.002680965147453083,0.01098901098901099,0.007405661561157541,0.003486441464964938,79,5455.591089323861,5455.865375492804,5455.631094151715,5455.695852989459,0.12097797573086004,45,-0.20445533806973942,-0.06731225359804188,-0.1844529241427441,-0.15207350527017513,0.0604889878655432,51,0.7314814814814814,0.5991379310344828,0.9318181818181819,0.7541458647780486,0.13675840746376197,22,0.2911910777446409,0.4435763013744666,0.36764290239055686,0.36747009383655477,0.062211127044793986,113,0.8615916955017301,0.794314381270903,0.9667431192660549,0.8742163986795627,0.07095752142137092,30
0.08435479799906413,0.0068808031794946435,6.4237895011901855,2.5045255463614833,5,50,"[0, 5, 25, 75, 95, 100]","{'clf__nstates': 5, 'clf__pew': np.int64(50), 'discretize__bins': [0, 5, 25, 75, 95, 100]}",0.0072992700729927005,0.0016260162601626016,0.07692307692307693,0.028616121085410742,0.03423660749288565,8,15618.740097190144,15619.66426315627,15619.806407588565,15619.40358931166,0.4727350254232771,25,-0.6299514049275851,-0.16786842186469975,-0.09679620571729247,-0.2982053441698591,0.2363675127116352,97,0.6851851851851851,0.33836206896551724,0.9909090909090909,0.6714854483532644,0.26657727591801544,58,0.4418107940618712,0.6725559481743227,0.6495969513419487,0.5879878978593808,0.10378692319638405,50,0.8948220064724919,0.7246932515337423,1.0,0.8731717526687447,0.11343133475100203,31
0.07899022102355957,0.0041146748685946975,6.428896427154541,2.5809567989047597,5,60,"[0, 5, 25, 75, 95, 100]","{'clf__nstates': 5, 'clf__pew': np.int64(60), 'discretize__bins': [0, 5, 25, 75, 95, 100]}",0.006756756756756757,0.0016233766233766235,0.07692307692307693,0.028434403434403437,0.0343506573485558,10,15618.7177910508,15619.63463712744,15619.784070977015,15619.378833051751,0.47139156697053136,26,-0.6411044746004211,-0.18268143628011005,-0.10796451149243835,-0.31058347412432313,0.2356957834854387,102,0.6597222222222222,0.33728448275862066,0.9909090909090909,0.6626385986299779,0.2668490972234778,61,0.36418348333732536,0.6775923718712753,0.5816102786431471,0.5411287112839159,0.13111153222839564,65,0.8754045307443366,0.728177641653905,1.0,0.8678607241327473,0.1110991460748852,32
0.057021697362264,0.0020998874077589745,6.360792795817058,2.5292596924133632,4,40,"[0, 25, 50, 75, 100]","{'clf__nstates': 4, 'clf__pew': np.int64(40), 'discretize__bins': [0, 25, 50, 75, 100]}",0.007936507936507936,0.0013192612137203166,0.1,0.03641858971674276,0.045039936269592865,1,5455.105203830671,5455.748049184766,5455.832467038067,5455.561906684502,0.3247714232213183,56,-0.4473980846646209,-0.1259754076167506,-0.08376648096665903,-0.2190466577493435,0.16238571161059842,76,0.7106481481481481,0.1842672413793104,0.9931818181818183,0.6293657359030923,0.3352022484472884,85,0.6401525900141571,0.59953434225844,0.6651848075369973,0.6349572466031982,0.027052290016325888,37,0.903061224489796,0.6979166666666667,1.0,0.8669926303854876,0.12593461975681522,33
0.056281089782714844,0.00082136034442228,6.408746957778931,2.5311494186102084,4,90,"[0, 20, 50, 80, 100]","{'clf__nstates': 4, 'clf__pew': np.int64(90), 'discretize__bins': [0, 20, 50, 80, 100]}",0.008547008547008548,0.002380952380952381,0.010638297872340425,0.007188752933433785,0.0035051944667775694,80,5455.583332799994,5455.780939086859,5455.619728810809,5455.661333565888,0.08586919465458616,50,-0.2083336000027358,-0.10953045657048269,-0.1901355945955504,-0.16933321705625629,0.042934597327323264,60,0.7314814814814815,0.5484913793103448,0.9295454545454547,0.736506105112427,0.15560524240375215,34,0.29123063207570954,0.3625079203498457,0.336895345743146,0.3302112993895671,0.029480166357187455,118,0.8615916955017301,0.7744988864142539,0.963302752293578,0.8664644447365207,0.07715582806491164,34
0.05756982167561849,0.0010415430594879669,6.41280460357666,2.5056610236238033,4,10,"[0, 5, 50, 95, 100]","{'clf__nstates': 4, 'clf__pew': np.int64(10), 'discretize__bins': [0, 5, 50, 95, 100]}",0.03125,0.002331002331002331,0.002173913043478261,0.011918305124826863,0.013669722975031601,41,5455.826760113708,5455.874013392623,5455.778701418734,5455.826491641688,0.03891141348895733,35,-0.086619943146127,-0.06299330368853208,-0.11064929063292064,-0.08675417915585992,0.019455706744477573,20,0.9282407407407407,0.5387931034482759,0.6522727272727272,0.7064355238205814,0.1635391328206269,48,0.9374930498450359,0.7805010893246187,0.7783182209411716,0.832104120036942,0.07452655510248839,3,0.9634551495016611,0.8018757327080891,0.8299689440993788,0.865099942103043,0.07048695977927552,35
0.060099124908447266,0.00420909402633198,6.558043400446574,2.6588295280246976,4,40,"[0, 10, 50, 90, 100]","{'clf__nstates': 4, 'clf__pew': np.int64(40), 'discretize__bins': [0, 10, 50, 90, 100]}",0.008333333333333333,0.0021551724137931034,0.09090909090909091,0.033799198885405786,0.04046148162804277,3,5455.5802677321435,5455.858542747339,5455.686268656519,5455.708359712,0.114674196660879,44,-0.20986613392805026,-0.07072862633058297,-0.15686567174030247,-0.14582014399964524,0.0573370983303192,48,0.724537037037037,0.5010775862068966,0.9924242424242424,0.7393462885560588,0.20086458057093573,28,0.4403998242019654,0.767454954954955,0.6676421163826243,0.6251656318465149,0.13685625900160975,42,0.8129032258064516,0.7774532710280374,1.0,0.8634521656114963,0.09763250186486934,36
0.04863222440083822,0.004285233412169269,6.423112074534099,2.4923560993148035,2,30,"[0, 50, 100]","{'clf__nstates': 2, 'clf__pew': np.int64(30), 'discretize__bins': [0, 50, 100]}",0.03125,0.002127659574468085,0.0019083969465648854,0.011762018840344326,0.01378037436076683,43,247.47257714610237,247.78877512503794,247.88996811205257,247.71710679439764,0.17777526417134729,114,-0.26371142694881283,-0.10561243748103083,-0.055015943973720755,-0.14144660280118815,0.0888876320856695,45,0.9293981481481481,0.49461206896551724,0.6053030303030302,0.6764377491388984,0.18449000845690763,57,0.6699323401187924,0.7639198218262806,0.536405059207785,0.6567524070509526,0.0933488967229649,31,0.9638157894736842,0.8255494505494505,0.7999999999999999,0.8631217466743782,0.07196138453965456,37
0.039345900217692055,0.0007165050281000335,6.37799056371053,2.4845175016571726,2,20,"[0, 95, 100]","{'clf__nstates': 2, 'clf__pew': np.int64(20), 'discretize__bins': [0, 95, 100]}",0.010752688172043012,0.002109704641350211,0.007575757575757576,0.006812716796383599,0.003569497116887054,82,247.23175430671458,247.81576056479727,247.84714906392608,247.631554645146,0.28299180485988895,115,-0.38412284664270735,-0.09211971760136767,-0.07642546803696168,-0.18422267742701223,0.14149590242994112,67,0.787037037037037,0.49084051724137934,0.9007575757575759,0.7262117100119974,0.17278655237299761,41,0.6053416694636248,0.7544052863436123,0.8608600009634066,0.7402023189235479,0.10479725710710709,11,0.8571428571428572,0.7717647058823529,0.9596899224806201,0.8628658285019434,0.07682680113631832,38
0.07869418462117513,0.006164372045664561,6.401700973510742,2.5360204287236234,5,70,"[0, 5, 25, 75, 95, 100]","{'clf__nstates': 5, 'clf__pew': np.int64(70), 'discretize__bins': [0, 5, 25, 75, 95, 100]}",0.006622516556291391,0.0016233766233766235,0.07692307692307693,0.028389656700914978,0.034378942284126336,11,15618.7051832165,15619.62946680033,15619.773375139666,15619.369341718833,0.47329151671941133,27,-0.6474083917499336,-0.18526659983497845,-0.11331243016654732,-0.31532914058381983,0.2366457583596961,104,0.6527777777777778,0.33728448275862066,0.990909090909091,0.6603237838151631,0.2668944719676064,65,0.30134498063181775,0.6785283474065138,0.4984403525142592,0.49277122685086355,0.15403663478150093,83,0.86084142394822,0.7266462480857581,1.0,0.8624958906779927,0.11160233380629687,39
0.05887087186177572,0.0029396399399414363,6.465818405151367,2.499268492926424,4,30,"[0, 25, 50, 75, 100]","{'clf__nstates': 4, 'clf__pew': np.int64(30), 'discretize__bins': [0, 25, 50, 75, 100]}",0.0078125,0.001321003963011889,0.0625,0.023877834654337297,0.027438277669347737,22,5455.4349254782655,5455.764211909007,5455.862318592736,5455.687151993337,0.1827929457549015,47,-0.2825372608670216,-0.1178940454967384,-0.06884070363193989,-0.15642400333189996,0.09139647287729846,53,0.7060185185185186,0.18534482758620685,0.9886363636363636,0.6266665699136964,0.3327079517965587,86,0.6327090316989635,0.596662830840046,0.6804652029960693,0.6366123551783596,0.03432332875642803,36,0.8944636678200691,0.6948955916473317,0.9969395562356541,0.8620996052343517,0.1254145487210239,40
0.058177789052327476,0.000529991482124656,6.60368553797404,2.6668775521929775,4,60,"[0, 10, 50, 90, 100]","{'clf__nstates': 4, 'clf__pew': np.int64(60), 'discretize__bins': [0, 10, 50, 90, 100]}",0.008333333333333333,0.0021413276231263384,0.07692307692307693,0.029132579293178865,0.03388740160653394,4,5455.569405076095,5455.8079978458045,5455.624801554166,5455.667401492022,0.1019565053292016,49,-0.21529746195241747,-0.09600107709785971,-0.1875992229167927,-0.1662992539890233,0.05097825266447544,59,0.724537037037037,0.49784482758620685,0.9909090909090909,0.7377636518441116,0.20150980033400462,30,0.3420916176572234,0.7672811059907834,0.520510576201165,0.5432944332830573,0.17432891011912835,63,0.8129032258064516,0.7716627634660421,0.9973262032085563,0.8606307308270167,0.09811365199169744,41
0.06135932604471842,0.00321582718803622,6.624021291732788,2.5230636689150083,4,70,"[0, 10, 50, 90, 100]","{'clf__nstates': 4, 'clf__pew': np.int64(70), 'discretize__bins': [0, 10, 50, 90, 100]}",0.008333333333333333,0.0021413276231263384,0.07692307692307693,0.029132579293178865,0.03388740160653394,4,5455.568098822517,5455.80575524149,5455.605598571361,5455.659817545123,0.10432294796018142,51,-0.21595058874142342,-0.09712237925506254,-0.1972007143195875,-0.17009122743869118,0.052161473979957886,61,0.724537037037037,0.49784482758620685,0.990909090909091,0.7377636518441116,0.20150980033400467,30,0.29724100283518373,0.7703962703962703,0.4641667083984167,0.5106013272099569,0.1959355458194193,78,0.8129032258064516,0.7716627634660422,0.9973262032085561,0.8606307308270166,0.09811365199169736,42
0.05730287233988444,0.0006865976660597921,6.4454967975616455,2.632719599870701,4,100,"[0, 25, 50, 75, 100]","{'clf__nstates': 4, 'clf__pew': np.int64(100), 'discretize__bins': [0, 25, 50, 75, 100]}",0.01098901098901099,0.0015723270440251573,0.018518518518518517,0.010359952183851556,0.006932538621496426,56,5454.800234478673,5455.373601111238,5455.731819821533,5455.301885137148,0.3836840700911386,68,-0.5998827606634781,-0.3131994443810274,-0.13409008923367743,-0.349057431426061,0.19184203504553587,112,0.7916666666666666,0.3157327586206896,0.9598484848484848,0.689082636711947,0.2727805951001685,54,0.2707677629898281,0.2631292992209254,0.34172939697934923,0.2918754863967009,0.03538969560455164,125,0.9358552631578947,0.6631403118040089,0.9809014514896868,0.8599656754838634,0.14038627096119732,43
0.05863340695699056,0.0017321494260037014,6.351468404134114,2.5308090160740817,4,90,"[0, 10, 50, 90, 100]","{'clf__nstates': 4, 'clf__pew': np.int64(90), 'discretize__bins': [0, 10, 50, 90, 100]}",0.008333333333333333,0.002136752136752137,0.06666666666666667,0.025712250712250712,0.029069428893105164,19,5455.535984866951,5455.797006666125,5455.521734549395,5455.61824202749,0.12653949293184924,54,-0.2320075665242737,-0.10149666693760018,-0.23913272530265517,-0.190878986254843,0.06326974646596617,69,0.7245370370370371,0.4967672413793104,0.9893939393939394,0.7368994059367623,0.20130389468464305,33,0.19555679548942168,0.7219400283013394,0.3670852238346575,0.42819401587513956,0.21919632036885192,98,0.814516129032258,0.7704918032786885,0.9938884644766998,0.8596321322625488,0.09661989915544128,44
0.05844505627950033,0.0015786170500165964,6.425069252649943,2.520146489164558,4,50,"[0, 10, 50, 90, 100]","{'clf__nstates': 4, 'clf__pew': np.int64(50), 'discretize__bins': [0, 10, 50, 90, 100]}",0.008333333333333333,0.0021413276231263384,0.05555555555555555,0.022010072170671743,0.023854556871772542,26,5455.573492972684,5455.812985648264,5455.658166953295,5455.681548524748,0.0991605056688867,48,-0.21325351365798625,-0.09350717586831958,-0.17091652335255028,-0.15922573762628536,0.04958025283438503,55,0.724537037037037,0.49784482758620685,0.9871212121212121,0.7365010255814853,0.19992531585958181,35,0.3762951606980201,0.7642369020501139,0.5788515121902363,0.5731278583127901,0.15842825680436617,55,0.8129032258064516,0.7716627634660421,0.9938837920489297,0.8594832604404745,0.09651535665716351,45
0.057999372482299805,0.001710192704745223,6.405168930689494,2.4986824227699067,4,80,"[0, 10, 50, 90, 100]","{'clf__nstates': 4, 'clf__pew': np.int64(80), 'discretize__bins': [0, 10, 50, 90, 100]}",0.008333333333333333,0.002145922746781116,0.0625,0.024326418693371484,0.027110732742734664,21,5455.562699281883,5455.804457665298,5455.531519540734,5455.632892162638,0.12198110602798784,52,-0.2186503590581625,-0.0977711673507303,-0.23424022963323335,-0.1835539186807087,0.060990553014066855,66,0.7245370370370371,0.4989224137931034,0.9886363636363636,0.7373652714888347,0.20013055883120318,32,0.28601342368572236,0.7512413732575581,0.40486890227426947,0.4807078997391834,0.1973540412863239,85,0.8122977346278317,0.7716627634660422,0.994270435446906,0.8594103111802599,0.09679269964978854,46
0.047774155934651695,0.00244854610354801,6.488742431004842,2.614176572956247,3,50,"[0, 5, 95, 100]","{'clf__nstates': 3, 'clf__pew': np.int64(50), 'discretize__bins': [0, 5, 95, 100]}",0.00909090909090909,0.0017513134851138354,0.023255813953488372,0.011366012176503765,0.008925355478864394,48,1450.467319313969,1451.7022377746864,1451.542129864282,1451.2372289843124,0.5483182233641373,95,-0.7663403430155196,-0.14888111265678233,-0.2289350678590063,-0.3813855078437694,0.27415911168208135,118,0.7488425925925926,0.3857758620689655,0.9681818181818181,0.7009334242811254,0.24016749812738866,50,0.59262056616869,0.7107061503416856,0.5820646773373304,0.6284637979492353,0.058313578136016696,40,0.8725490196078431,0.7158693115519253,0.9850460122699386,0.8578214478099023,0.11038327192304802,47
0.08059414227803548,0.0011987589002262929,6.491630554199219,2.565605348165155,5,40,"[0, 5, 25, 75, 95, 100]","{'clf__nstates': 5, 'clf__pew': np.int64(40), 'discretize__bins': [0, 5, 25, 75, 95, 100]}",0.005714285714285714,0.0016286644951140066,0.07692307692307693,0.028088675710825548,0.03457139599443439,18,15618.938129635364,15619.695415807093,15619.818672545767,15619.484072662739,0.389305704867556,24,-0.5309351823175422,-0.15229209645367944,-0.0906637271163899,-0.2579636686292039,0.1946528524335402,86,0.5972222222222222,0.3394396551724138,0.990909090909091,0.6425236561012423,0.26788339672126943,76,0.5123207643365448,0.670547147846333,0.7278210363398848,0.6368963161742541,0.09113863309100524,35,0.8469055374592833,0.7246932515337423,1.0,0.8571995963310085,0.11262896955285447,48
0.05787920951843262,0.0008358623068616611,6.365970929463704,2.5463894849901942,4,30,"[0, 10, 50, 90, 100]","{'clf__nstates': 4, 'clf__pew': np.int64(30), 'discretize__bins': [0, 10, 50, 90, 100]}",0.008264462809917356,0.002173913043478261,0.014925373134328358,0.008454582995907992,0.005207497343636803,67,5455.680326419792,5455.873687933095,5455.726558093809,5455.760190815566,0.08244407674808776,39,-0.1598367901038054,-0.06315603345247908,-0.13672095309526236,-0.11990459221718226,0.04122203837394597,34,0.7222222222222222,0.5053879310344828,0.95,0.7258700510855682,0.18153044365250262,42,0.49328694669554835,0.7678173719376391,0.714387592669145,0.6584973037674441,0.11884031832964626,30,0.8080645161290323,0.7809579439252337,0.9803240740740741,0.8564488447094467,0.08828928172684845,49
0.0758820374806722,0.004688420582493169,6.203419844309489,2.332248583749975,5,100,"[0, 5, 25, 75, 95, 100]","{'clf__nstates': 5, 'clf__pew': np.int64(100), 'discretize__bins': [0, 5, 25, 75, 95, 100]}",0.006535947712418301,0.002012072434607646,0.07692307692307693,0.028490365690034294,0.034296860885701747,9,15618.642272034838,15619.465301158529,15619.69194283845,15619.26650534394,0.4509930013592221,30,-0.6788639825806456,-0.26734942073604995,-0.15402858077500972,-0.3667473280305684,0.22549650067945337,116,0.6481481481481481,0.4655172413793104,0.990909090909091,0.7015248268121832,0.21778575291171465,49,0.19649295941698128,0.38271191702806806,0.3532441399452758,0.31081633879677506,0.0817290799987474,123,0.854368932038835,0.7101449275362319,1.0,0.854837953191689,0.1183333025649033,50
0.06501380602518718,0.005766082011100177,6.50924293200175,2.575833691061907,4,100,"[0, 10, 50, 90, 100]","{'clf__nstates': 4, 'clf__pew': np.int64(100), 'discretize__bins': [0, 10, 50, 90, 100]}",0.007874015748031496,0.0021008403361344537,0.058823529411764705,0.022932795165310216,0.025487787822750838,23,5455.521648605913,5455.788793358917,5455.510960986101,5455.607134316977,0.12852642255792546,55,-0.23917569704383435,-0.10560332054118797,-0.24451950694939154,-0.1964328415114713,0.06426321127905678,71,0.7083333333333334,0.4881465517241379,0.9878787878787878,0.7281195576454197,0.20449400637904255,38,0.11796104356543198,0.6900749729432322,0.3359809018215644,0.3813389727767429,0.23575637566155433,109,0.8048387096774194,0.7622950819672132,0.9938884644766998,0.8536740853737775,0.10065632666024084,51
0.06293622652689616,0.004641496632634202,6.401546239852905,2.4752174846026715,4,20,"[0, 10, 50, 90, 100]","{'clf__nstates': 4, 'clf__pew': np.int64(20), 'discretize__bins': [0, 10, 50, 90, 100]}",0.00980392156862745,0.0024390243902439024,0.005208333333333333,0.005817093097401562,0.003037363873471182,85,5455.823784565925,5455.914631287775,5455.755293296574,5455.831236383424,0.06526252650144691,34,-0.08810771703758503,-0.0426843561126556,-0.12235335171319944,-0.08438180828781335,0.032631263250739444,18,0.7662037037037037,0.5592672413793104,0.8553030303030302,0.7269246584620147,0.1240065310840422,40,0.5912374539184438,0.7627986348122867,0.7356331989916344,0.6965564292407883,0.07529300608530626,24,0.8435483870967742,0.778648974668275,0.9344961240310077,0.852231161932019,0.06391987914700793,52
0.042401631673177086,0.0005660243304912229,6.42938772837321,2.4993303788902623,2,30,"[0, 95, 100]","{'clf__nstates': 2, 'clf__pew': np.int64(30), 'discretize__bins': [0, 95, 100]}",0.0056179775280898875,0.0020964360587002098,0.007751937984496124,0.005155450523762073,0.0023318982153987295,88,246.55609726858643,247.7981294295432,247.81759517042562,247.39060728951844,0.5901412034668505,123,-0.7219513657067833,-0.10093528522840767,-0.09120241478718773,-0.3046963552407929,0.29507060173342325,101,0.5914351851851851,0.4876077586206896,0.9030303030303031,0.6606910822787259,0.1765243270536437,64,0.7978723404255319,0.7611358574610245,0.7638274707993387,0.7742785562286317,0.01671947337962874,7,0.8111111111111111,0.7758823529411765,0.9608527131782946,0.8492820590768607,0.08019257859683893,53
0.08224169413248698,0.008479884163629053,6.554023186365764,2.665419869094782,5,30,"[0, 5, 25, 75, 95, 100]","{'clf__nstates': 5, 'clf__pew': np.int64(30), 'discretize__bins': [0, 5, 25, 75, 95, 100]}",0.005025125628140704,0.0016286644951140066,0.022727272727272728,0.00979368761684248,0.009249944321043146,60,15619.476391100836,15619.706136123194,15619.862917252685,15619.681814825572,0.15873302671341574,16,-0.26180444958209764,-0.14693193840293733,-0.068541373657616,-0.159092587214217,0.07936651335662687,54,0.5416666666666667,0.3394396551724138,0.9674242424242424,0.616176854754441,0.2617313973690318,94,0.5426000378511835,0.6685845799769851,0.7887564730253269,0.6666470302844985,0.10050228262256439,29,0.8281786941580755,0.7246932515337423,0.9881316998468606,0.8470012151795595,0.1083687208426522,54
0.04085270563761393,0.0016038567124890615,6.396852572758992,2.5368149365872164,2,20,"[0, 50, 100]","{'clf__nstates': 2, 'clf__pew': np.int64(20), 'discretize__bins': [0, 50, 100]}",0.030303030303030304,0.0022123893805309734,0.0014684287812041115,0.01132794948825513,0.01342084543508777,49,247.67752631517163,247.87007762516333,247.90168724743086,247.8164303959219,0.09906411994861354,110,-0.16123684241418995,-0.06496118741832858,-0.04915637628457392,-0.09178480203903082,0.04953205997431,27,0.9259259259259259,0.5140086206896552,0.4863636363636364,0.6420993943264058,0.20101274639427966,77,0.8094689705040998,0.7659691629955947,0.5788468022929077,0.718094978597534,0.10005198404310457,19,0.9636963696369637,0.831275720164609,0.743798449612403,0.8462568464713254,0.0903957942120663,55
0.06449429194132487,0.010964622119990776,6.723708470662435,2.6586291389780246,4,70,"[0, 25, 50, 75, 100]","{'clf__nstates': 4, 'clf__pew': np.int64(70), 'discretize__bins': [0, 25, 50, 75, 100]}",0.0125,0.0013192612137203166,0.03225806451612903,0.01535910857661645,0.01279148841576422,32,5454.945071540331,5455.700110103706,5455.791709899842,5455.47896384796,0.3793664699398606,60,-0.5274642298343629,-0.1499449481472647,-0.10414505007905482,-0.2605180760202275,0.18968323496975098,87,0.8171296296296295,0.1842672413793104,0.9772727272727273,0.6595565327605557,0.3423802815651494,66,0.49052710095226604,0.12980352980352983,0.45632778376709365,0.3588861381742965,0.16258644760546834,114,0.9467741935483872,0.5943905070118662,0.9912146676852559,0.8441264560818365,0.17751952405071109,56
0.05903053283691406,0.0021678183924611445,6.575376907984416,2.6504166039102426,4,60,"[0, 25, 50, 75, 100]","{'clf__nstates': 4, 'clf__pew': np.int64(60), 'discretize__bins': [0, 25, 50, 75, 100]}",0.012195121951219513,0.0013192612137203166,0.03225806451612903,0.015257482560356287,0.01281498931776323,33,5454.958513054151,5455.710661962893,5455.802737516883,5455.490637511309,0.3781417770625229,59,-0.5207434729244182,-0.14466901855358608,-0.09863124155838303,-0.2546812443454624,0.1890708885311986,85,0.8124999999999999,0.1842672413793104,0.9772727272727273,0.6580133228840125,0.34167628463114813,67,0.549068575740715,0.14086021505376342,0.5086603866295645,0.3995297258080143,0.18364938021892563,105,0.9467741935483871,0.5943905070118662,0.991214667685256,0.8441264560818365,0.17751952405071109,56
0.041757663091023765,0.0007895967013590207,6.392639636993408,2.542398377836557,2,40,"[0, 50, 100]","{'clf__nstates': 2, 'clf__pew': np.int64(40), 'discretize__bins': [0, 50, 100]}",0.02040816326530612,0.002074688796680498,0.001949317738791423,0.008144056600259348,0.008672184026886291,72,247.33382926397354,247.72098840654846,247.74288051516976,247.59923272856392,0.18788128409078544,116,-0.33308536801322364,-0.1395057967257643,-0.12855974241511403,-0.20038363571803397,0.09394064204539325,73,0.888888888888889,0.4816810344827587,0.6136363636363636,0.6614020956693372,0.16963830746619982,63,0.4803631569290673,0.7556306306306306,0.4572931110132275,0.5644289661909752,0.1355276456865553,58,0.9147540983606557,0.812242090784044,0.800462249614792,0.8424861462531639,0.051326950950751335,58
0.07761677106221516,0.003822689829377781,6.443294048309326,2.556348173496071,5,80,"[0, 5, 25, 75, 95, 100]","{'clf__nstates': 5, 'clf__pew': np.int64(80), 'discretize__bins': [0, 5, 25, 75, 95, 100]}",0.006756756756756757,0.0014577259475218659,0.07692307692307693,0.02837918654245185,0.03439381632254954,12,15618.686471404659,15619.577759901498,15619.703802707647,15619.322678004602,0.452799312133829,28,-0.6567642976708039,-0.21112004925056427,-0.14809864617609553,-0.3386609976991546,0.22639965606718357,110,0.6597222222222222,0.2618534482758621,0.9909090909090909,0.6374949204690584,0.29805041209081523,79,0.23491887161454839,0.6336996336996337,0.42446956417312554,0.4310293564957692,0.1628676297053889,96,0.8592233009708737,0.6679447852760736,1.0,0.8423893620823159,0.13608257916969876,59
0.06017820040384928,0.001952934402649573,6.459927956263225,2.549705620706625,4,80,"[0, 25, 50, 75, 100]","{'clf__nstates': 4, 'clf__pew': np.int64(80), 'discretize__bins': [0, 25, 50, 75, 100]}",0.012658227848101266,0.0013157894736842105,0.02,0.011324672440595158,0.007685861837017759,50,5454.9177416695475,5455.666823329124,5455.750072897602,5455.444879298758,0.3742888214200723,61,-0.5411291652264552,-0.16658833543819856,-0.12496355119904377,-0.27756035062123247,0.1871444107100908,92,0.8194444444444445,0.18211206896551724,0.9628787878787879,0.6548117670962499,0.3393396589247757,71,0.4249055311093519,0.12312794811320757,0.4045091592488732,0.3175142128238109,0.13770383177281426,121,0.95,0.5934125269978402,0.9828113063407181,0.8420746111128526,0.176340143875905,60
0.052691141764322914,0.006055864012166701,6.403604745864868,2.52138665873597,2,50,"[0, 50, 100]","{'clf__nstates': 2, 'clf__pew': np.int64(50), 'discretize__bins': [0, 50, 100]}",0.021739130434782608,0.00205761316872428,0.0019455252918287938,0.008580756298445227,0.009304488105457892,66,247.32669425872984,247.70058237458755,247.7135825965803,247.5802864099659,0.17939525415380464,117,-0.33665287063507454,-0.14970881270622097,-0.14320870170984867,-0.20985679501704804,0.08969762707690213,74,0.8958333333333333,0.4773706896551724,0.6128787878787879,0.6620276036224312,0.1743357882655974,62,0.40092817828486954,0.7539863325740319,0.3906182284704586,0.5151775797764534,0.16891573653914974,76,0.9183006535947712,0.8067400275103164,0.8011538461538461,0.8420648424196445,0.05395507720739552,61
0.08043885231018066,0.0005207049031527341,6.538145542144775,2.6099249859816482,5,50,"[0, 20, 40, 60, 80, 100]","{'clf__nstates': 5, 'clf__pew': np.int64(50), 'discretize__bins': [0, 20, 40, 60, 80, 100]}",0.00558659217877095,0.004424778761061947,0.004,0.004670456979944299,0.0006706151533525972,94,15619.474618135551,15619.892981816156,15619.84872369413,15619.738774548612,0.18765864979125263,11,-0.26269093222461515,-0.05350909192213089,-0.07563815293546598,-0.13061272569407067,0.09382932489570926,41,0.587962962962963,0.7575431034482758,0.8113636363636364,0.7189565675916251,0.0951968339145479,44,0.3087198093859581,0.6181509147023303,0.4669119514812351,0.46459422518984117,0.12633535035953403,88,0.7802768166089966,0.8502227171492205,0.8880825057295645,0.8395273464959271,0.04465654014623634,62
0.059199015299479164,0.001986882847792264,6.41868241628011,2.538135078126652,4,90,"[0, 25, 50, 75, 100]","{'clf__nstates': 4, 'clf__pew': np.int64(90), 'discretize__bins': [0, 25, 50, 75, 100]}",0.011363636363636364,0.0013157894736842105,0.019230769230769232,0.01063673168936327,0.007331799130195424,54,5454.844949669613,5455.520410796758,5455.744675890897,5455.37001211909,0.38239738492830333,63,-0.5775251651936931,-0.2397946016207631,-0.127662054551585,-0.31499394045534707,0.19119869246417862,103,0.798611111111111,0.18211206896551724,0.9613636363636363,0.6473622721467548,0.3356242043209991,74,0.3238467633101881,0.1064240254574384,0.37139523340905745,0.26722200739222796,0.11534645637646454,129,0.9377049180327869,0.5938511326860841,0.9816653934300993,0.8377404813829901,0.1733871230419379,63
0.0414424737294515,0.00020426321507268432,6.364756107330322,2.4739251935990803,2,40,"[0, 95, 100]","{'clf__nstates': 2, 'clf__pew': np.int64(40), 'discretize__bins': [0, 95, 100]}",0.004545454545454545,0.0021231422505307855,0.008547008547008548,0.005071868447664626,0.0026488171254462197,89,245.79842508698826,247.78215718603835,247.76431428683537,247.114965519954,0.930963166470866,124,-1.100787456505866,-0.10892140698083294,-0.11784285658231691,-0.44251724002300524,0.4654815832354288,123,0.49421296296296297,0.49407327586206895,0.9121212121212121,0.6334691503154147,0.1970367707469649,82,0.7757352941176471,0.7584459459459459,0.6629594874824778,0.7323802425153568,0.04959275022320526,14,0.7788104089219331,0.7703180212014133,0.9627906976744186,0.8373063759325884,0.08879852256486512,64
0.45607813199361164,0.007230585585393759,6.365428368250529,2.5217275973531295,2,10,"[0, 50, 100]","{'clf__nstates': 2, 'clf__pew': np.int64(10), 'discretize__bins': [0, 50, 100]}",0.02702702702702703,0.002702702702702703,0.0013440860215053765,0.010357938583745036,0.011799868416471852,57,247.83236166064526,247.93568813477273,247.91991501071686,247.89598826871165,0.045449288965049496,104,-0.08381916967736484,-0.03215593261362866,-0.04004249464156888,-0.052005865644187466,0.02272464448252414,7,0.9178240740740741,0.6023706896551725,0.43863636363636366,0.65294370912187,0.19886920019972587,72,0.9090981171128512,0.8099128540305011,0.6509838067215117,0.789998259288288,0.10631146887019957,5,0.9550000000000001,0.8331381733021077,0.7220496894409938,0.8367292875810338,0.09513546087450812,65
0.081817626953125,0.005386017034386602,6.484229803085327,2.6214163064823857,5,40,"[0, 20, 40, 60, 80, 100]","{'clf__nstates': 5, 'clf__pew': np.int64(40), 'discretize__bins': [0, 20, 40, 60, 80, 100]}",0.005747126436781609,0.004273504273504274,0.0035460992907801418,0.004522243333688675,0.0009156176292189899,96,15619.496592057169,15619.897004397522,15619.852138554548,15619.748578336412,0.17912016387899687,9,-0.2517039714159708,-0.05149780123860932,-0.07393072272598686,-0.1257108317935223,0.08956008193965306,38,0.599537037037037,0.7489224137931034,0.7871212121212121,0.7118602209837842,0.0809409673254897,47,0.3906508687879429,0.6379004909652275,0.531467212147101,0.5200061906334238,0.1012640448770942,73,0.8017241379310345,0.8214285714285714,0.8827349121466769,0.8352958738354276,0.034495535380556594,66
0.07623863220214844,0.0015945133098196672,6.385372479756673,2.4827485785109262,5,90,"[0, 5, 25, 75, 95, 100]","{'clf__nstates': 5, 'clf__pew': np.int64(90), 'discretize__bins': [0, 5, 25, 75, 95, 100]}",0.006578947368421052,0.0014577259475218659,0.07692307692307693,0.02831991674633995,0.03443115944978359,13,15618.657763397294,15619.483124602424,15619.697639060894,15619.279509020203,0.4482780594893001,29,-0.6711183013527746,-0.2584376987875264,-0.15118046955310355,-0.36024548989780153,0.22413902974448813,114,0.650462962962963,0.2618534482758621,0.9909090909090909,0.634408500715972,0.29785213538753036,81,0.21076165996952015,0.6180469715698393,0.38594863400807333,0.40491908851581093,0.16681374817345418,103,0.854368932038835,0.6469230769230769,1.0,0.833764002987304,0.14487753616596521,67
0.04263909657796224,0.0014640720796534584,6.342097043991089,2.4709314699348304,2,100,"[0, 95, 100]","{'clf__nstates': 2, 'clf__pew': np.int64(100), 'discretize__bins': [0, 95, 100]}",0.0045871559633027525,0.00211864406779661,0.008928571428571428,0.005211457153223596,0.0028149708875415632,87,245.75297962954164,247.67876697209093,247.31957765164876,246.9171080844271,0.8361222145856608,130,-1.1235101852291802,-0.16061651395453694,-0.34021117417561547,-0.5414459577864442,0.41806110729283186,130,0.49768518518518523,0.4929956896551724,0.9159090909090909,0.6355299885831495,0.19826720792557878,80,0.509943513313898,0.6720027941904124,0.40713913488633924,0.52969514746355,0.10902839016718631,69,0.7788104089219331,0.7691373025516404,0.9497699386503067,0.8325725500412934,0.08296510579471271,68
0.04193735122680664,0.0026040270833802845,6.371489922205607,2.4710987556712176,2,90,"[0, 95, 100]","{'clf__nstates': 2, 'clf__pew': np.int64(90), 'discretize__bins': [0, 95, 100]}",0.0045871559633027525,0.0021141649048625794,0.008130081300813009,0.00494380072299278,0.002468901123202665,92,245.75536791331928,247.69493705420106,247.34568304136806,246.9319960029628,0.8441306523572504,129,-1.1223160433403634,-0.15253147289947228,-0.3271584793159725,-0.5340019985186027,0.42206532617862413,129,0.49768518518518523,0.49191810344827586,0.9075757575757576,0.6323930154030729,0.19459782629858047,83,0.5495408098811083,0.7109046337941851,0.4194279484972415,0.5599577973908451,0.11922262016778215,59,0.7788104089219331,0.7712378640776699,0.9447429009976975,0.8315970579991001,0.08006589869081604,69
0.04123059908548991,0.001725609401387701,6.40300973256429,2.5495573866119656,2,80,"[0, 95, 100]","{'clf__nstates': 2, 'clf__pew': np.int64(80), 'discretize__bins': [0, 95, 100]}",0.0045662100456621,0.002127659574468085,0.006666666666666667,0.004453512095598951,0.0018547546049219167,97,245.75845655561844,247.71094666061464,247.4171225469002,246.96217525437774,0.8595685668819156,128,-1.120771722190776,-0.1445266696926827,-0.29143872654990394,-0.5189123728111209,0.4297842834409538,128,0.4965277777777778,0.4951508620689655,0.8871212121212121,0.6262666173226518,0.18445290942832013,87,0.5897383533272599,0.7436152208544345,0.4317504593314246,0.5883680111710397,0.1273219429848859,49,0.7788104089219331,0.7646370023419204,0.941967717140661,0.8284717094681716,0.08046212020454481,70
0.07812317212422688,0.0016944799439877877,6.4498201211293535,2.5703567880099008,5,30,"[0, 20, 40, 60, 80, 100]","{'clf__nstates': 5, 'clf__pew': np.int64(30), 'discretize__bins': [0, 20, 40, 60, 80, 100]}",0.005813953488372093,0.00423728813559322,0.0027100271002710027,0.004253756241412106,0.0012672261451873318,102,15619.53766009969,15619.898830640996,15619.856686287461,15619.764392342715,0.16124447102533038,8,-0.23116995015553662,-0.050584679502115676,-0.07165685626927844,-0.11780382864231025,0.08062223551287549,33,0.6041666666666667,0.7467672413793104,0.7212121212121212,0.6907153430860328,0.062082048313222636,53,0.47094998945199157,0.6751087359325935,0.5636405201973117,0.5698997485272989,0.0834648904054787,56,0.803448275862069,0.8275669642857143,0.8516819571865444,0.8275657324447758,0.019691317962761065,71
0.0566099484761556,0.0015298533996976,6.412747303644816,2.5472153130674675,4,100,"[0, 20, 50, 80, 100]","{'clf__nstates': 4, 'clf__pew': np.int64(100), 'discretize__bins': [0, 20, 50, 80, 100]}",0.007751937984496124,0.0016313213703099511,0.010416666666666666,0.006599975340490914,0.0036779375057171986,83,5455.5456110747045,5455.725312620068,5455.5922572788395,5455.621060324537,0.0761374762411887,53,-0.2271944626475505,-0.13734368996599589,-0.20387136058005478,-0.18946983773120038,0.038068738120603685,68,0.7037037037037037,0.3405172413793104,0.928030303030303,0.6574170827044391,0.24207400778174973,68,0.296246875926632,0.2599809839819154,0.31135891294416645,0.2891955909509046,0.021559427341949797,127,0.8563829787234042,0.6655518394648829,0.9606269113149848,0.8275205765010907,0.12218047635463326,72
0.04999502499898275,0.00449266802701824,6.423906246821086,2.5169417967163046,3,70,"[0, 5, 95, 100]","{'clf__nstates': 3, 'clf__pew': np.int64(70), 'discretize__bins': [0, 5, 95, 100]}",0.00909090909090909,0.0014044943820224719,0.02,0.010165134490977187,0.007629490042140084,58,1450.4571918905074,1451.6571495405144,1451.4746046787418,1451.196315369921,0.5279256860616458,97,-0.7714040547462737,-0.17142522974275806,-0.262697660629119,-0.40184231503938356,0.2639628430308122,120,0.7488425925925926,0.2338362068965517,0.9628787878787879,0.6485191957893107,0.30596770982237287,73,0.45537632064627914,0.6158326327204494,0.46788196833662427,0.513030307234451,0.07287128561162089,77,0.8725490196078431,0.6298076923076923,0.9792944785276074,0.8272170634810476,0.14623381533305363,73
0.04246687889099121,0.0019583099017081275,6.407854159673055,2.554846614173097,2,50,"[0, 95, 100]","{'clf__nstates': 2, 'clf__pew': np.int64(50), 'discretize__bins': [0, 95, 100]}",0.0045662100456621,0.0020491803278688526,0.006578947368421052,0.004398112580650668,0.0018530857020522481,98,245.777459943925,247.7665995310156,247.67380016484185,247.0726198799275,0.916599649232611,125,-1.1112700280374928,-0.11670023449220591,-0.16309991757908154,-0.46369006003626007,0.4582998246163013,125,0.49537037037037035,0.4757543103448276,0.8856060606060605,0.6189102471070861,0.18875237774421316,91,0.7346537072094818,0.75,0.5744006639211326,0.6863514570435382,0.0794086990875047,25,0.7788104089219331,0.7588443396226414,0.9424710424710425,0.8267085970052057,0.08226124569925243,74
0.041385253270467125,0.0019096760193030686,6.456831057866414,2.579727581889751,2,60,"[0, 95, 100]","{'clf__nstates': 2, 'clf__pew': np.int64(60), 'discretize__bins': [0, 95, 100]}",0.0045871559633027525,0.0020325203252032522,0.005813953488372093,0.004144543258959366,0.0015751695562516226,106,245.7684705447147,247.75353734881355,247.5962124689809,247.03940678750303,0.9009798293629473,126,-1.1157647276426523,-0.12323132559322841,-0.20189376550955523,-0.48029660624847864,0.4504899146814703,126,0.49768518518518523,0.4714439655172414,0.8704545454545455,0.6131945653856574,0.18222545268832754,95,0.6798283750304598,0.7511520737327189,0.5351277559386958,0.6553694015672914,0.08987141743159965,32,0.7788104089219331,0.7573789846517119,0.9378858024691358,0.8246917320142603,0.08051707759297629,75
0.04574449857076009,0.002383602009933778,6.458474795023601,2.5727474105898493,3,60,"[0, 5, 95, 100]","{'clf__nstates': 3, 'clf__pew': np.int64(60), 'discretize__bins': [0, 5, 95, 100]}",0.00909090909090909,0.001443001443001443,0.023255813953488372,0.011263241495799636,0.009036554227595714,52,1450.461193648923,1451.680509599217,1451.4991372890252,1451.2136135123883,0.5371689473086615,96,-0.7694031755384666,-0.1597452003914917,-0.2504313554874003,-0.3931932438057862,0.26858447365431837,119,0.7488425925925926,0.2543103448275862,0.9681818181818181,0.6571115852006657,0.29856775155742993,69,0.522200154986076,0.6175115207373272,0.5120588781483114,0.5505901846239049,0.047501300293636015,62,0.8725490196078431,0.6187427240977882,0.982745398773006,0.8246790474928791,0.15240983665847313,76
0.06143434842427572,0.0023564525142817133,6.414383252461751,2.506888846161423,4,10,"[0, 10, 50, 90, 100]","{'clf__nstates': 4, 'clf__pew': np.int64(10), 'discretize__bins': [0, 10, 50, 90, 100]}",0.01020408163265306,0.003076923076923077,0.0016556291390728477,0.004978877949549662,0.0037400609854101262,91,5455.896520984624,5455.944035451148,5455.798898760186,5455.879818398652,0.06041742049811141,33,-0.0517395076880162,-0.027982274426137304,-0.1005506199071435,-0.06009080067376566,0.030208710249010843,13,0.775462962962963,0.6508620689655172,0.5431818181818182,0.6565022833700994,0.09491221055658762,70,0.7967959457005835,0.826797385620915,0.6999239376288556,0.7745057563167848,0.05414091095417993,6,0.863013698630137,0.8472222222222223,0.7635869565217391,0.8246076257913662,0.04362708822410173,77
0.04793532689412435,0.0007553130271132947,6.345279534657796,2.4839051018682863,3,90,"[0, 5, 95, 100]","{'clf__nstates': 3, 'clf__pew': np.int64(90), 'discretize__bins': [0, 5, 95, 100]}",0.008264462809917356,0.0018484288354898336,0.017241379310344827,0.009118090318584005,0.0063130679822623464,64,1450.3797616739757,1451.5935468730427,1451.4238518393547,1451.1323867954577,0.5366765203415687,99,-0.8101191630120927,-0.2032265634786588,-0.2880740803226529,-0.4338066022711348,0.26833826017076634,122,0.7233796296296297,0.4181034482758621,0.9568181818181818,0.6994337532412246,0.220580211836722,51,0.29886431143358344,0.4950088811791713,0.4206748878979415,0.40484936017023204,0.0808538127572053,104,0.8496732026143792,0.6446428571428571,0.9777777777777777,0.824031279178338,0.13720507768721868,78
0.058654467264811196,0.0024367059529958805,6.492577791213989,2.7044203227991637,4,50,"[0, 25, 50, 75, 100]","{'clf__nstates': 4, 'clf__pew': np.int64(50), 'discretize__bins': [0, 25, 50, 75, 100]}",0.0078125,0.0013192612137203166,0.03125,0.013460587071240105,0.012855295841179202,35,5455.052666189225,5455.723660947067,5455.816206888397,5455.530844674897,0.34022755711743075,58,-0.47366690538750345,-0.1381695264664538,-0.09189655580149239,-0.23457766255181656,0.17011377855883522,80,0.7060185185185185,0.1842672413793104,0.9765151515151516,0.6222669704709934,0.32881091742714347,88,0.4501958823681419,0.15320045558086562,0.5734860268711423,0.39229412160671656,0.17639813072167845,106,0.8806451612903226,0.5949298813376483,0.9908326967150496,0.8221359131143403,0.16683776330620753,79
0.041393438975016274,0.000930993348528292,6.3696385224660235,2.530921793494115,2,60,"[0, 50, 100]","{'clf__nstates': 2, 'clf__pew': np.int64(60), 'discretize__bins': [0, 50, 100]}",0.02040816326530612,0.0018148820326678765,0.0018867924528301887,0.008036612583601395,0.00874805664055827,75,247.31694328252615,247.68866900464886,247.65634475513238,247.55398568076916,0.16813295968823297,118,-0.34152835873692106,-0.15566549767557503,-0.17182762243380895,-0.22300715961543502,0.0840664798441146,78,0.8888888888888888,0.4073275862068966,0.6007575757575758,0.632324683617787,0.1978596872941159,84,0.3366999752399418,0.7235023041474654,0.29093422527949764,0.45037883488896835,0.19402911819657104,93,0.9147540983606557,0.7664835164835164,0.7742681047765793,0.8185019065402505,0.06813473551915199,80
0.043637593587239586,0.0014534571540806705,6.415303866068522,2.492925680163336,2,70,"[0, 95, 100]","{'clf__nstates': 2, 'clf__pew': np.int64(70), 'discretize__bins': [0, 95, 100]}",0.0045662100456621,0.0019120458891013384,0.007407407407407408,0.004628554447390282,0.0022439050295619215,95,245.7626033013562,247.7378815768587,247.52110593139926,247.00719693653807,0.8844990701587319,127,-1.118698349321902,-0.13105921157064368,-0.23944703430037284,-0.49640153173097284,0.44224953507936476,127,0.4965277777777778,0.4380387931034483,0.8984848484848486,0.6110171397886915,0.20466802875115012,97,0.6321376683867048,0.7167832167832168,0.47318768828615604,0.6073695244853592,0.10097785595591047,44,0.7788104089219331,0.7201183431952664,0.9414483821263482,0.8134590447478492,0.09362030586988512,81
0.04748288790384928,0.0024108235753468404,6.562034447987874,2.6588348273527793,3,100,"[0, 5, 95, 100]","{'clf__nstates': 3, 'clf__pew': np.int64(100), 'discretize__bins': [0, 5, 95, 100]}",0.007142857142857143,0.0014641288433382138,0.023255813953488372,0.01062093331322791,0.009230100951783093,55,1450.3397067808844,1451.5704399610897,1451.4086463407239,1451.1062643608993,0.5460477308236807,100,-0.830146609557828,-0.21478001945518668,-0.2956768296380467,-0.4468678195503539,0.2730238654118422,124,0.6793981481481483,0.2650862068965517,0.9681818181818181,0.6375553910755061,0.28855845380295797,78,0.26874055581140993,0.4114542402809714,0.4342569632573712,0.37148391978325085,0.07324452277120448,112,0.8186274509803921,0.6192443919716647,0.9789272030651341,0.8055996820057304,0.147128567863548,82
0.0415505568186442,0.0012370916528606645,6.3229444821675616,2.482970972604892,2,70,"[0, 50, 100]","{'clf__nstates': 2, 'clf__pew': np.int64(70), 'discretize__bins': [0, 50, 100]}",0.02040816326530612,0.0018148820326678765,0.0017211703958691911,0.007981405231281062,0.008787128157893705,77,247.3111839175571,247.68755193806703,247.57959451871423,247.52611012477942,0.15823749452762748,119,-0.3444080412214627,-0.15622403096648882,-0.21020274064288477,-0.23694493761027877,0.07911874726381521,81,0.8900462962962963,0.4073275862068966,0.5621212121212121,0.619831698208135,0.20124978413385552,89,0.2694671890641996,0.7261072261072261,0.2370156172495433,0.41086334414032294,0.2233044334034929,102,0.8770226537216829,0.7664835164835164,0.755956956187548,0.7998210421309158,0.054758675063560566,83
0.045974175135294594,0.0012801091511501525,6.390621185302734,2.505355371464327,3,100,"[0, 25, 75, 100]","{'clf__nstates': 3, 'clf__pew': np.int64(100), 'discretize__bins': [0, 25, 75, 100]}",0.002857142857142857,0.003355704697986577,0.004784688995215311,0.0036658455167815815,0.00081690432904212,117,1450.7724765282835,1451.5203101978268,1451.811766495316,1451.3681844071423,0.4377119304117871,92,-0.6137617358581928,-0.23984490108663764,-0.09411675234198147,-0.31590779642893735,0.21885596520585726,105,0.19212962962962965,0.6799568965517242,0.8424242424242424,0.5715035895351988,0.27633597993449854,101,0.19987715508111997,0.4402644778841769,0.32226926988108245,0.3208036342821265,0.09814318555690954,120,0.6214285714285714,0.8491091314031181,0.9150726855394032,0.7952034627903642,0.12579369954923506,84
0.07925915718078613,0.0031658721866988024,6.468585729598999,2.5515991501151243,5,10,"[0, 5, 20, 80, 95, 100]","{'clf__nstates': 5, 'clf__pew': np.int64(10), 'discretize__bins': [0, 5, 20, 80, 95, 100]}",0.020833333333333332,0.008403361344537815,0.0009191176470588235,0.010051937441643325,0.00821309316318873,59,15619.86335302279,15619.943766450093,15619.886723045036,15619.897947505973,0.03377445992775034,2,-0.06832348860470883,-0.028116774953105845,-0.05663847748171494,-0.05102624701317654,0.01688722996407823,5,0.8912037037037037,0.8728448275862069,0.1765151515151515,0.6468545609350207,0.3326646280396599,75,0.8990103647584886,0.8893249079442458,0.5,0.7627784242342447,0.1858544721024126,9,0.9489795918367346,0.9364035087719298,0.5,0.7951277002028881,0.20874994456940996,85
0.08475550015767415,0.011114239975617491,6.462038516998291,2.5257430551412914,5,20,"[0, 5, 25, 75, 95, 100]","{'clf__nstates': 5, 'clf__pew': np.int64(20), 'discretize__bins': [0, 5, 25, 75, 95, 100]}",0.009523809523809525,0.0018050541516245488,0.0015625,0.004297121225144691,0.0036971530540554666,100,15619.728391073291,15619.83762196237,15619.88924056559,15619.818417867084,0.06705588589619359,5,-0.1358044633546488,-0.08118901881545652,-0.05537971720505154,-0.09079106645838562,0.033527942948229514,25,0.7592592592592593,0.40409482758620685,0.5159090909090909,0.5597543925848524,0.1482728368935445,103,0.7380037686175571,0.6064985721250957,0.6204659676616516,0.6549894361347682,0.05897630361815342,33,0.9505119453924915,0.6777277840269966,0.7552447552447552,0.7944948282214144,0.1147699898186917,86
0.04141092300415039,0.00030433724605240817,6.446539958318074,2.5730321390924003,2,100,"[0, 5, 100]","{'clf__nstates': 2, 'clf__pew': np.int64(100), 'discretize__bins': [0, 5, 100]}",0.007407407407407408,0.0038910505836575876,0.0017921146953405018,0.004363524228801832,0.0023166501058733985,99,247.78585631774487,247.6987952456922,247.78978873397418,247.75814676580376,0.0419985569515125,113,-0.10707184112756277,-0.150602377153907,-0.10510563301291183,-0.12092661709812719,0.020999278475758672,36,0.7106481481481481,0.8620689655172414,0.5784090909090909,0.7170420681914935,0.11589188287888111,46,0.2604323186028488,0.5579598488564216,0.5460169618391164,0.4548030430994623,0.13752731133264848,92,0.8221830985915494,0.7733026467203683,0.7852713178294574,0.7935856877137916,0.020803384399545124,87
0.04259284337361654,0.0017501049751886277,6.441471258799235,2.5280661230675525,2,80,"[0, 50, 100]","{'clf__nstates': 2, 'clf__pew': np.int64(80), 'discretize__bins': [0, 50, 100]}",0.02127659574468085,0.0018148820326678765,0.001697792869269949,0.008263090215539557,0.009202062163297584,70,247.3074304101713,247.68677616703562,247.4097143726284,247.4679736499451,0.1602527344703573,120,-0.3462847949143542,-0.15661191648219583,-0.29514281368579587,-0.26601317502744865,0.08012636723517626,88,0.8935185185185186,0.4073275862068966,0.556060606060606,0.6189689035953404,0.2034100883921445,90,0.22289951374690892,0.7287735849056604,0.22038023877921736,0.3906844458105955,0.2390673352385924,107,0.8295081967213115,0.7664835164835164,0.7778631821675633,0.7912849651241304,0.027424268730074034,88
0.04201467831929525,0.0012667172650712658,6.491223891576131,2.6849188990018416,2,90,"[0, 50, 100]","{'clf__nstates': 2, 'clf__pew': np.int64(90), 'discretize__bins': [0, 50, 100]}",0.020833333333333332,0.0018148820326678765,0.0017006802721088435,0.008116298546036684,0.008992422396904093,74,247.30246549864367,247.68507312041694,247.3187579151224,247.435432178061,0.1766480696827261,121,-0.348767250678171,-0.15746343979152225,-0.34062104243880464,-0.2822839109694993,0.08832403484136855,93,0.8923611111111112,0.4073275862068966,0.5568181818181819,0.6188356263787299,0.20281190405992333,92,0.21321522058794917,0.7315035799522673,0.19791824977293712,0.3808790167710512,0.24800764445011608,110,0.8295081967213115,0.7664835164835164,0.7776497695852534,0.7912138275966938,0.027459246555242164,89
0.045079549153645836,0.0037354115733470063,6.401132742563884,2.5243027892798655,2,100,"[0, 50, 100]","{'clf__nstates': 2, 'clf__pew': np.int64(100), 'discretize__bins': [0, 50, 100]}",0.021739130434782608,0.0018214936247723133,0.0016666666666666668,0.00840909690874053,0.009425969028904259,68,247.29500910934743,247.68236735185081,247.20621257845812,247.39452967988544,0.20673509624044972,122,-0.3524954453262848,-0.15881632407458757,-0.39689371077094054,-0.30273516005727097,0.10336754812022783,99,0.8958333333333334,0.4094827586206896,0.5477272727272727,0.617681121560432,0.20462058564696284,93,0.20834841387712186,0.7342995169082125,0.1788771123168104,0.3738416810340483,0.25516599562667586,111,0.8295081967213115,0.7664835164835164,0.7745775729646697,0.7901897620564992,0.027998010833490287,90
0.043126424153645836,0.004820707867727496,6.413392861684163,2.522193912344621,2,30,"[0, 5, 100]","{'clf__nstates': 2, 'clf__pew': np.int64(30), 'discretize__bins': [0, 5, 100]}",0.00684931506849315,0.0038910505836575876,0.0016722408026755853,0.004137535484942108,0.002120705950600499,107,247.9297279271122,247.90639180089852,247.91221050947803,247.9161100791629,0.009917952727609227,103,-0.035136036443906095,-0.04680409955073807,-0.04389474526098693,-0.0419449604185437,0.004958976363801935,3,0.6851851851851852,0.755926724137931,0.5481060606060606,0.6630726566430589,0.08627120024126046,60,0.5981988256497788,0.7491638795986622,0.5981464804634471,0.6485030619039627,0.0711779499996489,34,0.8221830985915494,0.7733026467203682,0.7655038759689923,0.78699654042697,0.025083535275955117,91
0.07781656583150227,0.0006437324398298795,6.443660577138265,2.569027543831862,5,60,"[0, 20, 40, 60, 80, 100]","{'clf__nstates': 5, 'clf__pew': np.int64(60), 'discretize__bins': [0, 20, 40, 60, 80, 100]}",0.005555555555555556,0.0018214936247723133,0.004032258064516129,0.003803102414947999,0.0015330120372495258,115,15619.46651859739,15619.839011029782,15619.843790946215,15619.716440191129,0.17673202721100958,13,-0.26674070130508537,-0.08049448510860993,-0.07810452689184737,-0.1417799044351809,0.08836601360568672,46,0.5856481481481481,0.4094827586206896,0.8128787878787879,0.6026698982158752,0.1651249912174133,98,0.2764687037984799,0.3692196435028324,0.40763823268498744,0.35110885999543323,0.05505973535785775,115,0.7785467128027681,0.6859688195991092,0.8892284186401834,0.7845813170140202,0.08309002542052171,92
0.1893303394317627,0.2090495567075675,6.443265358606975,2.5840331536205348,2,20,"[0, 5, 100]","{'clf__nstates': 2, 'clf__pew': np.int64(20), 'discretize__bins': [0, 5, 100]}",0.009615384615384616,0.0038910505836575876,0.001579778830963665,0.005028738010001956,0.003377720098005104,90,247.9471380226532,247.9356480001348,247.9380917985893,247.94029260712577,0.004942187304492741,102,-0.0264309886733955,-0.03217599993260285,-0.030954100705338036,-0.029853696437112127,0.0024710936522455195,2,0.8067129629629629,0.8254310344827586,0.5215909090909091,0.7179116355122103,0.13902988232102134,45,0.6980267171141048,0.74090407938258,0.6149022945133994,0.6846110303366947,0.05230741143367096,26,0.8221830985915494,0.7733026467203682,0.7531007751937985,0.7828621735019053,0.029001497268509598,93
0.0574645201365153,0.000954751247737928,6.416941245396932,2.5355957106838645,4,10,"[0, 20, 50, 80, 100]","{'clf__nstates': 4, 'clf__pew': np.int64(10), 'discretize__bins': [0, 20, 50, 80, 100]}",0.017241379310344827,0.008,0.0007733952049497294,0.008671591505098187,0.0067397775178995555,65,5455.840442894783,5455.9490965977375,5455.856389740154,5455.881976410892,0.04790556739389733,32,-0.07977855260835075,-0.0254517011314716,-0.07180512992306469,-0.05901179455429568,0.023952783696835303,11,0.8680555555555556,0.8663793103448276,0.021212121212121238,0.5852156623708348,0.3988113156863181,99,0.8594890974280787,0.9030463292562185,0.5,0.7541784755614325,0.1806088428809303,10,0.9100346020761246,0.9362637362637363,0.5,0.782099446113287,0.19976163294140578,94
0.04255183537801107,0.0021874432020195333,6.321850856145223,2.4241102038140987,2,90,"[0, 5, 100]","{'clf__nstates': 2, 'clf__pew': np.int64(90), 'discretize__bins': [0, 5, 100]}",0.013157894736842105,0.010526315789473684,0.0015360983102918587,0.008406769612202549,0.004975667127346344,69,247.80687172885803,247.72909543660612,247.7963430391912,247.77743673488513,0.03445164888167853,112,-0.09656413557098145,-0.13545228169694137,-0.10182848040439318,-0.11128163255743867,0.017225824440840257,32,0.8449074074074074,0.9493534482758621,0.5079545454545454,0.767405133712605,0.18834932027815338,18,0.2682083815807162,0.6048392179643497,0.40024769274903965,0.42443176409803524,0.13848882501570572,99,0.8221830985915494,0.7733026467203683,0.7317829457364341,0.7757562303494505,0.03694646544687531,95
0.07988413174947102,0.002854960730015168,6.435904423395793,2.5986941833704758,5,80,"[0, 20, 40, 60, 80, 100]","{'clf__nstates': 5, 'clf__pew': np.int64(80), 'discretize__bins': [0, 20, 40, 60, 80, 100]}",0.0055248618784530384,0.0016556291390728477,0.0034129692832764505,0.003531153433600779,0.0015818167019630302,120,15619.432761699556,15619.67061742389,15619.813627100024,15619.63900207449,0.15708651768297627,20,-0.28361915022204554,-0.1646912880550484,-0.09318644998777345,-0.1804989627549558,0.07854325884162011,65,0.5833333333333333,0.35021551724137934,0.7787878787878788,0.5707789097875304,0.17518899781533356,102,0.24755211376209607,0.354230377166157,0.32975464456403536,0.31051237849742946,0.045627196372778164,124,0.7913793103448277,0.6425364758698092,0.8770053475935828,0.7703070446027399,0.09687429393973658,96
0.08019852638244629,0.002531161148111583,6.398214499155681,2.5416932443599163,5,70,"[0, 20, 40, 60, 80, 100]","{'clf__nstates': 5, 'clf__pew': np.int64(70), 'discretize__bins': [0, 20, 40, 60, 80, 100]}",0.0055248618784530384,0.0016666666666666668,0.0036101083032490976,0.003600545616122934,0.0015751161135615,119,15619.44796881308,15619.761047405022,15619.830364337056,15619.679793518386,0.1663494910510929,17,-0.276015593460385,-0.11947629748916025,-0.08481783147223879,-0.16010324080726135,0.08317474552550232,56,0.5833333333333333,0.3545258620689655,0.7909090909090909,0.57625609543713,0.17822298032785203,100,0.2583424480700153,0.3521767737690536,0.3690529036138918,0.3265240418176536,0.048701459486076674,119,0.7768166089965398,0.6513966480446928,0.880061115355233,0.7694247907988219,0.0934980886963449,97
0.46094004313151044,0.005283275566390236,6.514704863230388,2.6628665607712745,2,10,"[0, 5, 100]","{'clf__nstates': 2, 'clf__pew': np.int64(10), 'discretize__bins': [0, 5, 100]}",0.006578947368421052,0.0045662100456621,0.0014388489208633094,0.004194668778315487,0.0021148183842673147,104,247.96246625730475,247.96380947153708,247.96475184064238,247.96367585649475,0.0009378566105614493,101,-0.018766871347617446,-0.018095264231458612,-0.017624079678804798,-0.018162071752626952,0.00046892830528087693,1,0.6909722222222222,0.8825431034482758,0.4746212121212121,0.6827121792639034,0.16663580765293143,55,0.7770467286596319,0.732824427480916,0.6182369543025281,0.7093693701476921,0.06692155055843207,20,0.8221830985915494,0.7733026467203682,0.7104651162790698,0.7686502871969957,0.045727163552560374,98
0.044121106465657554,0.003718681413079888,6.407228072484334,2.51983220883285,2,40,"[0, 5, 100]","{'clf__nstates': 2, 'clf__pew': np.int64(40), 'discretize__bins': [0, 5, 100]}",0.00684931506849315,0.01282051282051282,0.0014084507042253522,0.007026092864410441,0.0046606314470858225,81,247.91038904113645,247.8781036540023,247.8823746762928,247.8902891238105,0.014319343914985955,105,-0.04480547943177324,-0.06094817299884894,-0.058812661853597896,-0.05485543809474003,0.007159671957493526,10,0.75,0.9585129310344828,0.46325757575757576,0.7239235022640195,0.20302619622968984,43,0.5177585154238952,0.7576099210822999,0.45729792977212436,0.5775554554261064,0.1296882892590069,53,0.8221830985915494,0.7733026467203682,0.710077519379845,0.7685210882305875,0.04589163103654323,99
0.0472723642985026,0.001718909268965419,6.371013243993123,2.4882318620831763,3,10,"[0, 33, 66, 100]","{'clf__nstates': 3, 'clf__pew': np.int64(10), 'discretize__bins': [0, 33, 66, 100]}",0.03225806451612903,0.0030581039755351682,0.0007905138339920949,0.012035560775218765,0.014329404138015256,40,1451.7949245044597,1451.954327323371,1451.9227879730006,1451.8906799336103,0.06892270701942399,72,-0.10253774777020769,-0.022836338314518655,-0.03860601349974326,-0.0546600331948232,0.03446135350972507,9,0.9305555555555555,0.6487068965517241,0.042424242424242475,0.5405622315105073,0.3705543223997846,105,0.9329955845750079,0.7780854316287387,0.5,0.7370270054012488,0.17913800981100553,12,0.9664429530201342,0.830546265328874,0.5,0.7656630727830027,0.19587347721040782,100
0.04430230458577474,0.0025829872030453567,6.413031339645386,2.560792159657709,2,80,"[0, 5, 100]","{'clf__nstates': 2, 'clf__pew': np.int64(80), 'discretize__bins': [0, 5, 100]}",0.009174311926605505,0.0038910505836575876,0.0013440860215053765,0.00480314951058949,0.0032610890584392226,93,247.8274999438215,247.75857808111542,247.8061504912544,247.79740950539713,0.02880809394408732,111,-0.08625002808924875,-0.12071095944228555,-0.09692475437279251,-0.10129524730144228,0.014404046972042539,29,0.8067129629629629,0.765625,0.4375,0.6699459876543209,0.16521785225888072,59,0.27485108583670725,0.6614530739229314,0.3333282827900212,0.42321081418322,0.1701458715049967,100,0.8221830985915494,0.7733026467203682,0.6968992248062015,0.7641283233727063,0.05155668992692306,101
0.09305858612060547,0.010128971285481592,6.5548332532246905,2.6840280313972276,5,20,"[0, 20, 40, 60, 80, 100]","{'clf__nstates': 5, 'clf__pew': np.int64(20), 'discretize__bins': [0, 20, 40, 60, 80, 100]}",0.007462686567164179,0.0040650406504065045,0.0009940357852882703,0.004173921000952985,0.002641937664230214,105,15619.664123459193,15619.914386650347,15619.868181843238,15619.815563984259,0.10873329917501502,6,-0.16793827040332418,-0.042806674826044215,-0.0659090783814068,-0.0922180078702584,0.05436664958756739,28,0.6921296296296298,0.7359913793103448,0.23863636363636365,0.5555857908587795,0.22483129650729453,104,0.6151373406758491,0.7123122286457245,0.4211772828722362,0.5828756173979366,0.1210247998119351,52,0.8344827586206897,0.8479955456570155,0.6050387596899225,0.7625056879892093,0.11148250680228358,102
0.062201897303263344,0.00800655538931576,6.5082666873931885,2.711304453987488,4,20,"[0, 20, 50, 80, 100]","{'clf__nstates': 4, 'clf__pew': np.int64(20), 'discretize__bins': [0, 20, 50, 80, 100]}",0.014492753623188406,0.0034129692832764505,0.0008250825082508251,0.006243601804905227,0.005927937740389522,84,5455.747731424562,5455.901118703334,5455.823474697715,5455.824108275203,0.06262169691948559,37,-0.12613428771903484,-0.04944064833312893,-0.08826265114235124,-0.08794586239817166,0.03131084845965451,23,0.8425925925925927,0.6853448275862069,0.08257575757575752,0.5368377259181857,0.3275639040061535,106,0.7119403812896636,0.7276589816814097,0.3485765667399926,0.5960586432370221,0.17511387198054867,46,0.8979238754325259,0.8468819599109132,0.5403100775193799,0.7617053042876064,0.15793079520651798,103
0.04768967628479004,0.005606103070046617,6.512078285217285,2.6972731129160517,2,70,"[0, 5, 100]","{'clf__nstates': 2, 'clf__pew': np.int64(70), 'discretize__bins': [0, 5, 100]}",0.00684931506849315,0.0045662100456621,0.0013157894736842105,0.004243771529279821,0.0022705287673045844,103,247.84888629701612,247.7923877115197,247.82433499532445,247.8218696679534,0.023131233142788272,109,-0.07555685149193324,-0.10380614424015903,-0.0878325023377714,-0.08906516602328789,0.01156561657139915,24,0.7291666666666667,0.8825431034482759,0.4253787878787879,0.6790295193312436,0.18997386314039807,56,0.32169287052497053,0.7188120495722631,0.32884123793214703,0.45644871934312686,0.1855418417785039,91,0.8221830985915494,0.7733026467203682,0.6728682170542636,0.7561179874553937,0.06215688670701677,104
0.07973043123881023,0.0003473335307366029,6.510161638259888,2.548571105750207,5,10,"[0, 5, 25, 75, 95, 100]","{'clf__nstates': 5, 'clf__pew': np.int64(10), 'discretize__bins': [0, 5, 25, 75, 95, 100]}",0.02040816326530612,0.0028735632183908046,0.0008103727714748784,0.008030699751723934,0.008792625356043363,76,15619.860397484244,15619.936201515518,15619.922550715422,15619.906383238393,0.03299094092238983,1,-0.0698012578778776,-0.031899242240794524,-0.03872464228861713,-0.04680838080242975,0.01649547046127503,4,0.8888888888888888,0.6260775862068966,0.06590909090909092,0.5269585220016254,0.3432126441313157,109,0.9042827533972785,0.784575005047446,0.5,0.7296192528149081,0.16956068176556388,16,0.9484536082474226,0.8178770949720671,0.5,0.7554435677398299,0.1883279385885643,105
0.0785984992980957,0.002673020263632901,6.3870924313863116,2.556934235911605,5,90,"[0, 20, 40, 60, 80, 100]","{'clf__nstates': 5, 'clf__pew': np.int64(90), 'discretize__bins': [0, 20, 40, 60, 80, 100]}",0.005291005291005291,0.0015060240963855422,0.0031446540880503146,0.003313894491813716,0.0015498392167373972,121,15619.40210249785,15619.604491428241,15619.800554368152,15619.602382764746,0.1626741284143662,22,-0.2989487510746214,-0.19775428587954372,-0.09972281592366168,-0.19880861762594226,0.08133706420719153,72,0.5648148148148149,0.2855603448275862,0.7598484848484849,0.5367412148302954,0.19464224482057504,107,0.23012008470553208,0.2936606039201836,0.2912202067263674,0.27166696511736105,0.02939496939480188,128,0.7810344827586208,0.6179775280898877,0.8663101604278075,0.7551073904254387,0.10302567530672511,106
0.04315042495727539,0.00123559178247733,6.416311661402385,2.5662799653919937,2,60,"[0, 5, 100]","{'clf__nstates': 2, 'clf__pew': np.int64(60), 'discretize__bins': [0, 5, 100]}",0.00684931506849315,0.016666666666666666,0.001201923076923077,0.008239301604027631,0.006389502875855796,71,247.86985954432112,247.82544833246848,247.84230320891257,247.8458703619007,0.01830541577212499,107,-0.06507022783943972,-0.08727583376576455,-0.07884839554371949,-0.07706481904964124,0.0091527078860659,15,0.7349537037037037,0.9682112068965517,0.37083333333333335,0.6913327479778628,0.2458213060871046,52,0.38370293809355677,0.7672206697948578,0.3339981197345723,0.4949739092076623,0.193574044798868,82,0.8221830985915494,0.7733026467203682,0.6612403100775194,0.7522420184631456,0.06737115030738126,107
0.05090936024983724,0.004439415870377524,6.499041239420573,2.5102839090041296,3,40,"[0, 25, 75, 100]","{'clf__nstates': 3, 'clf__pew': np.int64(40), 'discretize__bins': [0, 25, 75, 100]}",0.0029069767441860465,0.0017985611510791368,0.006097560975609756,0.003601032956958313,0.001822385870719007,118,1450.8910723280928,1451.7940821738055,1451.8753940652564,1451.5201828557183,0.44608515472546206,82,-0.5544638359535831,-0.10295891309729299,-0.06230296737178971,-0.2399085721408886,0.22304257736273006,82,0.2060185185185185,0.4019396551724138,0.8765151515151516,0.4948244417353613,0.2814985155627985,111,0.30112721417069244,0.47509743382092423,0.6552332193311903,0.47715262244093565,0.14457047548486401,86,0.6370106761565836,0.674496644295302,0.936495791889824,0.74933437078057,0.13322499168837387,108
0.04861100514729818,0.0023713268995494315,6.355061372121175,2.4882257107659216,3,50,"[0, 25, 75, 100]","{'clf__nstates': 3, 'clf__pew': np.int64(50), 'discretize__bins': [0, 25, 75, 100]}",0.0028653295128939827,0.0017825311942959,0.005291005291005291,0.003312955332731725,0.0014668842894060075,122,1450.8759419034345,1451.7772845224285,1451.8689129639176,1451.5073797965936,0.44805825700852825,83,-0.5620290482827541,-0.11135773878574143,-0.06554351804123745,-0.24631010170324433,0.2240291285042536,83,0.19444444444444442,0.39655172413793105,0.8575757575757577,0.4828573087193777,0.2775154951364865,113,0.2511272885315369,0.44622862339908453,0.59003751776889,0.4291311432331704,0.1388867134068787,97,0.6365248226950355,0.6819196428571428,0.9269319051262433,0.7484587902261405,0.12755302683197156,109
0.07900842030843098,0.0011420215484082253,6.418154239654541,2.526441477845896,5,10,"[0, 20, 40, 60, 80, 100]","{'clf__nstates': 5, 'clf__pew': np.int64(10), 'discretize__bins': [0, 20, 40, 60, 80, 100]}",0.010526315789473684,0.005555555555555556,0.0007621951219512195,0.00561468882232682,0.003986404868208456,86,15619.799985776102,15619.94839636616,15619.895945481057,15619.881442541106,0.06145012753313994,3,-0.10000711194890773,-0.025801816920002732,-0.052027259471443744,-0.05927872944678473,0.03072506376651004,12,0.7824074074074074,0.8071120689655172,0.006818181818181834,0.5321125527303688,0.3715761134767213,108,0.7715279852742583,0.8322566437216385,0.5,0.7012615429986323,0.14445679632528513,22,0.8425605536332179,0.8991228070175439,0.5,0.7472277868835873,0.17633492012360175,110
0.04911669095357259,0.00371323475475499,6.3124542236328125,2.454185472037024,3,20,"[0, 33, 66, 100]","{'clf__nstates': 3, 'clf__pew': np.int64(20), 'discretize__bins': [0, 33, 66, 100]}",0.03225806451612903,0.002331002331002331,0.0007616146230007616,0.01178356049004404,0.014491830590143641,42,1451.7094118404932,1451.9174592999384,1451.9017554624108,1451.842875534281,0.0945905943098938,74,-0.14529407975335673,-0.04127035003080923,-0.04912226879461599,-0.07856223285959398,0.04729529715491665,17,0.9305555555555556,0.5387931034482759,0.0060606060606061,0.49180308835481257,0.37888324855138883,112,0.7375985108814044,0.6603166864015231,0.5,0.6326383990943092,0.0989539582649787,38,0.9664429530201343,0.7731326644370123,0.5,0.7465252058190489,0.19135172631590544,111
0.048844099044799805,0.0014794543886603542,6.495827833811442,2.6052204156866865,3,60,"[0, 25, 75, 100]","{'clf__nstates': 3, 'clf__pew': np.int64(60), 'discretize__bins': [0, 25, 75, 100]}",0.002857142857142857,0.0017331022530329288,0.005235602094240838,0.0032752824014722084,0.001460138530714198,123,1450.8704354195643,1451.6369388924113,1451.8624972794419,1451.456623863806,0.4246031995574986,86,-0.5647822902178358,-0.18153055379435612,-0.06875136027908346,-0.2716880680970918,0.21230159977872962,90,0.19212962962962965,0.3793103448275862,0.8560606060606061,0.475833526839274,0.27950984343476887,115,0.2322517257016174,0.4173239945895997,0.5214078035190761,0.39032784127009773,0.11958094484554971,108,0.6329787234042553,0.6768973214285715,0.924636572302984,0.7448375390452703,0.12839517146531565,112
0.04863603909810384,0.0009547596226305534,6.4327553908030195,2.56994629403917,3,70,"[0, 25, 75, 100]","{'clf__nstates': 3, 'clf__pew': np.int64(70), 'discretize__bins': [0, 25, 75, 100]}",0.002857142857142857,0.0017301038062283738,0.005025125628140704,0.0032041240971706444,0.0013673792908133983,124,1450.8655481446629,1451.6294486096017,1451.8472080424622,1451.447401598909,0.42092744767832,87,-0.5672259276685186,-0.1852756951992085,-0.07639597876895599,-0.27629920054556106,0.21046372383911346,91,0.19212962962962965,0.3782327586206896,0.85,0.4734541294167731,0.2768858828049635,116,0.22148717219139755,0.39309865847863434,0.40634380365135986,0.3403098781071306,0.08419416071800637,116,0.6298932384341637,0.6724330357142857,0.9219586840091814,0.7414283193858768,0.12883016727828386,113
0.04478065172831217,0.0021134486288344107,6.461748043696086,2.6145592334041576,2,50,"[0, 5, 100]","{'clf__nstates': 2, 'clf__pew': np.int64(50), 'discretize__bins': [0, 5, 100]}",0.00684931506849315,0.0038910505836575876,0.0011148272017837235,0.003951730951311488,0.002341488038779808,111,247.890383703261,247.85567486391284,247.85904525646671,247.8683679412135,0.015628184377169327,106,-0.05480814836950234,-0.07216256804358474,-0.07047737176664,-0.06581602939324237,0.007814092188585477,14,0.6851851851851851,0.831896551724138,0.3215909090909091,0.6128908820000774,0.21451155669037725,96,0.44761015136470444,0.766248574686431,0.3348208366058405,0.5162265208856587,0.18269031705960911,75,0.8221830985915494,0.7733026467203682,0.6232558139534884,0.7395805197551354,0.08464003201268494,114
0.05919075012207031,0.0010374569804824858,6.426251331965129,2.5633835617809835,4,10,"[0, 25, 50, 75, 100]","{'clf__nstates': 4, 'clf__pew': np.int64(10), 'discretize__bins': [0, 25, 50, 75, 100]}",0.02127659574468085,0.002331002331002331,0.0007662835249042146,0.008124627200195798,0.009321759264641072,73,5455.842519138256,5455.932080746092,5455.900636699681,5455.89174552801,0.03709995597312014,31,-0.07874043087222621,-0.03395962695424775,-0.04968165015951845,-0.05412723599533081,0.01854997798655999,8,0.8935185185185185,0.5387931034482758,0.012121212121212088,0.48147761136266887,0.3621041306547683,114,0.9006857415659405,0.6972686106544373,0.5,0.6993181174067926,0.16358568851829688,23,0.9498269896193772,0.7681159420289855,0.5,0.7393143105494543,0.18476693540678008,115
0.04497798283894857,0.001103490790614906,6.406011343002319,2.558689207938009,3,80,"[0, 25, 75, 100]","{'clf__nstates': 3, 'clf__pew': np.int64(80), 'discretize__bins': [0, 25, 75, 100]}",0.002881844380403458,0.0017211703958691911,0.0048543689320388345,0.003152461236103828,0.0012933569702408187,125,1450.8459488681274,1451.6086311680788,1451.8202980450733,1451.4249593604266,0.41844201457986774,89,-0.5770255659362697,-0.19568441596057837,-0.08985097746335878,-0.28752031978673565,0.20922100728991969,95,0.19907407407407407,0.375,0.8446969696969697,0.47292368125701456,0.27251790932134734,117,0.21677136530031185,0.3731334923995474,0.34679679057617135,0.31223388275867686,0.06835312548498831,122,0.6285714285714286,0.6713169642857143,0.9162203519510329,0.7387029149360586,0.1267310157752746,116
0.04653040568033854,0.001397677689833279,6.408800443013509,2.542132368646032,3,30,"[0, 25, 75, 100]","{'clf__nstates': 3, 'clf__pew': np.int64(30), 'discretize__bins': [0, 25, 75, 100]}",0.002857142857142857,0.0017985611510791368,0.0036900369003690036,0.0027819136361969996,0.0007740218361695861,128,1451.4193548980368,1451.8021263465816,1451.8873169407066,1451.7029327284417,0.20351355197250406,77,-0.2903225509816167,-0.09893682670920961,-0.05634152964676788,-0.14853363577919806,0.10175677598623235,49,0.19212962962962965,0.4019396551724138,0.7954545454545454,0.4631746100855296,0.2500833571580936,120,0.360990152073424,0.5011409958846131,0.7100347519669918,0.5240552999750097,0.1434150902745258,71,0.625,0.6900780379041249,0.8996925441967718,0.738256860700299,0.11720323568867516,117
0.047427733739217125,0.0010321213875025526,6.433033227920532,2.521979330081437,3,90,"[0, 25, 75, 100]","{'clf__nstates': 3, 'clf__pew': np.int64(90), 'discretize__bins': [0, 25, 75, 100]}",0.0028653295128939827,0.0017152658662092624,0.004807692307692308,0.003129429228931851,0.0012762149293919461,126,1450.8299536631287,1451.5658755920076,1451.8174550578417,1451.404428104326,0.4189977880602541,90,-0.5850231684356684,-0.21706220399622697,-0.09127247107914807,-0.29778594783701445,0.20949889403012342,96,0.19444444444444442,0.37284482758620685,0.8431818181818181,0.4701570300708231,0.27363880522228745,118,0.20616536770148478,0.3510091304754287,0.31259802374935386,0.2899241739754224,0.06126720983422668,126,0.6232142857142857,0.6651735722284434,0.9150726855394032,0.7344868478273775,0.12883731089455383,118
0.04698634147644043,0.0022558865682592074,6.421386321385701,2.5446026855260993,3,20,"[0, 25, 75, 100]","{'clf__nstates': 3, 'clf__pew': np.int64(20), 'discretize__bins': [0, 25, 75, 100]}",0.0029239766081871343,0.00234192037470726,0.0017064846416382253,0.00232412720817754,0.000497198229907112,130,1451.6942125503438,1451.8642396003609,1451.8929075051446,1451.817119885283,0.08769310853801114,75,-0.15289372482812882,-0.06788019981954391,-0.05354624742767539,-0.09144005735844939,0.043846554269015195,26,0.21064814814814814,0.540948275862069,0.5568181818181819,0.4361382019427997,0.15957712189617512,121,0.44525490804686896,0.5849366449834037,0.6355191958766196,0.5552369163022974,0.08046398870981167,61,0.6441281138790036,0.7658296943231441,0.7697981366459627,0.7265853149493702,0.058328550127054866,119
0.08488257726033528,0.004906467358852734,6.377720912297566,2.531581385857994,5,100,"[0, 20, 40, 60, 80, 100]","{'clf__nstates': 5, 'clf__pew': np.int64(100), 'discretize__bins': [0, 20, 40, 60, 80, 100]}",0.005,0.0012195121951219512,0.0029585798816568047,0.0030593640255929186,0.0015450221343526903,127,15619.370068066784,15619.562667246386,15619.776394323875,15619.569709879017,0.16595673292781474,23,-0.31496596660762083,-0.21866637680710838,-0.11180283806286342,-0.21514506049253088,0.08297836646365078,75,0.5393518518518519,0.11745689655172409,0.7446969696969696,0.4671685727001818,0.26110706192623895,119,0.23937651887856168,0.14931455016444978,0.32481523029811976,0.2378354331137104,0.07165613902914462,130,0.7746478873239436,0.5449438202247191,0.8586707410236821,0.7260874828574483,0.13260148282218145,120
0.05758126576741537,0.0013901933816092389,6.444101333618164,2.5846582472928157,4,20,"[0, 25, 50, 75, 100]","{'clf__nstates': 4, 'clf__pew': np.int64(20), 'discretize__bins': [0, 25, 50, 75, 100]}",0.02127659574468085,0.001519756838905775,0.0011098779134295228,0.007968743499005383,0.009411560222334182,78,5455.750158183984,5455.846971097345,5455.878939672676,5455.8253563180015,0.05475135902096738,36,-0.12492090800788848,-0.07651445132763733,-0.0605301636619558,-0.08732184099916053,0.02737567951046969,22,0.8935185185185185,0.2920258620689655,0.31818181818181823,0.5012420662564341,0.2775867969477174,110,0.7770341438669912,0.5069536346961994,0.39038038504150685,0.5581227212015658,0.16194441199336315,60,0.9480968858131488,0.6499442586399108,0.5721489526764933,0.7233966990431844,0.1620301573953197,121
0.04634626706441244,0.00024929922924840436,6.401615301767985,2.537343547327032,3,50,"[0, 33, 66, 100]","{'clf__nstates': 3, 'clf__pew': np.int64(50), 'discretize__bins': [0, 33, 66, 100]}",0.009009009009009009,0.001876172607879925,0.00076103500761035,0.0038820722081664275,0.00365376460533144,112,1451.4257143956747,1451.6755711008361,1451.8462031957854,1451.649162897432,0.17267648490727344,80,-0.28714280216265725,-0.16221444958198897,-0.07689840210725853,-0.17541855128396824,0.08633824245366127,63,0.7453703703703703,0.4267241379310345,0.005303030303030254,0.39246584620147845,0.3031007971756343,123,0.37383224880296273,0.715547703180212,0.5,0.5297933173277248,0.1410864847250446,68,0.8466666666666667,0.7636887608069164,0.5,0.703451809157861,0.14779673474611998,122
0.04767735799153646,0.0007178630548859245,6.420515775680542,2.5785283473610447,3,40,"[0, 33, 66, 100]","{'clf__nstates': 3, 'clf__pew': np.int64(40), 'discretize__bins': [0, 33, 66, 100]}",0.009009009009009009,0.001869158878504673,0.00076103500761035,0.003879734298374677,0.0036550493768827195,113,1451.4496932089935,1451.7064711571652,1451.852372825231,1451.6695123971301,0.16645756374284287,78,-0.27515339550320056,-0.14676442141743654,-0.0738135873845459,-0.165243801435061,0.08322878187138151,57,0.7453703703703703,0.4245689655172413,0.005303030303030254,0.3917474553968807,0.30302129254506494,125,0.4346750671112881,0.6938300349243306,0.5,0.5428350340118729,0.11004985064246567,64,0.8466666666666667,0.7409551374819102,0.5,0.6958739347161923,0.14507166177800376,123
0.05097031593322754,0.0022747374819937333,6.458344539006551,2.6031917200707695,3,30,"[0, 33, 66, 100]","{'clf__nstates': 3, 'clf__pew': np.int64(30), 'discretize__bins': [0, 33, 66, 100]}",0.01020408163265306,0.0018832391713747645,0.00076103500761035,0.0042827852705460585,0.004211978830448444,101,1451.6183262784582,1451.7699700026856,1451.88939010489,1451.7592287953448,0.11092168303604212,76,-0.1908368607708877,-0.11501499865718395,-0.055304947554936756,-0.12038560232766948,0.05546084151803619,35,0.775462962962963,0.4288793103448276,0.005303030303030254,0.403215101203607,0.31493974999653634,122,0.5147633629973009,0.5589221977336116,0.5,0.5245618535769708,0.025032833900960522,70,0.8518518518518519,0.717391304347826,0.5,0.6897477187332259,0.14496679454762085,124
0.04808251063028971,0.0010012566108910984,6.44881288210551,2.558159582537777,3,10,"[0, 25, 75, 100]","{'clf__nstates': 3, 'clf__pew': np.int64(10), 'discretize__bins': [0, 25, 75, 100]}",0.0038910505836575876,0.003424657534246575,0.0008077544426494346,0.002707820853517866,0.0013569745498516314,129,1451.8403892657454,1451.9238735286153,1451.9252019408088,1451.8964882450564,0.03967167570235433,71,-0.07980536712722629,-0.038063235692328806,-0.0373990295956155,-0.051755877471723534,0.019835837851144494,6,0.40740740740740744,0.6864224137931034,0.06287878787878787,0.3855695363597662,0.2550285380286071,126,0.6073072226918381,0.7500444840844599,0.5,0.6191172355920993,0.10242124880054328,43,0.6950354609929078,0.8427638737758433,0.5,0.679266444922917,0.1403763149355267,125
0.046286980311075844,0.0006610466384877508,6.430586576461792,2.5799227009438943,3,100,"[0, 33, 66, 100]","{'clf__nstates': 3, 'clf__pew': np.int64(100), 'discretize__bins': [0, 33, 66, 100]}",0.00980392156862745,0.0016051364365971107,0.0008223684210526315,0.004077142142092398,0.004062034251593547,108,1451.292204545674,1451.0685247151798,1451.7356168453612,1451.3654487020715,0.2772201380038126,93,-0.35389772716306067,-0.4657376424100455,-0.13219157731939638,-0.31727564896416754,0.1386100690019025,106,0.7662037037037037,0.32974137931034486,0.07954545454545459,0.39183017918650104,0.28374419475625584,124,0.24041127836033913,0.26511336845475447,0.5,0.33517488227169784,0.11698443739623274,117,0.8588039867109635,0.6694537346711259,0.5,0.676085907127363,0.14655616557833673,126
0.04731027285257975,0.0007852403726143419,6.418738842010498,2.5652453484443565,3,90,"[0, 33, 66, 100]","{'clf__nstates': 3, 'clf__pew': np.int64(90), 'discretize__bins': [0, 33, 66, 100]}",0.009900990099009901,0.0013736263736263737,0.0008230452674897119,0.004032553913375329,0.0041556942731034805,109,1451.3176517652182,1451.123316555283,1451.7497805715404,1451.3969162973472,0.2618223831233156,91,-0.34117411739085285,-0.4383417223585287,-0.1251097142298258,-0.3015418513264025,0.13091119156165243,98,0.7685185185185185,0.21659482758620685,0.08030303030303032,0.35513879213591854,0.2975521938974567,127,0.2434995688125815,0.5995055624227441,0.5,0.4476683770784418,0.149975588990993,94,0.8609271523178809,0.6168359941944848,0.5,0.6592543821707886,0.15036974883921936,127
0.04739872614542643,0.0022214616901238423,6.537206808725993,2.6555405766667706,3,80,"[0, 33, 66, 100]","{'clf__nstates': 3, 'clf__pew': np.int64(80), 'discretize__bins': [0, 33, 66, 100]}",0.009708737864077669,0.0013736263736263737,0.0008230452674897119,0.003968469835064585,0.004065201321155856,110,1451.3528981957807,1451.1675609556742,1451.7793027720975,1451.4332539745174,0.25612471034312023,88,-0.3235509021097236,-0.4162195221628861,-0.11034861395130688,-0.28337301274130555,0.12806235517153278,94,0.7638888888888888,0.21659482758620685,0.08030303030303032,0.3535955822593753,0.2954085437721853,128,0.23815625824056907,0.5989010989010989,0.5,0.44568578571388934,0.15219885111466497,95,0.8571428571428571,0.6175616835994194,0.5,0.6582348469140922,0.14861243726004753,128
0.0498201052347819,0.005070103949341563,6.4535706837972,2.5682028921012603,3,60,"[0, 33, 66, 100]","{'clf__nstates': 3, 'clf__pew': np.int64(60), 'discretize__bins': [0, 33, 66, 100]}",0.009009009009009009,0.0013908205841446453,0.0008230452674897119,0.003740958286881122,0.003732279108063844,116,1451.417529245133,1451.408497061942,1451.8206286891036,1451.5488849987262,0.19218718311108268,81,-0.2912353774335123,-0.2957514690290448,-0.08968565544817038,-0.2255575006369092,0.09609359155555677,79,0.7453703703703703,0.2262931034482759,0.08030303030303032,0.3506555013738922,0.2853981385356472,130,0.3121449210482993,0.601907032181168,0.5,0.4713506510764891,0.12001696868179393,87,0.8471760797342193,0.6240928882438317,0.5,0.6570896559926837,0.14364167825137894,129
0.048314174016316734,0.0006978074881432419,6.352752526601155,2.4785986088225136,3,70,"[0, 33, 66, 100]","{'clf__nstates': 3, 'clf__pew': np.int64(70), 'discretize__bins': [0, 33, 66, 100]}",0.009259259259259259,0.0013812154696132596,0.0008237232289950577,0.003821399319289192,0.0038518774595112117,114,1451.3790787397324,1451.3233860129299,1451.8028024590285,1451.5017557372303,0.21408295352311832,84,-0.31046063013379693,-0.33830699353510646,-0.09859877048576203,-0.24912213138488848,0.10704147676156799,84,0.7523148148148148,0.22090517241379315,0.08106060606060606,0.35142686442973803,0.2891625693361073,129,0.2694550047046059,0.6001206272617612,0.5,0.45652521065545565,0.13844970558941164,90,0.85,0.6204644412191582,0.5,0.6568214804063861,0.1451812102714999,130
