,Eqr,RSAM,CO2,H2S,SO2
2009-01-01,0.14285714285714285,84.31744142975201,,,
2009-01-02,0.14285714285714285,112.40174393341512,,,
2009-01-03,0.14285714285714285,134.87517999492482,,,
2009-01-04,0.14285714285714285,157.10968755742337,,,
2009-01-05,0.14285714285714285,91.86424947351838,,,
2009-01-06,0.14285714285714285,188.19570484053244,,,
2009-01-07,0.14285714285714285,186.5144794511404,,,
2009-01-08,0.14285714285714285,146.2737996575116,,,
2009-01-09,0.14285714285714285,91.32369745954216,,,
2009-01-10,0.14285714285714285,481.8837336871888,,,
2009-01-11,0.14285714285714285,188.8957829496717,,,
2009-01-12,0.14285714285714285,109.37905359396528,,,
2009-01-13,0.14285714285714285,112.0184202637433,3110.00256,2.900016,282.00009600000004
2009-01-14,0.14285714285714285,109.2833792174822,,,
2009-01-15,0.14285714285714285,99.15749409381232,,,
2009-01-16,0.14285714285714285,121.77968517909233,,,
2009-01-17,0.14285714285714285,329.7302397957309,,,
2009-01-18,0.14285714285714285,379.7788041642147,,,
2009-01-19,0.14285714285714285,151.3469161061119,,,
2009-01-20,0.14285714285714285,128.80057044466506,,,
2009-01-21,0.14285714285714285,115.76893709812325,,,
2009-01-22,0.14285714285714285,335.9184156548157,,,
2009-01-23,0.14285714285714285,104.6661109393257,,,
2009-01-24,0.14285714285714285,102.33919766174716,,,
2009-01-25,0.14285714285714285,352.8972316728045,,,
2009-01-26,0.14285714285714285,298.7310922424353,,,
2009-01-27,0.14285714285714285,210.36377438383687,,,
2009-01-28,0.14285714285714285,397.99653706238246,,,
2009-01-29,0.14285714285714285,457.67266481440765,,,
2009-01-30,0.14285714285714285,666.5930687081906,,,
2009-01-31,0.14285714285714285,480.11176044530566,,,
2009-02-01,0.14285714285714285,565.8626873972265,,,
2009-02-02,0.14285714285714285,193.11025397813492,,,
2009-02-03,0.14285714285714285,391.2090294776973,,,
2009-02-04,0.14285714285714285,99.23188037980562,,,
2009-02-05,0.14285714285714285,482.4782289214946,,,
2009-02-06,0.14285714285714285,85.26477898712194,,,
2009-02-07,0.14285714285714285,102.80509610279654,,,
2009-02-08,0.14285714285714285,108.6072454070459,,,
2009-02-09,0.14285714285714285,107.1244429898579,,,
2009-02-10,0.14285714285714285,113.92792639211306,,,
2009-02-11,0.14285714285714285,92.85227359434334,,,
2009-02-12,0.14285714285714285,188.7210636622265,,,
2009-02-13,0.14285714285714285,117.20217711335788,,,
2009-02-14,0.14285714285714285,115.60852407599133,,,
2009-02-15,0.14285714285714285,89.60463049675366,,,
2009-02-16,0.14285714285714285,291.184531261299,,,
2009-02-17,0.14285714285714285,153.54060551755387,,,
2009-02-18,0.14285714285714285,690.6484615866084,1759.00032,2.2000032000000003,228.999744
2009-02-19,0.14285714285714285,108.6407407718144,,,
2009-02-20,0.14285714285714285,116.30854481850412,,,
2009-02-21,0.14285714285714285,122.13752978371276,,,
2009-02-22,0.14285714285714285,122.30682127572383,,,
2009-02-23,0.14285714285714285,198.89635946731744,,,
2009-02-24,0.14285714285714285,119.0734524472798,,,
2009-02-25,0.19047619047619047,117.00722997443953,,,
2009-02-26,0.23809523809523808,145.60213209164232,,,
2009-02-27,0.2857142857142857,233.4130981685172,,,
2009-02-28,0.2792207792207792,236.0129352426423,,,
2009-03-01,0.2727272727272727,135.9202972780765,,,
2009-03-02,0.2662337662337662,247.7284833099555,,,
2009-03-03,0.2597402597402597,107.20956269651174,,,
2009-03-04,0.2532467532467532,149.29684691908665,,,
2009-03-05,0.24675324675324672,234.818603549934,,,
2009-03-06,0.24025974025974026,101.2013044231986,,,
2009-03-07,0.23376623376623376,86.84974015261368,,,
2009-03-08,0.22727272727272727,92.45456797215866,,,
2009-03-09,0.22077922077922077,78.91561461899249,,,
2009-03-10,0.21428571428571427,103.95215904916516,,,
2009-03-11,0.20779220779220778,363.0939178248721,,,
2009-03-12,0.20129870129870128,83.88012094845563,,,
2009-03-13,0.19480519480519481,187.40866647501545,,,
2009-03-14,0.18831168831168832,304.52714909355086,,,
2009-03-15,0.18181818181818182,160.01532868304585,,,
2009-03-16,0.17532467532467533,161.68318848746267,,,
2009-03-17,0.16883116883116883,163.37473022790294,,,
2009-03-18,0.16233766233766234,301.0778498311758,,,
2009-03-19,0.15584415584415584,1282.8490560788978,,,
2009-03-20,0.14935064935064934,115.75641065113216,,,
2009-03-21,0.14285714285714285,845.5729875381011,,,
2009-03-22,0.14285714285714285,154.23193192478712,,,
2009-03-23,0.14285714285714285,169.44686281493654,,,
2009-03-24,0.14285714285714285,136.14472020241263,,,
2009-03-25,0.14285714285714285,134.9370873045044,,,
2009-03-26,0.14285714285714285,266.396403720427,,,
2009-03-27,0.14285714285714285,154.25203707761855,1231.0012800000002,1.0999584,321.000192
2009-03-28,0.14285714285714285,170.44605146372746,,,
2009-03-29,0.14285714285714285,201.53467046569315,,,
2009-03-30,0.14285714285714285,121.78067749003618,,,
2009-03-31,0.14285714285714285,165.55900193086995,,,
2009-04-01,0.14285714285714285,207.4054211486924,,,
2009-04-02,0.14285714285714285,140.02342004571088,,,
2009-04-03,0.14285714285714285,133.72187379523265,,,
2009-04-04,0.14285714285714285,150.6752170702159,,,
2009-04-05,0.14285714285714285,289.30393994020665,,,
2009-04-06,0.14285714285714285,333.0740478793902,,,
2009-04-07,0.14285714285714285,489.5946557366058,,,
2009-04-08,0.14285714285714285,534.0042665775192,,,
2009-04-09,0.14285714285714285,388.8555259292116,,,
2009-04-10,0.14285714285714285,259.90645722061134,,,
2009-04-11,0.14285714285714285,177.6060316683747,,,
2009-04-12,0.14285714285714285,217.2805718929048,,,
2009-04-13,0.14285714285714285,116.80722892087113,,,
2009-04-14,0.14285714285714285,174.96861020195547,,,
2009-04-15,0.14285714285714285,140.5820322427976,,,
2009-04-16,0.16666666666666666,109.13037953834728,,,
2009-04-17,0.19047619047619047,142.16978028117495,,,
2009-04-18,0.21428571428571427,392.2252050141368,,,
2009-04-19,0.23809523809523808,130.18091475698935,,,
2009-04-20,0.26190476190476186,338.9457316965661,,,
2009-04-21,0.2857142857142857,121.61500382431612,,,
2009-04-22,0.28316326530612246,104.33548828333188,,,
2009-04-23,0.28061224489795916,98.69572528493308,,,
2009-04-24,0.2780612244897959,156.53309361015317,,,
2009-04-25,0.2755102040816326,161.09604566430022,,,
2009-04-26,0.2729591836734694,438.33985869324056,,,
2009-04-27,0.2704081632653061,181.12944961700688,,,
2009-04-28,0.26785714285714285,155.63289576981452,,,
2009-04-29,0.26530612244897955,351.49193812014784,,,
2009-04-30,0.2627551020408163,316.8133604066048,,,
2009-05-01,0.2602040816326531,236.19304045121683,,,
2009-05-02,0.2576530612244898,231.8052137405328,,,
2009-05-03,0.25510204081632654,283.9903911530941,,,
2009-05-04,0.25255102040816324,144.67371905215643,,,
2009-05-05,0.25,237.9338988423607,,,
2009-05-06,0.24744897959183673,119.7425970538669,,,
2009-05-07,0.24489795918367346,143.66995174855626,1364.9990400000002,1.0999584,203.99990400000002
2009-05-08,0.2423469387755102,131.11703409209989,,,
2009-05-09,0.23979591836734693,273.1792714893796,,,
2009-05-10,0.23724489795918366,266.8738927480786,,,
2009-05-11,0.2346938775510204,1254.103067099696,,,
2009-05-12,0.23214285714285712,262.012270205685,,,
2009-05-13,0.22959183673469385,212.0716480823331,,,
2009-05-14,0.22704081632653061,142.00846526380388,,,
2009-05-15,0.22448979591836732,143.19814047031707,,,
2009-05-16,0.22193877551020408,712.8625417682612,,,
2009-05-17,0.2193877551020408,91.8543152128423,,,
2009-05-18,0.21683673469387754,130.06658737472154,,,
2009-05-19,0.21428571428571427,168.82666424543456,,,
2009-05-20,0.25,120.00879036830618,,,
2009-05-21,0.2857142857142857,112.81262316735749,,,
2009-05-22,0.3214285714285714,143.49601130796682,,,
2009-05-23,0.3571428571428571,145.56952465050423,,,
2009-05-24,0.3928571428571428,147.4908493789639,,,
2009-05-25,0.42857142857142855,113.04620600202826,,,
2009-05-26,0.4264497878359264,104.423511891977,,,
2009-05-27,0.4243281471004243,91.21787371909168,,,
2009-05-28,0.4222065063649222,120.69681795341002,,,
2009-05-29,0.42008486562942005,101.86402277872112,,,
2009-05-30,0.41796322489391796,100.74944053599972,,,
2009-05-31,0.4158415841584158,116.83909389027308,,,
2009-06-01,0.4137199434229137,73.30366852866575,,,
2009-06-02,0.4115983026874116,266.8899069442714,,,
2009-06-03,0.40947666195190946,113.2736970203578,,,
2009-06-04,0.4073550212164073,246.0751003468352,,,
2009-06-05,0.4052333804809052,150.13473560980137,,,
2009-06-06,0.4031117397454031,105.60245691125296,,,
2009-06-07,0.40099009900990096,99.15349116203274,,,
2009-06-08,0.3988684582743989,131.40773453721206,,,
2009-06-09,0.39674681753889673,191.20238608257392,,,
2009-06-10,0.3946251768033946,158.27892223768382,,,
2009-06-11,0.39250353606789246,177.4750960781181,,,
2009-06-12,0.39038189533239037,364.5981065933321,,,
2009-06-13,0.38826025459688823,256.21653869414706,,,
2009-06-14,0.3861386138613861,169.45653704882022,,,
2009-06-15,0.384016973125884,237.1260057136686,,,
2009-06-16,0.38189533239038187,132.6890146922668,,,
2009-06-17,0.37977369165487973,295.80198510089696,,,
2009-06-18,0.37765205091937765,394.9501525380255,,,
2009-06-19,0.3755304101838755,369.7107865393023,,,
2009-06-20,0.37340876944837337,289.95730190580065,,,
2009-06-21,0.3712871287128713,195.69227387680448,,,
2009-06-22,0.36916548797736914,290.6433631634312,,,
2009-06-23,0.367043847241867,160.61751222134862,,,
2009-06-24,0.36492220650636487,399.1984543553724,,,
2009-06-25,0.3628005657708628,462.63398945698606,1390.9968000000001,1.6000416000000002,638.0000640000001
2009-06-26,0.36067892503536064,448.4855322562584,,,
2009-06-27,0.35855728429985856,389.5620056569945,,,
2009-06-28,0.3564356435643564,103.929929208705,,,
2009-06-29,0.3543140028288543,126.16626920226602,,,
2009-06-30,0.35219236209335214,130.18791418786503,,,
2009-07-01,0.35007072135785006,91.99611839407662,,,
2009-07-02,0.3479490806223479,500.3996967362904,,,
2009-07-03,0.34582743988684583,186.17868823055923,,,
2009-07-04,0.3437057991513437,122.62764374127828,,,
2009-07-05,0.34158415841584155,132.72031790266232,,,
2009-07-06,0.3394625176803394,148.96816980815154,,,
2009-07-07,0.33734087694483733,117.80988355303526,,,
2009-07-08,0.3352192362093352,179.07158476376387,,,
2009-07-09,0.3330975954738331,113.2999145629982,,,
2009-07-10,0.33097595473833097,136.98337321484593,,,
2009-07-11,0.32885431400282883,284.48201670971486,,,
2009-07-12,0.3267326732673267,824.8688140471038,,,
2009-07-13,0.3246110325318246,140.5621109789784,,,
2009-07-14,0.32248939179632247,122.0520764726409,,,
2009-07-15,0.3203677510608203,169.54732579424004,,,
2009-07-16,0.31824611032531824,118.71268064587416,,,
2009-07-17,0.3161244695898161,150.2739691071341,,,
2009-07-18,0.31400282885431396,135.90142979170568,,,
2009-07-19,0.3118811881188118,115.59697024642792,,,
2009-07-20,0.30975954738330974,149.10481803375575,,,
2009-07-21,0.3076379066478076,123.75340151887968,,,
2009-07-22,0.3055162659123055,108.32090190724428,,,
2009-07-23,0.3033946251768034,149.67571894180608,,,
2009-07-24,0.30127298444130124,143.31495826821546,,,
2009-07-25,0.2991513437057991,558.0158958186609,,,
2009-07-26,0.297029702970297,152.7109310961857,,,
2009-07-27,0.2949080622347949,140.1692368569841,,,
2009-07-28,0.2927864214992928,115.83356832678326,,,
2009-07-29,0.29066478076379065,97.8510589101175,,,
2009-07-30,0.2885431400282885,99.87978214294218,,,
2009-07-31,0.2864214992927864,82.02856385535819,,,
2009-08-01,0.2842998585572843,77.52127062153166,,,
2009-08-02,0.28217821782178215,136.9355938553673,,,
2009-08-03,0.28005657708628007,79.86770711953778,,,
2009-08-04,0.27793493635077793,74.12315649606207,,,
2009-08-05,0.2758132956152758,292.4115168943361,,,
2009-08-06,0.27369165487977365,78.71458090372252,1803.99744,2.7,95.00025600000001
2009-08-07,0.2715700141442715,84.53923067595082,,,
2009-08-08,0.2694483734087694,82.28548081622264,,,
2009-08-09,0.26732673267326734,365.38127693604247,,,
2009-08-10,0.2652050919377652,144.91384624634145,,,
2009-08-11,0.26308345120226306,131.70675743777602,,,
2009-08-12,0.2609618104667609,231.52393056627147,,,
2009-08-13,0.2588401697312588,104.36420266790893,,,
2009-08-14,0.2567185289957567,143.69049217860018,,,
2009-08-15,0.2545968882602546,141.5318540560013,,,
2009-08-16,0.2524752475247525,216.3351775543627,,,
2009-08-17,0.25035360678925034,72.34923534779195,,,
2009-08-18,0.2482319660537482,206.41245558343456,,,
2009-08-19,0.2461103253182461,75.87485677199655,,,
2009-08-20,0.24398868458274398,78.05926301113564,,,
2009-08-21,0.24186704384724184,1409.4278025247872,,,
2009-08-22,0.23974540311173972,169.4735946357683,,,
2009-08-23,0.2376237623762376,113.92823291004989,,,
2009-08-24,0.23550212164073547,106.59203121180576,,,
2009-08-25,0.23338048090523336,100.1485290709432,,,
2009-08-26,0.23125884016973125,92.0949371745133,,,
2009-08-27,0.2291371994342291,107.32394909636606,,,
2009-08-28,0.227015558698727,120.09609826243911,,,
2009-08-29,0.2248939179632249,116.03909990475545,,,
2009-08-30,0.22277227722772275,192.34925106882247,,,
2009-08-31,0.22065063649222064,231.10762190624783,,,
2009-09-01,0.2185289957567185,181.00798134988784,,,
2009-09-02,0.21640735502121639,427.2940201201336,,,
2009-09-03,0.21428571428571427,177.75227151232176,,,
2009-09-04,0.21279761904761904,92.70096162607295,,,
2009-09-05,0.2113095238095238,179.40345104460602,,,
2009-09-06,0.20982142857142855,127.09547903130267,,,
2009-09-07,0.20833333333333331,150.55072463139206,,,
2009-09-08,0.20684523809523808,87.89736461929778,1579.0032,2.4000192,132.99984
2009-09-09,0.20535714285714285,398.6916896058686,,,
2009-09-10,0.20386904761904762,77.17538037735177,,,
2009-09-11,0.20238095238095238,102.48665255206338,,,
2009-09-12,0.20089285714285712,272.0618383160411,,,
2009-09-13,0.1994047619047619,94.5567594184709,,,
2009-09-14,0.19791666666666666,91.92480130556972,,,
2009-09-15,0.19642857142857142,88.66212110626721,,,
2009-09-16,0.19494047619047616,106.29777000412255,,,
2009-09-17,0.19345238095238093,106.16598326550314,,,
2009-09-18,0.1919642857142857,94.91946219259694,,,
2009-09-19,0.19047619047619047,106.06126845856734,,,
2009-09-20,0.18898809523809523,112.56450883092536,,,
2009-09-21,0.1875,97.47996405487348,,,
2009-09-22,0.18601190476190477,167.66102599146183,,,
2009-09-23,0.1845238095238095,244.9979533300101,,,
2009-09-24,0.18303571428571427,151.0750908877981,,,
2009-09-25,0.18154761904761904,134.3451013946589,,,
2009-09-26,0.1800595238095238,119.353999328922,,,
2009-09-27,0.17857142857142855,121.41158320918731,,,
2009-09-28,0.17708333333333331,113.34890111535316,,,
2009-09-29,0.17559523809523808,568.5851978779707,,,
2009-09-30,0.17410714285714285,267.74877025438707,,,
2009-10-01,0.17261904761904762,162.40298470090622,,,
2009-10-02,0.17113095238095238,125.52525904084771,,,
2009-10-03,0.16964285714285715,121.94470448860514,,,
2009-10-04,0.1681547619047619,266.1440409186289,,,
2009-10-05,0.16666666666666666,228.7008534249792,,,
2009-10-06,0.16517857142857142,115.60826720542916,,,
2009-10-07,0.16369047619047616,100.597559764445,,,
2009-10-08,0.16220238095238093,110.1278149294522,,,
2009-10-09,0.1607142857142857,126.43203480066776,,,
2009-10-10,0.15922619047619047,410.5673315354505,,,
2009-10-11,0.15773809523809523,85.98809212236206,,,
2009-10-12,0.15625,77.16798234214512,,,
2009-10-13,0.15476190476190477,77.66507858160476,,,
2009-10-14,0.1532738095238095,183.8570100642613,1140.9984,2.4000192,196.999776
2009-10-15,0.15178571428571427,94.49929224124016,,,
2009-10-16,0.15029761904761904,131.36219201429762,,,
2009-10-17,0.1488095238095238,87.60190507197528,,,
2009-10-18,0.14732142857142855,100.71987069308628,,,
2009-10-19,0.14583333333333331,77.23786558181828,,,
2009-10-20,0.14434523809523808,88.94985314474486,,,
2009-10-21,0.14285714285714285,109.45919418282728,,,
2009-10-22,0.19047619047619047,105.9978841787248,,,
2009-10-23,0.23809523809523808,87.29729328490613,,,
2009-10-24,0.2857142857142857,114.3384188516675,,,
2009-10-25,0.2747252747252747,210.51107888450952,,,
2009-10-26,0.26373626373626374,94.08739386080732,,,
2009-10-27,0.25274725274725274,883.5029357416544,,,
2009-10-28,0.24175824175824173,85.72133477422932,,,
2009-10-29,0.23076923076923075,98.66731752128048,,,
2009-10-30,0.21978021978021978,129.56894080030892,,,
2009-10-31,0.20879120879120877,94.97986359004412,,,
2009-11-01,0.1978021978021978,84.53478683841558,,,
2009-11-02,0.18681318681318682,98.73239185786376,,,
2009-11-03,0.1758241758241758,88.57975981214545,,,
2009-11-04,0.16483516483516483,82.14130213036881,,,
2009-11-05,0.15384615384615385,89.2993448678183,,,
2009-11-06,0.14285714285714285,97.75488399640427,,,
2009-11-07,0.14511278195488722,106.33554915085882,,,
2009-11-08,0.14736842105263157,114.4578857602191,,,
2009-11-09,0.14962406015037594,139.35148963765394,,,
2009-11-10,0.15187969924812028,187.33433477490323,,,
2009-11-11,0.15413533834586465,143.5441747486172,,,
2009-11-12,0.15639097744360902,107.6574836377268,,,
2009-11-13,0.15864661654135337,163.62608557949244,,,
2009-11-14,0.16090225563909774,114.86116244401462,,,
2009-11-15,0.16315789473684209,212.54972506612708,,,
2009-11-16,0.16541353383458646,112.2131365227821,,,
2009-11-17,0.1676691729323308,116.8640088633421,,,
2009-11-18,0.16992481203007517,130.77891287515243,,,
2009-11-19,0.17218045112781954,136.07272200995143,,,
2009-11-20,0.1744360902255639,118.15656187191686,,,
2009-11-21,0.17669172932330826,113.47496164849916,3030.9984000000004,2.7999648,225.99993600000002
2009-11-22,0.17894736842105263,893.7228246259967,,,
2009-11-23,0.18120300751879698,126.3254565838252,,,
2009-11-24,0.18345864661654135,191.1708487723406,,,
2009-11-25,0.1857142857142857,122.74863400206156,,,
2009-11-26,0.18796992481203006,121.55875827290076,,,
2009-11-27,0.1902255639097744,120.41399442733398,,,
2009-11-28,0.19248120300751878,193.01544698515912,,,
2009-11-29,0.19473684210526315,240.76832689240447,,,
2009-11-30,0.1969924812030075,112.94658123058782,,,
2009-12-01,0.19924812030075187,94.1298601812356,,,
2009-12-02,0.20150375939849624,141.30843040931444,,,
2009-12-03,0.20375939849624058,119.37260749899625,,,
2009-12-04,0.20601503759398493,119.27460521830648,,,
2009-12-05,0.2082706766917293,137.22050202704764,,,
2009-12-06,0.21052631578947367,100.1430418899714,,,
2009-12-07,0.21278195488721802,129.71443156021903,,,
2009-12-08,0.2150375939849624,106.60382913810218,,,
2009-12-09,0.21729323308270676,130.0583243403844,,,
2009-12-10,0.2195488721804511,104.93526849074728,,,
2009-12-11,0.22180451127819548,102.33119157559643,,,
2009-12-12,0.22406015037593985,104.14812274523987,,,
2009-12-13,0.2263157894736842,124.50723662741238,,,
2009-12-14,0.22857142857142854,107.8276315642342,,,
2009-12-15,0.2308270676691729,109.14068476320216,,,
2009-12-16,0.23308270676691728,140.6922238355963,,,
2009-12-17,0.23533834586466162,100.61137188932558,,,
2009-12-18,0.237593984962406,119.79359444589892,2324.9980800000003,3.2999616,198.99993600000002
2009-12-19,0.23984962406015037,113.09931823686956,,,
2009-12-20,0.2421052631578947,116.5093824578985,,,
2009-12-21,0.24436090225563906,237.9409577136956,,,
2009-12-22,0.24661654135338346,110.42401215702782,,,
2009-12-23,0.2488721804511278,109.05242075710876,,,
2009-12-24,0.25112781954887214,128.4755494541898,,,
2009-12-25,0.2533834586466165,117.6856433744402,,,
2009-12-26,0.2556390977443609,138.03943894724972,,,
2009-12-27,0.25789473684210523,114.58342868225952,,,
2009-12-28,0.2601503759398496,115.73266612914696,,,
2009-12-29,0.262406015037594,159.86206500049457,,,
2009-12-30,0.2646616541353383,95.24980350939148,,,
2009-12-31,0.26691729323308266,,,,
2010-01-01,0.26917293233082706,,,,
2010-01-02,0.2714285714285714,,,,
2010-01-03,0.27368421052631575,,,,
2010-01-04,0.27593984962406015,,,,
2010-01-05,0.2781954887218045,101.58823609704685,,,
2010-01-06,0.28045112781954884,105.77668000601582,,,
2010-01-07,0.28270676691729324,106.27333946390831,,,
2010-01-08,0.28496240601503753,264.8273257080738,,,
2010-01-09,0.28721804511278193,105.46330469949916,,,
2010-01-10,0.2894736842105263,322.9809530598731,,,
2010-01-11,0.2917293233082706,101.65974562519705,,,
2010-01-12,0.293984962406015,96.39503420167766,,,
2010-01-13,0.29624060150375936,89.67776723501123,,,
2010-01-14,0.2984962406015037,103.40506798010722,,,
2010-01-15,0.3007518796992481,109.40816774046723,,,
2010-01-16,0.30300751879699245,98.26791327987708,,,
2010-01-17,0.3052631578947368,108.2857035717104,,,
2010-01-18,0.3075187969924812,88.99831926105979,,,
2010-01-19,0.30977443609022554,358.13900306925854,,,
2010-01-20,0.3120300751879699,85.34050421279679,,,
2010-01-21,0.3142857142857143,100.55065770357356,,,
2010-01-22,0.3165413533834586,124.56049958912448,,,
2010-01-23,0.31879699248120297,299.0290301158232,,,
2010-01-24,0.32105263157894737,94.63789992618764,,,
2010-01-25,0.3233082706766917,110.33207385521824,,,
2010-01-26,0.32556390977443606,108.0711627358786,,,
2010-01-27,0.32781954887218046,92.68107877206876,,,
2010-01-28,0.33007518796992474,106.4503212548201,2725.99776,2.7,108.99964800000001
2010-01-29,0.33233082706766914,118.60096574867562,,,
2010-01-30,0.3345864661654135,138.21495672214456,,,
2010-01-31,0.33684210526315783,173.77515555175597,,,
2010-02-01,0.33909774436090223,175.8072593173404,,,
2010-02-02,0.3413533834586466,196.51690440558764,,,
2010-02-03,0.3436090225563909,210.62844130480548,,,
2010-02-04,0.3458646616541353,191.99220961915444,,,
2010-02-05,0.34812030075187966,345.78666150781845,,,
2010-02-06,0.350375939849624,341.68500225013634,,,
2010-02-07,0.3526315789473684,393.4109360101231,,,
2010-02-08,0.35488721804511275,160.57767435582008,,,
2010-02-09,0.3571428571428571,270.6541940170485,,,
2010-02-10,0.47619047619047616,158.13436713183938,,,
2010-02-11,0.5952380952380952,175.44618729250456,,,
2010-02-12,0.7142857142857143,1295.1487787247672,,,
2010-02-13,0.6666666666666667,493.09764443906016,,,
2010-02-14,0.6190476190476191,187.51689285374368,,,
2010-02-15,0.5714285714285714,171.83746538137203,,,
2010-02-16,0.5238095238095238,200.98329039563703,,,
2010-02-17,0.4761904761904762,243.25273067078328,,,
2010-02-18,0.4285714285714286,324.7304642357164,,,
2010-02-19,0.380952380952381,389.1460362829925,,,
2010-02-20,0.33333333333333337,486.9383187534864,,,
2010-02-21,0.28571428571428575,732.3978483829354,,,
2010-02-22,0.23809523809523814,434.82138377834207,,,
2010-02-23,0.19047619047619058,441.4791057972528,,,
2010-02-24,0.14285714285714285,466.193862543432,,,
2010-02-25,0.17857142857142855,267.69356764332207,,,
2010-02-26,0.21428571428571427,320.5450972487425,,,
2010-02-27,0.25,386.825115384054,,,
2010-02-28,0.2857142857142857,409.3179814526374,,,
2010-03-01,0.2857142857142857,439.43633025180935,,,
2010-03-02,0.2857142857142857,238.3062838154625,,,
2010-03-03,0.2857142857142857,160.7117005071694,,,
2010-03-04,0.2857142857142857,184.738676030088,,,
2010-03-05,0.2857142857142857,255.059723925834,,,
2010-03-06,0.2857142857142857,284.3987575081563,,,
2010-03-07,0.28174603174603174,364.7524330507713,,,
2010-03-08,0.2777777777777778,200.4007776687397,,,
2010-03-09,0.2738095238095238,324.24280956159765,,,
2010-03-10,0.2698412698412698,204.9864664430689,,,
2010-03-11,0.26587301587301587,256.30436454380487,,,
2010-03-12,0.26190476190476186,261.7369295080658,,,
2010-03-13,0.2579365079365079,229.1323024507996,,,
2010-03-14,0.25396825396825395,213.7817475471861,,,
2010-03-15,0.25,267.8779955338976,,,
2010-03-16,0.24603174603174602,285.74103341997983,,,
2010-03-17,0.24206349206349204,462.1511711267766,,,
2010-03-18,0.23809523809523808,533.6333421249404,,,
2010-03-19,0.23412698412698413,310.3421696724725,,,
2010-03-20,0.23015873015873015,245.17625043211305,,,
2010-03-21,0.22619047619047616,297.6565281344425,,,
2010-03-22,0.2222222222222222,275.6543882788608,,,
2010-03-23,0.21825396825396826,185.07753244548465,,,
2010-03-24,0.21428571428571427,176.42016506787945,,,
2010-03-25,0.2103174603174603,176.7310159536708,,,
2010-03-26,0.20634920634920634,174.19417687741958,,,
2010-03-27,0.20238095238095238,145.65632540154544,,,
2010-03-28,0.1984126984126984,119.40905788317328,,,
2010-03-29,0.19444444444444442,106.80435007304295,,,
2010-03-30,0.19047619047619047,294.1118493679828,1854.99936,2.900016,139.99996800000002
2010-03-31,0.1865079365079365,78.61042369983592,,,
2010-04-01,0.18253968253968253,114.38149321617117,,,
2010-04-02,0.17857142857142855,116.60891960361616,,,
2010-04-03,0.1746031746031746,194.8348318677249,,,
2010-04-04,0.17063492063492064,143.48025630511722,,,
2010-04-05,0.16666666666666666,223.89302574242623,,,
2010-04-06,0.16269841269841268,126.91134683406251,,,
2010-04-07,0.15873015873015872,116.81016892086664,,,
2010-04-08,0.15476190476190477,266.59323231179656,,,
2010-04-09,0.15079365079365079,148.4772708945981,,,
2010-04-10,0.1468253968253968,140.31266967626684,,,
2010-04-11,0.14285714285714285,113.57431560451693,,,
2010-04-12,0.14285714285714285,174.08463993520442,,,
2010-04-13,0.14285714285714285,267.54618001052137,,,
2010-04-14,0.14285714285714285,142.31262757477344,,,
2010-04-15,0.14285714285714285,103.39742801132668,,,
2010-04-16,0.14285714285714285,111.3401016429164,,,
2010-04-17,0.14285714285714285,261.885411967291,,,
2010-04-18,0.14285714285714285,140.36131072828428,,,
2010-04-19,0.14285714285714285,103.15536706768592,,,
2010-04-20,0.14285714285714285,75.66846899081335,,,
2010-04-21,0.14285714285714285,136.9580020341504,,,
2010-04-22,0.14285714285714285,135.46937181115536,,,
2010-04-23,0.14285714285714285,86.26593982828079,,,
2010-04-24,0.14285714285714285,275.2793363888916,,,
2010-04-25,0.14285714285714285,112.01076746346688,,,
2010-04-26,0.14285714285714285,144.9703610665725,,,
2010-04-27,0.14285714285714285,130.89033396132166,,,
2010-04-28,0.14285714285714285,133.84857669152953,,,
2010-04-29,0.14285714285714285,119.98841774943664,,,
2010-04-30,0.14285714285714285,153.3774893189435,,,
2010-05-01,0.14285714285714285,117.51000792758016,,,
2010-05-02,0.14285714285714285,92.60129271657397,,,
2010-05-03,0.14285714285714285,108.64989599567592,,,
2010-05-04,0.14285714285714285,131.3783551413808,,,
2010-05-05,0.14285714285714285,313.94681111642984,1216.00224,2.2999680000000002,238.00003200000003
2010-05-06,0.14285714285714285,391.6662347034156,,,
2010-05-07,0.19047619047619047,99.25456892641031,,,
2010-05-08,0.23809523809523808,800.5606979630873,,,
2010-05-09,0.2857142857142857,278.62845743165315,,,
2010-05-10,0.2845804988662131,391.3253155581851,,,
2010-05-11,0.2834467120181406,137.20712061307248,,,
2010-05-12,0.282312925170068,581.3127264277829,,,
2010-05-13,0.2811791383219954,116.2750017924263,,,
2010-05-14,0.2800453514739229,87.5777279767679,,,
2010-05-15,0.2789115646258503,1116.497016581235,,,
2010-05-16,0.2777777777777778,115.84492882448644,,,
2010-05-17,0.2766439909297052,358.4764991782198,,,
2010-05-18,0.2755102040816326,129.60597545256135,,,
2010-05-19,0.2743764172335601,1458.02411194939,,,
2010-05-20,0.2732426303854875,488.9374770618126,,,
2010-05-21,0.27210884353741494,188.46405484280868,,,
2010-05-22,0.2709750566893424,161.56134186897316,,,
2010-05-23,0.2698412698412698,170.8524701029682,,,
2010-05-24,0.26870748299319724,154.31673092702974,,,
2010-05-25,0.2675736961451247,105.40446591271996,,,
2010-05-26,0.26643990929705214,103.4144379994828,,,
2010-05-27,0.26530612244897955,98.72526692392272,,,
2010-05-28,0.264172335600907,93.47385663083335,,,
2010-05-29,0.26303854875283444,85.0767370526357,,,
2010-05-30,0.26190476190476186,67.52280951257492,,,
2010-05-31,0.26077097505668934,113.69417183232224,,,
2010-06-01,0.25963718820861675,160.74237819363995,,,
2010-06-02,0.25850340136054417,166.32345722527717,,,
2010-06-03,0.25736961451247165,151.50434337163946,,,
2010-06-04,0.25623582766439906,208.64082850948748,,,
2010-06-05,0.25510204081632654,135.7588575471075,,,
2010-06-06,0.25396825396825395,1541.519205757425,,,
2010-06-07,0.25283446712018137,254.14233311889268,,,
2010-06-08,0.25170068027210885,148.35992652345126,,,
2010-06-09,0.25056689342403626,92.72770178503356,,,
2010-06-10,0.2494331065759637,277.4167712308346,,,
2010-06-11,0.24829931972789115,85.06282448044357,,,
2010-06-12,0.24716553287981857,113.56322818545804,,,
2010-06-13,0.24603174603174602,261.6529047090881,,,
2010-06-14,0.24489795918367346,213.9172275782651,,,
2010-06-15,0.24376417233560088,183.9258334751555,,,
2010-06-16,0.24263038548752833,202.1402346885808,751.99968,1.7999712,171.000288
2010-06-17,0.24149659863945577,609.1108172493572,,,
2010-06-18,0.2403628117913832,114.4578742119092,,,
2010-06-19,0.23922902494331064,217.70524825158623,,,
2010-06-20,0.23809523809523808,192.8739670881933,,,
2010-06-21,0.2369614512471655,84.02085156138516,,,
2010-06-22,0.23582766439909295,105.3492063151718,,,
2010-06-23,0.2346938775510204,84.50906090383235,,,
2010-06-24,0.23356009070294784,198.2781184286555,,,
2010-06-25,0.23242630385487528,257.3615216383636,,,
2010-06-26,0.2312925170068027,163.06046179682795,,,
2010-06-27,0.23015873015873015,111.69198971581304,,,
2010-06-28,0.2290249433106576,112.4925921224608,,,
2010-06-29,0.227891156462585,117.019479659524,,,
2010-06-30,0.22675736961451246,140.70217695882792,,,
2010-07-01,0.2256235827664399,131.4701653654299,,,
2010-07-02,0.22448979591836732,189.1119783914289,,,
2010-07-03,0.22335600907029476,94.12131759478548,,,
2010-07-04,0.2222222222222222,317.2229385293169,,,
2010-07-05,0.22108843537414963,391.3458292046204,,,
2010-07-06,0.21995464852607707,244.8380241121105,,,
2010-07-07,0.21882086167800452,120.10083695629493,,,
2010-07-08,0.21768707482993194,119.44486264004792,,,
2010-07-09,0.2165532879818594,112.92761424783748,,,
2010-07-10,0.21541950113378683,123.28744475720671,,,
2010-07-11,0.21428571428571427,743.8791326137908,,,
2010-07-12,0.2571428571428571,130.8436815278535,,,
2010-07-13,0.3,182.3527158874756,,,
2010-07-14,0.34285714285714286,343.01963654393995,,,
2010-07-15,0.3857142857142857,134.29369960629805,1152.9993600000003,3.1999968,152.000064
2010-07-16,0.42857142857142855,95.08713172223378,,,
2010-07-17,0.40476190476190477,79.87734733468012,,,
2010-07-18,0.38095238095238093,99.0108138005355,,,
2010-07-19,0.3571428571428571,76.87840540179201,,,
2010-07-20,0.3333333333333333,91.99148796520252,,,
2010-07-21,0.30952380952380953,114.72132643188117,,,
2010-07-22,0.2857142857142857,92.2310178791366,,,
2010-07-23,0.26190476190476186,104.66254367641244,,,
2010-07-24,0.23809523809523808,89.46449066921305,,,
2010-07-25,0.21428571428571427,107.69176089922996,,,
2010-07-26,0.20879120879120877,107.43598570891716,,,
2010-07-27,0.2032967032967033,245.9086009756859,,,
2010-07-28,0.1978021978021978,1681.6354216790703,,,
2010-07-29,0.1923076923076923,336.76398378378855,,,
2010-07-30,0.18681318681318682,126.29687076046176,,,
2010-07-31,0.1813186813186813,172.49828563467295,,,
2010-08-01,0.1758241758241758,373.34414223057087,,,
2010-08-02,0.17032967032967034,553.5456373846998,,,
2010-08-03,0.16483516483516483,114.90156458304386,,,
2010-08-04,0.15934065934065933,153.80931508299903,,,
2010-08-05,0.15384615384615385,119.46692617989652,,,
2010-08-06,0.14835164835164835,149.75305834953826,,,
2010-08-07,0.14285714285714285,145.63483379294414,,,
2010-08-08,0.14285714285714285,137.11932968193128,,,
2010-08-09,0.14285714285714285,132.625495081543,,,
2010-08-10,0.14285714285714285,238.7482528656656,,,
2010-08-11,0.14285714285714285,136.7711623238873,,,
2010-08-12,0.14285714285714285,142.29818801429167,,,
2010-08-13,0.14285714285714285,163.63151856468747,,,
2010-08-14,0.14285714285714285,159.49046572398328,,,
2010-08-15,0.2857142857142857,517.8910290840226,,,
2010-08-16,0.3214285714285714,656.8191079612263,,,
2010-08-17,0.3571428571428571,187.05335003026423,,,
2010-08-18,0.39285714285714285,494.4350719879412,,,
2010-08-19,0.42857142857142855,112.11751893559313,2705.0025600000004,4.199990400000001,387.000288
2010-08-20,0.4081632653061224,185.80086556291607,,,
2010-08-21,0.3877551020408163,130.64345542595836,,,
2010-08-22,0.36734693877551017,141.46139786373632,,,
2010-08-23,0.3469387755102041,127.9178511777627,,,
2010-08-24,0.32653061224489793,208.56348449776848,,,
2010-08-25,0.30612244897959184,206.4783600626621,,,
2010-08-26,0.2857142857142857,144.30634950162772,,,
2010-08-27,0.26530612244897955,137.0912185132084,,,
2010-08-28,0.24489795918367346,141.72552873411206,,,
2010-08-29,0.22448979591836735,131.59355097237153,,,
2010-08-30,0.20408163265306123,130.24266885005335,,,
2010-08-31,0.18367346938775508,355.4526311763242,,,
2010-09-01,0.163265306122449,103.34738667549465,,,
2010-09-02,0.14285714285714285,109.5103973122533,,,
2010-09-03,0.14285714285714285,354.8230940057462,,,
2010-09-04,0.14285714285714285,98.32715371976794,,,
2010-09-05,0.14285714285714285,142.4179285096971,,,
2010-09-06,0.14285714285714285,108.87644289966909,,,
2010-09-07,0.14285714285714285,129.77010141119965,,,
2010-09-08,0.14285714285714285,107.76695962920188,,,
2010-09-09,0.14285714285714285,191.946268949782,,,
2010-09-10,0.14285714285714285,136.47314921146668,,,
2010-09-11,0.14285714285714285,113.21370028918804,,,
2010-09-12,0.14285714285714285,103.88874445083827,,,
2010-09-13,0.14285714285714285,86.46457670179929,,,
2010-09-14,0.14285714285714285,91.513813889549,,,
2010-09-15,0.14285714285714285,90.93201642189317,,,
2010-09-16,0.14285714285714285,107.77111327474046,,,
2010-09-17,0.14285714285714285,135.0712618545463,,,
2010-09-18,0.14285714285714285,105.08793094046584,,,
2010-09-19,0.14285714285714285,121.249682598427,,,
2010-09-20,0.14285714285714285,116.01620276111342,,,
2010-09-21,0.14285714285714285,126.61762920905788,,,
2010-09-22,0.14285714285714285,157.10057255132315,,,
2010-09-23,0.14285714285714285,111.28530938504387,,,
2010-09-24,0.14285714285714285,216.7761573116736,,,
2010-09-25,0.14285714285714285,162.9025782827766,,,
2010-09-26,0.14285714285714285,97.5129073084719,,,
2010-09-27,0.14285714285714285,111.9550612391742,,,
2010-09-28,0.14285714285714285,79.38123272931601,1898.0006400000002,2.6000352,265.00003200000003
2010-09-29,0.14285714285714285,729.1872408097543,,,
2010-09-30,0.14285714285714285,73.14727999579587,,,
2010-10-01,0.17857142857142855,72.756300161565,,,
2010-10-02,0.21428571428571425,125.46285859783715,,,
2010-10-03,0.24999999999999997,265.93865321767623,,,
2010-10-04,0.2857142857142857,65.61404495406894,,,
2010-10-05,0.3214285714285714,169.63504238831206,,,
2010-10-06,0.3571428571428571,103.03577616533742,,,
2010-10-07,0.3487394957983193,121.22169033414032,,,
2010-10-08,0.34033613445378147,64.57406229123652,,,
2010-10-09,0.33193277310924363,71.79565491316572,,,
2010-10-10,0.32352941176470584,114.40995971982072,,,
2010-10-11,0.31512605042016806,142.87780936213176,,,
2010-10-12,0.3067226890756302,152.5010744490935,,,
2010-10-13,0.2983193277310924,116.82230491842758,,,
2010-10-14,0.2899159663865546,163.11837203554862,,,
2010-10-15,0.2815126050420168,211.07071398987733,,,
2010-10-16,0.27310924369747897,138.23629103494872,,,
2010-10-17,0.2647058823529411,147.31682205109055,,,
2010-10-18,0.25630252100840334,97.24936510225322,,,
2010-10-19,0.24789915966386553,123.2395860958866,,,
2010-10-20,0.2394957983193277,173.88389381786035,,,
2010-10-21,0.2310924369747899,141.5702135134267,,,
2010-10-22,0.2226890756302521,156.3375791932738,,,
2010-10-23,0.21428571428571427,79.97926741538518,,,
2010-10-24,0.20982142857142855,165.12614084055653,,,
2010-10-25,0.20535714285714285,235.6842708545265,,,
2010-10-26,0.20089285714285712,186.22463943144848,,,
2010-10-27,0.19642857142857142,236.6818271131097,,,
2010-10-28,0.1919642857142857,187.9294440971812,,,
2010-10-29,0.1875,418.2539120189207,,,
2010-10-30,0.18303571428571427,133.09338770006607,,,
2010-10-31,0.17857142857142855,143.2006804809956,,,
2010-11-01,0.17410714285714285,166.74351408744204,,,
2010-11-02,0.16964285714285715,54.27094700331568,,,
2010-11-03,0.16517857142857142,45.91251028471512,1070.00352,1.7999712,240.000192
2010-11-04,0.1607142857142857,70.13684781549057,,,
2010-11-05,0.15625,57.588572614184336,,,
2010-11-06,0.15178571428571427,61.6474802625571,,,
2010-11-07,0.14732142857142855,237.3891942590351,,,
2010-11-08,0.14285714285714285,71.27220760274326,,,
2010-11-09,0.14285714285714285,46.34637668863171,,,
2010-11-10,0.14285714285714285,110.44031544611056,,,
2010-11-11,0.14285714285714285,71.57361761285115,,,
2010-11-12,0.14285714285714285,,,,
2010-11-13,0.14285714285714285,56.72104524239141,,,
2010-11-14,0.14285714285714285,144.53145152878437,,,
2010-11-15,0.14285714285714285,58.05786055619786,,,
2010-11-16,0.14285714285714285,125.09661132143152,,,
2010-11-17,0.14285714285714285,110.59276144205027,,,
2010-11-18,0.14285714285714285,116.07443988616504,,,
2010-11-19,0.14285714285714285,92.53128875237388,,,
2010-11-20,0.14285714285714285,86.19141138702982,,,
2010-11-21,0.14285714285714285,155.66309182799728,,,
2010-11-22,0.14285714285714285,257.23751908543863,,,
2010-11-23,0.14285714285714285,86.96759091377879,,,
2010-11-24,0.14285714285714285,114.10277371710924,,,
2010-11-25,0.14285714285714285,88.54859629102941,,,
2010-11-26,0.14285714285714285,158.89898825121804,,,
2010-11-27,0.14285714285714285,136.29906476552628,,,
2010-11-28,0.14285714285714285,94.25965601887428,,,
2010-11-29,0.14285714285714285,52.57376751353838,,,
2010-11-30,0.14285714285714285,62.5206276521124,,,
2010-12-01,0.14285714285714285,98.28586274464875,,,
2010-12-02,0.14285714285714285,70.11196612852422,,,
2010-12-03,0.14285714285714285,138.85863899339188,,,
2010-12-04,0.14285714285714285,145.82648779896763,,,
2010-12-05,0.14285714285714285,137.36673523914232,,,
2010-12-06,0.14285714285714285,180.8987451491396,2605.0032,1.7999712,260.99971200000005
2010-12-07,0.14285714285714285,104.91590934801512,,,
2010-12-08,0.14285714285714285,148.75334006019028,,,
2010-12-09,0.14285714285714285,117.727914396473,,,
2010-12-10,0.14285714285714285,111.78194872446642,,,
2010-12-11,0.14285714285714285,92.66508970669526,,,
2010-12-12,0.14285714285714285,165.32765195247256,,,
2010-12-13,0.14285714285714285,76.66723826597482,,,
2010-12-14,0.14285714285714285,71.50051701479484,,,
2010-12-15,0.14285714285714285,221.77068650487652,,,
2010-12-16,0.14285714285714285,214.554864486085,,,
2010-12-17,0.14285714285714285,116.0842994894386,,,
2010-12-18,0.14285714285714285,184.56049348228103,,,
2010-12-19,0.14285714285714285,90.73211664935069,,,
2010-12-20,0.14285714285714285,137.73837631049054,,,
2010-12-21,0.14285714285714285,253.8560003630397,,,
2010-12-22,0.14285714285714285,88.0930490896953,,,
2010-12-23,0.14285714285714285,146.02334832754613,,,
2010-12-24,0.14285714285714285,321.6856815426239,,,
2010-12-25,0.14285714285714285,722.8261270115418,,,
2010-12-26,0.14285714285714285,351.41493662320784,,,
2010-12-27,0.14285714285714285,345.7419882968084,,,
2010-12-28,0.17857142857142855,967.0068735199726,,,
2010-12-29,0.21428571428571427,201.4895479371628,,,
2010-12-30,0.25,107.329979602879,,,
2010-12-31,0.2857142857142857,198.7607767693996,,,
2011-01-01,0.2857142857142857,192.6941756525268,,,
2011-01-02,0.2857142857142857,162.43205217632158,,,
2011-01-03,0.2857142857142857,129.9932647933403,,,
2011-01-04,0.2857142857142857,155.2606602366053,,,
2011-01-05,0.2857142857142857,91.75414198653316,,,
2011-01-06,0.2857142857142857,98.10356884773626,,,
2011-01-07,0.28857142857142853,116.62725916997996,,,
2011-01-08,0.2914285714285714,102.06790103228666,,,
2011-01-09,0.29428571428571426,141.44995378046758,,,
2011-01-10,0.29714285714285715,88.3451767533002,,,
2011-01-11,0.3,406.7724606158462,,,
2011-01-12,0.3028571428571428,421.8106201336325,1552.0032,2.2000032000000003,341.99971200000005
2011-01-13,0.3057142857142857,925.251835385781,,,
2011-01-14,0.30857142857142855,133.8853646867168,,,
2011-01-15,0.3114285714285714,93.0160721162432,,,
2011-01-16,0.3142857142857143,81.54716094879551,,,
2011-01-17,0.3171428571428571,89.22828504314586,,,
2011-01-18,0.32,802.5575408566243,,,
2011-01-19,0.32285714285714284,63.266565383986375,,,
2011-01-20,0.3257142857142857,86.43988424608294,,,
2011-01-21,0.32857142857142857,149.2191397331225,,,
2011-01-22,0.3314285714285714,112.54686974609382,,,
2011-01-23,0.3342857142857143,264.500258573831,,,
2011-01-24,0.33714285714285713,98.69801975157505,,,
2011-01-25,0.33999999999999997,132.11428160391597,,,
2011-01-26,0.34285714285714286,80.75874779653257,,,
2011-01-27,0.3457142857142857,1075.9712944337898,,,
2011-01-28,0.34857142857142853,128.22412273381042,,,
2011-01-29,0.3514285714285714,150.45081490807706,,,
2011-01-30,0.35428571428571426,173.94749228090214,,,
2011-01-31,0.3571428571428571,98.23533268581606,,,
2011-02-01,0.36,75.0526654281569,,,
2011-02-02,0.3628571428571428,86.42217431034207,,,
2011-02-03,0.3657142857142857,117.59503053761767,,,
2011-02-04,0.36857142857142855,119.437395743921,,,
2011-02-05,0.37142857142857144,157.91197925437962,,,
2011-02-06,0.3742857142857143,124.0949462527115,,,
2011-02-07,0.3771428571428571,147.38891608317303,,,
2011-02-08,0.38,159.96133145993048,,,
2011-02-09,0.38285714285714284,182.6478427361397,,,
2011-02-10,0.3857142857142857,117.54175276228224,,,
2011-02-11,0.38857142857142857,112.71033872615772,,,
2011-02-12,0.3914285714285714,118.16830218580954,,,
2011-02-13,0.39428571428571424,133.07658565939946,,,
2011-02-14,0.39714285714285713,242.06786998303448,,,
2011-02-15,0.39999999999999997,128.5444525553568,,,
2011-02-16,0.40285714285714286,166.20108751078965,,,
2011-02-17,0.4057142857142857,161.24041513098285,1314.9993600000003,1.2999744000000002,554.000256
2011-02-18,0.4085714285714286,97.05045603269627,,,
2011-02-19,0.4114285714285714,322.12667424836843,,,
2011-02-20,0.41428571428571426,199.8685629151637,,,
2011-02-21,0.41714285714285715,195.85669151073424,,,
2011-02-22,0.42,107.19960722276296,,,
2011-02-23,0.4228571428571428,199.3983719678938,,,
2011-02-24,0.4257142857142857,200.0759897881894,,,
2011-02-25,0.42857142857142855,147.0229288493252,,,
2011-02-26,0.4314285714285714,110.16858660958351,,,
2011-02-27,0.4342857142857143,625.9616123363911,,,
2011-02-28,0.43714285714285717,128.3942440982283,,,
2011-03-01,0.43999999999999995,94.82527277130896,,,
2011-03-02,0.44285714285714284,165.6313673977432,,,
2011-03-03,0.44571428571428573,145.81358242501892,,,
2011-03-04,0.44857142857142857,81.14232981567301,,,
2011-03-05,0.4514285714285714,71.48118751075673,,,
2011-03-06,0.4542857142857143,172.40619296351102,,,
2011-03-07,0.45714285714285713,148.58809875840998,,,
2011-03-08,0.45999999999999996,218.4825811619108,,,
2011-03-09,0.46285714285714286,121.35452590897324,,,
2011-03-10,0.4657142857142857,122.81267365440866,,,
2011-03-11,0.4685714285714285,212.03519686082268,,,
2011-03-12,0.4714285714285714,102.4156630785298,,,
2011-03-13,0.4742857142857143,145.73865698984798,,,
2011-03-14,0.4771428571428571,109.07452589684284,,,
2011-03-15,0.48,164.33196412559386,,,
2011-03-16,0.4828571428571429,199.75830185798765,,,
2011-03-17,0.4857142857142857,189.0371208662442,,,
2011-03-18,0.48857142857142855,133.8104534396475,,,
2011-03-19,0.49142857142857144,216.6728478363163,,,
2011-03-20,0.4942857142857143,637.3228908066807,,,
2011-03-21,0.4971428571428571,157.15746393452915,,,
2011-03-22,0.5,106.35305947334244,,,
2011-03-23,1.0,108.22878186563013,,,
2011-03-24,1.0238095238095237,146.34335398842228,,,
2011-03-25,1.0476190476190477,788.2835356734947,,,
2011-03-26,1.0714285714285714,204.11191732324144,,,
2011-03-27,1.0952380952380951,184.69390790328995,,,
2011-03-28,1.119047619047619,149.89169413069737,1930.0032,1.7999712,306.99993600000005
2011-03-29,1.1428571428571428,316.1703785464304,,,
2011-03-30,0.7142857142857142,349.1563088440063,,,
2011-03-31,0.2857142857142857,158.21694845011686,,,
2011-04-01,0.26785714285714285,201.4533193635013,,,
2011-04-02,0.25,132.82719589622192,,,
2011-04-03,0.23214285714285712,152.67196954978152,,,
2011-04-04,0.21428571428571427,1399.998535951829,,,
2011-04-05,0.19642857142857142,152.4529465721334,,,
2011-04-06,0.17857142857142855,164.32770247820952,,,
2011-04-07,0.1607142857142857,181.7547050628801,,,
2011-04-08,0.14285714285714285,233.2336283976557,,,
2011-04-09,0.14285714285714285,168.1182640470014,,,
2011-04-10,0.14285714285714285,157.85026661438076,,,
2011-04-11,0.14285714285714285,197.1679702373252,,,
2011-04-12,0.14285714285714285,83.92506074222719,,,
2011-04-13,0.14285714285714285,177.2786896634336,,,
2011-04-14,0.14285714285714285,181.69233692171088,,,
2011-04-15,0.14285714285714285,172.9032042187167,,,
2011-04-16,0.14285714285714285,177.31322669426442,,,
2011-04-17,0.14285714285714285,160.21699992487805,,,
2011-04-18,0.14285714285714285,3755.087446782568,,,
2011-04-19,0.14285714285714285,97.27888378535506,,,
2011-04-20,0.14285714285714285,61.368111593687495,,,
2011-04-21,0.14285714285714285,104.46348164940872,,,
2011-04-22,0.14285714285714285,121.51256922884107,,,
2011-04-23,0.14285714285714285,87.62537024710412,,,
2011-04-24,0.14285714285714285,79.88509066822508,,,
2011-04-25,0.14285714285714285,100.2304175022169,,,
2011-04-26,0.14285714285714285,182.26139456942505,,,
2011-04-27,0.14285714285714285,134.9659834871828,,,
2011-04-28,0.14285714285714285,183.03814316223847,,,
2011-04-29,0.14285714285714285,172.13809913145934,,,
2011-04-30,0.14285714285714285,246.0755732857208,,,
2011-05-01,0.14285714285714285,133.77333441220864,,,
2011-05-02,0.14285714285714285,204.5782874076158,,,
2011-05-03,0.3571428571428571,113.29051483890356,,,
2011-05-04,0.3714285714285714,158.59867127220443,,,
2011-05-05,0.3857142857142857,131.2422348707435,,,
2011-05-06,0.39999999999999997,199.54134940436848,,,
2011-05-07,0.41428571428571426,247.32849811089568,,,
2011-05-08,0.42857142857142855,206.8821234690189,,,
2011-05-09,0.44285714285714284,223.81425430420109,,,
2011-05-10,0.4571428571428571,179.84176517509394,,,
2011-05-11,0.4714285714285714,845.9631349755228,,,
2011-05-12,0.48571428571428565,138.32613284714444,,,
2011-05-13,0.5,123.04598913878044,,,
2011-05-14,0.5142857142857142,274.82342114108104,,,
2011-05-15,0.5285714285714285,128.41355080047666,,,
2011-05-16,0.5428571428571428,173.09472982251478,,,
2011-05-17,0.5571428571428572,159.05226044859003,,,
2011-05-18,0.5714285714285714,170.25851716988552,,,
2011-05-19,1.1428571428571428,920.6071948119938,1348.9977600000002,1.7000064000000001,277.000128
2011-05-20,1.1666666666666665,125.35311076234808,,,
2011-05-21,1.1904761904761905,720.647186761974,,,
2011-05-22,1.2142857142857144,473.7861564673706,,,
2011-05-23,1.2380952380952381,169.86570946148998,,,
2011-05-24,1.2619047619047619,259.0094955683871,,,
2011-05-25,1.2857142857142858,226.16359404023723,,,
2011-05-26,0.9761904761904763,198.65522996660533,,,
2011-05-27,0.6666666666666666,120.14426316937828,,,
2011-05-28,0.3571428571428571,180.99533270627984,,,
2011-05-29,0.5714285714285714,296.70456857618973,,,
2011-05-30,0.6190476190476191,788.7106183110899,,,
2011-05-31,0.6666666666666666,391.2979418268589,,,
2011-06-01,0.7142857142857143,133.3573926353124,,,
2011-06-02,0.7142857142857143,196.35552466622795,,,
2011-06-03,0.6507936507936508,189.2494403071284,,,
2011-06-04,0.5873015873015873,183.74248331177336,,,
2011-06-05,0.5238095238095238,174.52218673132305,,,
2011-06-06,0.46031746031746035,134.95122064376324,,,
2011-06-07,0.39682539682539686,131.0230829930567,,,
2011-06-08,0.33333333333333337,79.95274042297036,,,
2011-06-09,0.2698412698412699,90.9466577845166,,,
2011-06-10,0.2063492063492064,100.66364535935526,,,
2011-06-11,0.14285714285714285,120.24928038913224,,,
2011-06-12,0.1488095238095238,136.1454693261299,,,
2011-06-13,0.15476190476190477,152.31570088260412,,,
2011-06-14,0.1607142857142857,219.1169554387184,,,
2011-06-15,0.16666666666666666,86.48400233152213,,,
2011-06-16,0.17261904761904762,88.90309448958226,,,
2011-06-17,0.17857142857142855,133.1418310673311,,,
2011-06-18,0.1845238095238095,176.90435583788857,,,
2011-06-19,0.19047619047619047,129.52628314533388,,,
2011-06-20,0.19642857142857142,157.99999858882455,,,
2011-06-21,0.20238095238095238,236.33502383539584,,,
2011-06-22,0.20833333333333331,193.7392478667455,,,
2011-06-23,0.21428571428571427,205.90911082333523,,,
2011-06-24,0.2114285714285714,194.62411528803835,,,
2011-06-25,0.20857142857142855,124.91417376500408,,,
2011-06-26,0.2057142857142857,336.9317635458784,,,
2011-06-27,0.20285714285714285,185.0980198470072,,,
2011-06-28,0.19999999999999998,102.9337369075159,,,
2011-06-29,0.19714285714285712,119.26804895731752,,,
2011-06-30,0.19428571428571428,151.64431027990236,,,
2011-07-01,0.19142857142857142,119.36934036184084,1351.99584,2.4000192,409.00032
2011-07-02,0.18857142857142856,153.51412298439158,,,
2011-07-03,0.1857142857142857,112.27247610551856,,,
2011-07-04,0.18285714285714283,406.74853307483033,,,
2011-07-05,0.18,1019.1478739025883,,,
2011-07-06,0.17714285714285713,2032.437277370875,,,
2011-07-07,0.17428571428571427,129.73684493754138,,,
2011-07-08,0.17142857142857143,132.15292498203218,,,
2011-07-09,0.16857142857142857,468.91251806787307,,,
2011-07-10,0.1657142857142857,154.689033209504,,,
2011-07-11,0.16285714285714284,171.3460171347613,,,
2011-07-12,0.15999999999999998,103.52967458244382,,,
2011-07-13,0.15714285714285714,139.34954611062548,,,
2011-07-14,0.15428571428571428,170.46859114423205,,,
2011-07-15,0.1514285714285714,113.0668925524816,,,
2011-07-16,0.14857142857142858,128.46385188886134,,,
2011-07-17,0.14571428571428569,544.2288171456547,,,
2011-07-18,0.14285714285714285,135.41424909320838,,,
2011-07-19,0.14285714285714285,141.28009663141327,,,
2011-07-20,0.14285714285714285,131.80404897825278,,,
2011-07-21,0.14285714285714285,159.47844538414134,,,
2011-07-22,0.14285714285714285,167.0463354294605,,,
2011-07-23,0.14285714285714285,113.54853383698928,,,
2011-07-24,0.14285714285714285,129.0854783126607,,,
2011-07-25,0.14285714285714285,84.97018788255352,,,
2011-07-26,0.14285714285714285,99.9210944389729,,,
2011-07-27,0.14285714285714285,155.69719107449905,,,
2011-07-28,0.14285714285714285,100.98585221134232,,,
2011-07-29,0.14285714285714285,263.9526259678296,,,
2011-07-30,0.14285714285714285,89.92240952930995,,,
2011-07-31,0.14285714285714285,90.0741002170046,,,
2011-08-01,0.14285714285714285,183.03745822160727,,,
2011-08-02,0.14285714285714285,87.58431326096185,1220.0025600000001,1.6000416000000002,554.000256
2011-08-03,0.14285714285714285,173.8672063125756,,,
2011-08-04,0.14285714285714285,258.50819551874054,,,
2011-08-05,0.14285714285714285,136.36284590164354,,,
2011-08-06,0.14285714285714285,169.28463874768804,,,
2011-08-07,0.14285714285714285,182.3544102628434,,,
2011-08-08,0.14285714285714285,149.47063671486382,,,
2011-08-09,0.14285714285714285,179.43731367317335,,,
2011-08-10,0.14285714285714285,138.42315592704298,,,
2011-08-11,0.14285714285714285,110.12015623113216,,,
2011-08-12,0.14285714285714285,144.5931071007947,,,
2011-08-13,0.14285714285714285,142.0877357929391,,,
2011-08-14,0.14285714285714285,159.81192807652488,,,
2011-08-15,0.14285714285714285,488.7947912673093,,,
2011-08-16,0.14285714285714285,1279.2645003921098,,,
2011-08-17,0.14285714285714285,1296.6375778983988,,,
2011-08-18,0.14285714285714285,1841.023587224668,,,
2011-08-19,0.14285714285714285,575.1171619321552,,,
2011-08-20,0.14285714285714285,1092.1447653280331,,,
2011-08-21,0.14285714285714285,427.6821247779532,,,
2011-08-22,0.14285714285714285,166.0429926048815,,,
2011-08-23,0.14285714285714285,271.2930685185525,,,
2011-08-24,0.2857142857142857,652.7437111785648,,,
2011-08-25,0.2738095238095238,424.30981723274334,,,
2011-08-26,0.26190476190476186,203.778960474316,,,
2011-08-27,0.25,212.0343570383581,,,
2011-08-28,0.23809523809523808,558.7376769015407,,,
2011-08-29,0.22619047619047616,1426.2447902823803,,,
2011-08-30,0.21428571428571427,538.0680704348206,,,
2011-08-31,0.20238095238095238,443.1787752462692,,,
2011-09-01,0.19047619047619047,389.56645078819696,,,
2011-09-02,0.17857142857142855,271.6033086799386,,,
2011-09-03,0.16666666666666666,291.81026348419664,,,
2011-09-04,0.15476190476190477,205.40840872285585,,,
2011-09-05,0.14285714285714285,195.6868796980805,,,
2011-09-06,0.14285714285714285,221.3022319525436,,,
2011-09-07,0.14285714285714285,204.8274211038352,,,
2011-09-08,0.14285714285714285,316.94710962618814,,,
2011-09-09,0.14285714285714285,296.13875514166875,,,
2011-09-10,0.14285714285714285,350.3501266956401,,,
2011-09-11,0.14285714285714285,241.76108705179456,,,
2011-09-12,0.14285714285714285,318.1493192828216,,,
2011-09-13,0.14285714285714285,262.35943235171027,,,
2011-09-14,0.14285714285714285,644.8204561064847,,,
2011-09-15,0.14285714285714285,1267.1707711522529,,,
2011-09-16,0.14285714285714285,265.76083119194027,,,
2011-09-17,0.14285714285714285,299.73366836365994,,,
2011-09-18,0.14285714285714285,286.1011178686809,,,
2011-09-19,0.14285714285714285,240.77869717303489,,,
2011-09-20,0.14285714285714285,213.01078818231267,,,
2011-09-21,0.14285714285714285,274.29277466151063,927.9964800000001,,137.99980800000003
2011-09-22,0.14285714285714285,233.6555599763059,,,
2011-09-23,0.14285714285714285,259.8229625456761,,,
2011-09-24,0.14285714285714285,211.0274882885708,,,
2011-09-25,0.14285714285714285,210.336357764512,,,
2011-09-26,0.14285714285714285,312.6342868510287,,,
2011-09-27,0.14285714285714285,313.0966045027021,,,
2011-09-28,0.14285714285714285,310.77359277946505,,,
2011-09-29,0.14285714285714285,302.04304727347767,,,
2011-09-30,0.14285714285714285,591.4127362675844,,,
2011-10-01,0.14285714285714285,306.260601283102,,,
2011-10-02,0.14285714285714285,226.8396775544421,,,
2011-10-03,0.14285714285714285,231.5425462895849,,,
2011-10-04,0.14285714285714285,207.80091147069984,,,
2011-10-05,0.14285714285714285,298.1686889324259,,,
2011-10-06,0.14285714285714285,208.313437373565,,,
2011-10-07,0.14285714285714285,1078.0104170238565,,,
2011-10-08,0.14285714285714285,636.8993924520526,,,
2011-10-09,0.14285714285714285,217.23276174819856,,,
2011-10-10,0.14285714285714285,213.1334867448991,,,
2011-10-11,0.14285714285714285,1118.0987440106005,,,
2011-10-12,0.14285714285714285,372.2898458944129,,,
2011-10-13,0.14285714285714285,364.8517553390527,,,
2011-10-14,0.14285714285714285,306.3590720523188,,,
2011-10-15,0.14285714285714285,391.6950888369983,,,
2011-10-16,0.14285714285714285,440.6884437760687,,,
2011-10-17,0.14285714285714285,206.90394209037163,,,
2011-10-18,0.14285714285714285,241.7976597168835,,,
2011-10-19,0.14285714285714285,259.9150912837911,,,
2011-10-20,0.14285714285714285,290.7573879706324,,,
2011-10-21,0.14285714285714285,3180.892452474506,,,
2011-10-22,0.14285714285714285,1836.4085720886303,,,
2011-10-23,0.14285714285714285,398.0420048519789,,,
2011-10-24,0.14285714285714285,756.5453414773008,,,
2011-10-25,0.14285714285714285,623.9053089480758,,,
2011-10-26,0.14285714285714285,230.1301545340176,,,
2011-10-27,0.14285714285714285,407.92853880976776,,,
2011-10-28,0.14285714285714285,255.9136715179453,,,
2011-10-29,0.14285714285714285,420.83100852911656,,,
2011-10-30,0.14285714285714285,395.9504410480581,,,
2011-10-31,0.14285714285714285,450.49945625403006,,,
2011-11-01,0.14285714285714285,437.7949458343838,,,
2011-11-02,0.14285714285714285,304.37082608698563,,,
2011-11-03,0.14285714285714285,617.6092916076494,,,
2011-11-04,0.14285714285714285,342.5507027568801,,,
2011-11-05,0.14285714285714285,350.83904292048373,,,
2011-11-06,0.14285714285714285,301.17651570845175,,,
2011-11-07,0.14285714285714285,228.449009254084,,,
2011-11-08,0.16666666666666666,214.2646372976596,,,
2011-11-09,0.19047619047619047,283.5184533796274,,,
2011-11-10,0.21428571428571427,657.8853364252191,,,
2011-11-11,0.23809523809523808,217.8132665548329,,,
2011-11-12,0.26190476190476186,217.08079743267132,,,
2011-11-13,0.2857142857142857,331.29435035219814,,,
2011-11-14,0.28185328185328185,268.83534365960617,,,
2011-11-15,0.277992277992278,277.4916662441249,,,
2011-11-16,0.27413127413127414,300.7812546442986,,,
2011-11-17,0.27027027027027023,374.1392619090143,,,
2011-11-18,0.2664092664092664,1169.8231519435694,,,
2011-11-19,0.2625482625482625,312.81264343386914,,,
2011-11-20,0.25868725868725867,373.50340390110085,,,
2011-11-21,0.2548262548262548,364.0371631656869,,,
2011-11-22,0.25096525096525096,499.529505378882,,,
2011-11-23,0.24710424710424708,326.635103515467,,,
2011-11-24,0.24324324324324323,386.5255021520558,,,
2011-11-25,0.23938223938223938,442.319819396257,,,
2011-11-26,0.2355212355212355,358.59912694008824,,,
2011-11-27,0.23166023166023164,349.0850819942016,,,
2011-11-28,0.2277992277992278,318.0093333930069,,,
2011-11-29,0.22393822393822393,314.37668368530314,,,
2011-11-30,0.22007722007722008,364.6702260693317,,,
2011-12-01,0.2162162162162162,358.5329928173855,,1.7000064000000001,363.00009600000004
2011-12-02,0.21235521235521235,446.3928613404832,,,
2011-12-03,0.20849420849420847,355.2976854661728,,,
2011-12-04,0.2046332046332046,385.8426495943578,,,
2011-12-05,0.20077220077220076,285.4468461075496,,,
2011-12-06,0.1969111969111969,323.676236336558,,,
2011-12-07,0.19305019305019305,420.6213029766312,,,
2011-12-08,0.1891891891891892,294.55546830553874,,,
2011-12-09,0.18532818532818532,327.4590428439978,,,
2011-12-10,0.18146718146718147,296.1696678183662,,,
2011-12-11,0.17760617760617758,273.8770053721367,,,
2011-12-12,0.17374517374517373,240.03377745934213,,,
2011-12-13,0.16988416988416988,318.2506345065568,,,
2011-12-14,0.16602316602316602,260.47409163581926,,,
2011-12-15,0.16216216216216217,819.6993536497422,,,
2011-12-16,0.1583011583011583,454.5472189596687,,,
2011-12-17,0.15444015444015444,782.2781832445479,,,
2011-12-18,0.15057915057915058,448.289286339909,,,
2011-12-19,0.1467181467181467,356.6351614105355,,,
2011-12-20,0.14285714285714285,418.4518704541316,,,
2011-12-21,0.14285714285714285,720.3999316908122,,,
2011-12-22,0.14285714285714285,507.1346484444713,,,
2011-12-23,0.14285714285714285,856.5110411272191,,,
2011-12-24,0.14285714285714285,869.0557330929846,,,
2011-12-25,0.14285714285714285,1555.258544507253,,,
2011-12-26,0.14285714285714285,1009.8972245786216,,,
2011-12-27,0.14285714285714285,189.16743277839123,,,
2011-12-28,0.14285714285714285,344.906405245919,,,
2011-12-29,0.14285714285714285,228.37071739212612,,,
2011-12-30,0.14285714285714285,216.02929101962908,,,
2011-12-31,0.14285714285714285,233.6807626865056,,,
2012-01-01,0.14285714285714285,251.12779160235863,,,
2012-01-02,0.14285714285714285,239.2787510764844,,,
2012-01-03,0.14285714285714285,212.2592283039775,,,
2012-01-04,0.14285714285714285,274.25264147688785,,,
2012-01-05,0.14285714285714285,297.3077244139039,,,
2012-01-06,0.14285714285714285,490.8424372799889,,,
2012-01-07,0.14285714285714285,354.5486938901002,,,
2012-01-08,0.14285714285714285,296.9877979254989,,,
2012-01-09,0.14285714285714285,425.6555567683519,,,
2012-01-10,0.14285714285714285,257.2751096059416,,,
2012-01-11,0.14285714285714285,384.2060001763301,1626.9984000000002,1.9999872,375.000192
2012-01-12,0.14285714285714285,243.05668280759707,,,
2012-01-13,0.14285714285714285,328.2100310339063,,,
2012-01-14,0.14285714285714285,312.7124420901518,,,
2012-01-15,0.14285714285714285,360.03055449714486,,,
2012-01-16,0.14285714285714285,399.400294771771,,,
2012-01-17,0.14285714285714285,391.4159470004271,,,
2012-01-18,0.14285714285714285,497.499998568887,,,
2012-01-19,0.14285714285714285,638.5287991988315,,,
2012-01-20,0.21428571428571427,671.2650871988319,,,
2012-01-21,0.2857142857142857,772.1379113486514,,,
2012-01-22,0.2727272727272727,631.2337304636092,,,
2012-01-23,0.2597402597402597,568.396381572611,,,
2012-01-24,0.24675324675324672,601.2844555017974,,,
2012-01-25,0.23376623376623376,481.6550488655164,,,
2012-01-26,0.22077922077922077,392.8403716249316,,,
2012-01-27,0.20779220779220778,619.742802940308,,,
2012-01-28,0.19480519480519481,749.6664874429121,,,
2012-01-29,0.18181818181818182,797.0978710101598,,,
2012-01-30,0.16883116883116883,488.96556656345626,,,
2012-01-31,0.15584415584415584,1042.8261028246366,,,
2012-02-01,0.14285714285714285,942.0714289377696,,,
2012-02-02,0.14285714285714285,629.5386259866589,,,
2012-02-03,0.14285714285714285,379.101174842336,,,
2012-02-04,0.14285714285714285,293.41034678877884,,,
2012-02-05,0.14285714285714285,396.89683315939686,,,
2012-02-06,0.14285714285714285,217.3188331435328,,,
2012-02-07,0.14285714285714285,242.2252850534479,,,
2012-02-08,0.14285714285714285,291.37983058234084,,,
2012-02-09,0.14285714285714285,594.0007188760825,,,
2012-02-10,0.14285714285714285,553.0362937068121,,,
2012-02-11,0.14285714285714285,684.8451840466241,,,
2012-02-12,0.21428571428571425,617.4172897838267,,,
2012-02-13,0.2857142857142857,580.4281830409942,,,
2012-02-14,0.3571428571428571,869.1962827433294,,,
2012-02-15,0.3376623376623376,1002.8516247826072,,,
2012-02-16,0.3181818181818181,880.6222025786456,,,
2012-02-17,0.2987012987012987,463.8714008600444,,,
2012-02-18,0.2792207792207792,330.6374685984608,,,
2012-02-19,0.2597402597402597,596.1802297077769,,,
2012-02-20,0.24025974025974023,329.6189560369715,,,
2012-02-21,0.22077922077922077,222.4584260043001,,,
2012-02-22,0.20129870129870128,174.92354623693862,,,
2012-02-23,0.1818181818181818,224.14907512511832,,,
2012-02-24,0.16233766233766234,181.7869751008626,,,
2012-02-25,0.14285714285714285,189.17071089654647,,,
2012-02-26,0.23214285714285715,360.8192584839229,,,
2012-02-27,0.3214285714285714,169.7017243255265,,,
2012-02-28,0.4107142857142857,269.2747367461177,,,
2012-02-29,0.5,194.27260027582344,,,
2012-03-01,0.8571428571428571,168.05243667423696,,,
2012-03-02,0.7922077922077921,267.2487661127374,,,
2012-03-03,0.7272727272727273,280.8745539268229,,,
2012-03-04,0.6623376623376623,169.1250183566512,,,
2012-03-05,0.5974025974025974,170.1907362267728,,,
2012-03-06,0.5324675324675324,161.961017988767,,,
2012-03-07,0.4675324675324675,223.5841077203032,,,
2012-03-08,0.4025974025974026,227.75584600407623,,,
2012-03-09,0.33766233766233766,184.59738161730377,,,
2012-03-10,0.2727272727272727,313.1494650868925,,,
2012-03-11,0.20779220779220775,179.04269197539242,,,
2012-03-12,0.14285714285714285,179.82335263805234,,,
2012-03-13,0.14285714285714285,787.0233398362249,,,
2012-03-14,0.14285714285714285,153.92801907293162,,,
2012-03-15,0.14285714285714285,245.28529823355785,,,
2012-03-16,0.14285714285714285,168.91438763220816,,,
2012-03-17,0.14285714285714285,144.70629280112664,,,
2012-03-18,0.14285714285714285,123.08739407624776,,,
2012-03-19,0.14285714285714285,212.29473839575493,,,
2012-03-20,0.14285714285714285,343.76368530719816,,,
2012-03-21,0.14285714285714285,205.8433991331792,,,
2012-03-22,0.14285714285714285,228.4206229407138,,,
2012-03-23,0.14285714285714285,244.47933300508228,,,
2012-03-24,0.14285714285714285,297.27292748053355,,,
2012-03-25,0.21428571428571425,284.29136894481627,,,
2012-03-26,0.2857142857142857,213.80212322603103,1125.9993600000003,1.4999904000000002,135.90028800000002
2012-03-27,0.3571428571428571,126.86046624522804,,,
2012-03-28,0.46428571428571425,135.1140125178661,,,
2012-03-29,0.5714285714285714,194.89684407548688,,,
2012-03-30,0.5357142857142857,140.56593992422393,,,
2012-03-31,0.5,93.10750656487812,,,
2012-04-01,0.46428571428571425,523.3162786418114,,,
2012-04-02,0.42857142857142855,458.5540568172805,,,
2012-04-03,0.39285714285714285,556.3957436908545,,,
2012-04-04,0.3571428571428571,272.41861479413177,,,
2012-04-05,0.3214285714285714,171.91818021074897,,,
2012-04-06,0.2857142857142857,164.621284499814,,,
2012-04-07,0.25,592.6078593160184,,,
2012-04-08,0.2142857142857143,213.8083339733997,,,
2012-04-09,0.17857142857142855,166.928300025372,,,
2012-04-10,0.14285714285714285,183.16383832388328,,,
2012-04-11,0.2857142857142857,548.3758764193956,,,
2012-04-12,0.42857142857142855,143.341472354985,,,
2012-04-13,0.4081632653061224,135.03502758788622,,,
2012-04-14,0.3877551020408163,197.22543640975428,,,
2012-04-15,0.36734693877551017,176.3314856962406,,,
2012-04-16,0.3469387755102041,367.2466794840534,,,
2012-04-17,0.32653061224489793,197.0860449077381,,,
2012-04-18,0.30612244897959184,153.67613763674666,,,
2012-04-19,0.2857142857142857,160.42243531690923,,,
2012-04-20,0.2738095238095238,169.99189893979707,,,
2012-04-21,0.26190476190476186,169.28304334360746,,,
2012-04-22,0.25,168.43652769652698,,,
2012-04-23,0.23809523809523808,317.8129902197893,,,
2012-04-24,0.22619047619047616,148.11025552277212,,,
2012-04-25,0.21428571428571427,145.93226620066886,,,
2012-04-26,0.20238095238095238,160.681066035621,,,
2012-04-27,0.19047619047619047,172.7300083980311,,,
2012-04-28,0.17857142857142855,204.81518779522688,,,
2012-04-29,0.16666666666666666,194.4754449520545,,,
2012-04-30,0.15476190476190477,158.70336172378367,,,
2012-05-01,0.14285714285714285,195.17751704875903,,,
2012-05-02,0.2857142857142857,175.13663189358022,,,
2012-05-03,0.42857142857142855,166.88882230619893,,,
2012-05-04,0.3968253968253968,307.17998831650584,1931.9990400000002,,689.000256
2012-05-05,0.36507936507936506,299.21051896400195,,,
2012-05-06,0.3333333333333333,179.83329279490363,,,
2012-05-07,0.30158730158730157,172.8005897381465,,,
2012-05-08,0.2698412698412698,199.9313562552809,,,
2012-05-09,0.23809523809523808,221.18389093566915,,,
2012-05-10,0.20634920634920634,186.6515847466796,,,
2012-05-11,0.1746031746031746,234.428156747879,,,
2012-05-12,0.14285714285714285,256.56770453057294,,,
2012-05-13,0.17857142857142855,244.25464374021115,,,
2012-05-14,0.21428571428571427,234.3439423841422,,,
2012-05-15,0.25,567.3262553038331,,,
2012-05-16,0.2857142857142857,359.39860162779166,,,
2012-05-17,0.3333333333333333,305.2978324654386,,,
2012-05-18,0.38095238095238093,284.4606414313844,,,
2012-05-19,0.42857142857142855,301.07065859817806,,,
2012-05-20,0.40476190476190477,285.4733643845003,,,
2012-05-21,0.38095238095238093,304.3905537896116,,,
2012-05-22,0.3571428571428571,267.66470503949495,,,
2012-05-23,0.3333333333333333,357.6291559597411,,,
2012-05-24,0.30952380952380953,387.8656056050538,,,
2012-05-25,0.2857142857142857,317.51771371764124,,,
2012-05-26,0.28239202657807305,285.41356471537097,,,
2012-05-27,0.27906976744186046,293.6441592966633,,,
2012-05-28,0.2757475083056478,237.3798874394558,,,
2012-05-29,0.2724252491694352,275.50940731787,,,
2012-05-30,0.2691029900332226,328.601198573408,,,
2012-05-31,0.26578073089700993,317.4351848193602,,,
2012-06-01,0.26245847176079734,317.48481709006114,,,
2012-06-02,0.2591362126245847,383.9815169118101,,,
2012-06-03,0.2558139534883721,443.2584989314651,,,
2012-06-04,0.25249169435215946,358.3102524195262,,,
2012-06-05,0.24916943521594684,382.2387292065904,,,
2012-06-06,0.24584717607973422,485.29989729081,,,
2012-06-07,0.24252491694352157,330.93563747159624,,,
2012-06-08,0.23920265780730895,346.8621454390623,,,
2012-06-09,0.23588039867109634,374.0055629465908,,,
2012-06-10,0.23255813953488372,299.4499802132821,,,
2012-06-11,0.2292358803986711,298.54336762649166,,,
2012-06-12,0.22591362126245845,342.63760269814105,,,
2012-06-13,0.22259136212624583,467.78741257120254,,,
2012-06-14,0.21926910299003322,355.1639389534,,,
2012-06-15,0.21594684385382057,261.0605676275088,,,
2012-06-16,0.21262458471760798,262.60809423593986,,,
2012-06-17,0.20930232558139533,280.26216038895524,,,
2012-06-18,0.2059800664451827,358.5236389958156,,,
2012-06-19,0.2026578073089701,364.5750093279251,,,
2012-06-20,0.19933554817275745,1673.016345389627,,,
2012-06-21,0.19601328903654486,1975.6785282070025,,,
2012-06-22,0.1926910299003322,1657.728185488728,,,
2012-06-23,0.1893687707641196,1086.190402300072,,,
2012-06-24,0.18604651162790697,1111.8890474616892,,,
2012-06-25,0.18272425249169433,961.0682526294732,,,
2012-06-26,0.17940199335548174,754.0613988225905,,,
2012-06-27,0.1760797342192691,954.0122366533124,,,
2012-06-28,0.17275747508305647,980.4187418159856,,,
2012-06-29,0.16943521594684385,726.1883367981247,1849.9968000000001,8.300016000000001,
2012-06-30,0.1661129568106312,633.7666179731949,,,
2012-07-01,0.16279069767441862,671.5586098796437,,,
2012-07-02,0.15946843853820597,899.754535985033,,,
2012-07-03,0.15614617940199335,1909.0103789252407,,,
2012-07-04,0.15282392026578073,1135.1002272595472,,,
2012-07-05,0.14950166112956811,1158.9583415736545,,,
2012-07-06,0.14617940199335547,875.6312254337712,,,
2012-07-07,0.14285714285714285,1126.3454628534105,,,
2012-07-08,0.2857142857142857,1108.0291310275366,,,
2012-07-09,0.2727272727272727,1426.5896522774624,,,
2012-07-10,0.2597402597402597,930.0310596680886,,,
2012-07-11,0.24675324675324672,393.9037260199932,,,
2012-07-12,0.23376623376623376,349.7541151807787,,,
2012-07-13,0.22077922077922077,1275.4337512065167,,,
2012-07-14,0.20779220779220778,340.0936759732048,,,
2012-07-15,0.19480519480519481,375.465964640231,,,
2012-07-16,0.18181818181818182,411.22495697489137,,,
2012-07-17,0.16883116883116883,395.8812140201654,,,
2012-07-18,0.15584415584415584,404.05358608143314,,,
2012-07-19,0.14285714285714285,469.62279308289794,,,
2012-07-20,0.17857142857142855,476.1853211046324,,,
2012-07-21,0.21428571428571427,1313.3092389974177,,,
2012-07-22,0.25,509.15795818564345,,,
2012-07-23,0.2857142857142857,512.270047300379,,,
2012-07-24,0.42857142857142855,529.2283640417141,,,
2012-07-25,0.42857142857142855,678.8851493561287,,,
2012-07-26,0.42857142857142855,496.69872276859104,,,
2012-07-27,0.42857142857142855,1883.9267345160915,,,
2012-07-28,0.42857142857142855,1095.4275197059942,,,
2012-07-29,0.42857142857142855,800.5133864148887,,,
2012-07-30,0.4642857142857143,1491.7052880877975,,,
2012-07-31,0.5,1873.1530477255287,,,
2012-08-01,0.4957983193277311,1530.8940286208203,1960.00128,21.0000384,478.000224
2012-08-02,0.49159663865546216,1720.7209682099317,,,
2012-08-03,0.48739495798319327,3657.990545272112,,,
2012-08-04,0.4831932773109244,3245.6518045978933,,,
2012-08-05,0.4789915966386555,2228.2440163440137,,,
2012-08-06,0.47478991596638653,2743.8366117206456,,,
2012-08-07,0.47058823529411764,2489.61301679215,,,
2012-08-08,0.46638655462184875,883.9762584479668,,,
2012-08-09,0.46218487394957986,1377.4889908942132,,,
2012-08-10,0.4579831932773109,945.53479269855,788.9996160000001,3.4999776000000007,193.999968
2012-08-11,0.453781512605042,1337.3051155263277,,,
2012-08-12,0.4495798319327731,833.0532854026033,,,
2012-08-13,0.4453781512605042,884.3681146019729,,,
2012-08-14,0.4411764705882353,886.1746077393904,,,
2012-08-15,0.4369747899159664,846.1426690167117,,,
2012-08-16,0.4327731092436975,800.509073272952,,,
2012-08-17,0.4285714285714286,1738.5180126088906,1584.99936,5.800032,424.99987200000004
2012-08-18,0.42436974789915966,1161.8340742273624,,,
2012-08-19,0.42016806722689076,1137.3309967610337,,,
2012-08-20,0.41596638655462187,1108.0311378325537,,,
2012-08-21,0.4117647058823529,1059.296614623776,,,
2012-08-22,0.40756302521008403,1268.3772593590522,,,
2012-08-23,0.40336134453781514,928.3230770461416,,,
2012-08-24,0.39915966386554624,1025.3737810918976,,,
2012-08-25,0.3949579831932773,1736.9816163125065,,,
2012-08-26,0.3907563025210084,2049.440659663761,,,
2012-08-27,0.3865546218487395,1250.2405187234335,,,
2012-08-28,0.38235294117647056,1361.049156852225,,,
2012-08-29,0.37815126050420167,2055.305464659497,,,
2012-08-30,0.3739495798319328,2562.3877704336483,,,
2012-08-31,0.3697478991596639,2564.639222288834,,,
2012-09-01,0.365546218487395,2242.339887764747,,,
2012-09-02,0.36134453781512604,2248.4206820927625,,,
2012-09-03,0.35714285714285715,1594.1356889407389,,,
2012-09-04,0.3529411764705882,852.9660997984065,,,
2012-09-05,0.3487394957983193,782.6719271417276,,,
2012-09-06,0.3445378151260504,754.9669806064695,,,
2012-09-07,0.3403361344537815,775.8331763049164,,,
2012-09-08,0.33613445378151263,793.6086087587088,,,
2012-09-09,0.33193277310924374,805.4266794298721,,,
2012-09-10,0.3277310924369748,810.4721131175061,,,
2012-09-11,0.3235294117647059,639.5314800773198,,,
2012-09-12,0.31932773109243695,735.1550808029104,,,
2012-09-13,0.31512605042016806,725.2340420036368,,,
2012-09-14,0.31092436974789917,714.9342102304564,,,
2012-09-15,0.3067226890756303,738.539539541073,,,
2012-09-16,0.3025210084033614,813.8706081874103,,,
2012-09-17,0.29831932773109243,830.1449461389948,,,
2012-09-18,0.29411764705882354,844.2060290972362,,,
2012-09-19,0.2899159663865546,872.6898696218682,892.99584,9.399974400000001,
2012-09-20,0.2857142857142857,885.259333286114,,,
2012-09-21,0.2815126050420168,885.1075072494568,,,
2012-09-22,0.2773109243697479,942.809130898248,,,
2012-09-23,0.273109243697479,933.2089029035634,,,
2012-09-24,0.26890756302521013,967.2693411543584,,,
2012-09-25,0.2647058823529412,972.437226789596,,,
2012-09-26,0.2605042016806723,1025.6387467994473,,,
2012-09-27,0.25630252100840334,1000.6897692339,,,
2012-09-28,0.25210084033613445,1218.5636865023532,,,
2012-09-29,0.24789915966386555,1313.832021083447,,,
2012-09-30,0.24369747899159666,1331.286077423964,,,
2012-10-01,0.23949579831932777,1366.0054952085188,,,
2012-10-02,0.23529411764705882,1355.7375418186984,,,
2012-10-03,0.23109243697478993,1126.1290002540966,,,
2012-10-04,0.22689075630252103,1059.1907940077394,,,
2012-10-05,0.2226890756302521,936.362309866038,,,
2012-10-06,0.2184873949579832,1013.280427053681,,,
2012-10-07,0.2142857142857143,1025.8456325676304,,,
2012-10-08,0.2100840336134454,1137.3601032696977,,,
2012-10-09,0.20588235294117646,1014.8653779783344,,,
2012-10-10,0.20168067226890757,1130.3021467609549,,,
2012-10-11,0.19747899159663868,1056.731542147801,,,
2012-10-12,0.19327731092436978,1091.493713152374,,,
2012-10-13,0.18907563025210083,1116.3184209361552,,,
2012-10-14,0.18487394957983194,1005.7757769587756,,,
2012-10-15,0.18067226890756305,1082.9658927509474,,,
2012-10-16,0.17647058823529416,1906.1423593640848,,,
2012-10-17,0.1722689075630252,1089.703581934161,,,
2012-10-18,0.16806722689075632,1052.543586834999,,,
2012-10-19,0.16386554621848742,1188.5883156340794,,,
2012-10-20,0.15966386554621848,1294.073037636024,,,
2012-10-21,0.15546218487394958,1352.1428325260808,,,
2012-10-22,0.1512605042016807,1161.6883714622866,,,
2012-10-23,0.1470588235294118,1020.3484864581916,,,
2012-10-24,0.14285714285714285,941.8645534224376,,,
2012-10-25,0.1465201465201465,1340.3265021758943,,,
2012-10-26,0.15018315018315018,812.2384099217718,,,
2012-10-27,0.15384615384615383,961.856898002078,,,
2012-10-28,0.1575091575091575,1153.6997803256977,,,
2012-10-29,0.16117216117216115,1178.4837579662435,,,
2012-10-30,0.16483516483516483,2517.9395601190736,,,
2012-10-31,0.16849816849816848,813.036933936364,,,
2012-11-01,0.17216117216117216,991.2374226777,,,
2012-11-02,0.1758241758241758,918.6109166734492,,,
2012-11-03,0.1794871794871795,1013.9698216128256,,,
2012-11-04,0.18315018315018314,1068.616234910126,,,
2012-11-05,0.18681318681318682,1497.0721311261575,1885.9996800000001,13.5999648,388.99958399999997
2012-11-06,0.19047619047619047,1092.158073641793,,,
2012-11-07,0.19413919413919412,1025.6157193069005,,,
2012-11-08,0.1978021978021978,1064.9979697148478,,,
2012-11-09,0.20146520146520147,867.4530825214689,,,
2012-11-10,0.20512820512820512,1085.753874717987,,,
2012-11-11,0.20879120879120877,1017.1544015432048,,,
2012-11-12,0.21245421245421245,806.7864370072886,,,
2012-11-13,0.21611721611721613,807.3629278250697,,,
2012-11-14,0.21978021978021978,805.3989115705249,,,
2012-11-15,0.22344322344322343,747.3505577612019,,,
2012-11-16,0.2271062271062271,758.5232208517601,,,
2012-11-17,0.23076923076923075,818.7907290979257,,,
2012-11-18,0.23443223443223443,953.2016289162448,,,
2012-11-19,0.23809523809523808,972.2847612572268,,,
2012-11-20,0.24175824175824173,850.9942531708293,,,
2012-11-21,0.2454212454212454,785.9896106827516,,,
2012-11-22,0.2490842490842491,1023.5672113419632,,,
2012-11-23,0.25274725274725274,1080.164302324251,,,
2012-11-24,0.2564102564102564,861.5570916386276,,,
2012-11-25,0.26007326007326004,865.6420759281441,,,
2012-11-26,0.26373626373626374,770.7247858168294,,,
2012-11-27,0.2673992673992674,1015.716305309775,,,
2012-11-28,0.27106227106227104,996.4254645521402,,,
2012-11-29,0.27472527472527475,831.2725427512088,,,
2012-11-30,0.2783882783882784,732.8041151730117,,,
2012-12-01,0.28205128205128205,746.820335321272,,,
2012-12-02,0.2857142857142857,777.6958843334761,,,
2012-12-03,0.2777777777777778,902.4493031793464,,,
2012-12-04,0.2698412698412698,923.0368172927464,,,
2012-12-05,0.26190476190476186,1111.168302498016,,,
2012-12-06,0.25396825396825395,1166.7206408903903,,,
2012-12-07,0.24603174603174602,3012.290765753059,,,
2012-12-08,0.23809523809523808,1171.19216824593,,,
2012-12-09,0.23015873015873015,1146.3898026139748,,,
2012-12-10,0.2222222222222222,961.852450698641,,,
2012-12-11,0.21428571428571427,986.4317901487998,,,
2012-12-12,0.20879120879120877,902.3656847326944,,,
2012-12-13,0.2032967032967033,955.263068659593,,,
2012-12-14,0.1978021978021978,985.5550685564974,,,
2012-12-15,0.1923076923076923,1184.7604658853154,,,
2012-12-16,0.18681318681318682,1171.61661299065,,,
2012-12-17,0.1813186813186813,1215.0289461561806,,,
2012-12-18,0.1758241758241758,1318.8090087384967,,,
2012-12-19,0.17032967032967034,1121.494608237067,1324.00224,10.399968000000001,375.99984
2012-12-20,0.16483516483516483,1028.1599223831392,,,
2012-12-21,0.15934065934065933,1114.0944141481823,,,
2012-12-22,0.15384615384615385,1165.747225680689,,,
2012-12-23,0.14835164835164835,1172.1108688028637,,,
2012-12-24,0.14285714285714285,1100.8798814712134,,,
2012-12-25,0.14285714285714285,1066.3155020258098,,,
2012-12-26,0.14285714285714285,1041.3193369107312,,,
2012-12-27,0.14285714285714285,1084.532890719725,,,
2012-12-28,0.14285714285714285,1043.9327311660331,,,
2012-12-29,0.14285714285714285,1112.6096285571634,,,
2012-12-30,0.14285714285714285,1165.4291445437168,,,
2012-12-31,0.14285714285714285,1120.58143447238,,,
2013-01-01,0.14285714285714285,1023.137131394315,,,
2013-01-02,0.14285714285714285,998.7855667628572,,,
2013-01-03,0.14285714285714285,981.8179552853768,,,
2013-01-04,0.14285714285714285,1043.4362942296711,,,
2013-01-05,0.14285714285714285,1077.7479355994078,,,
2013-01-06,0.23809523809523808,1139.1195334382985,,,
2013-01-07,0.3333333333333333,1123.9486060484571,,,
2013-01-08,0.42857142857142855,1181.3647482074557,,,
2013-01-09,0.42142857142857143,1133.344198243232,,,
2013-01-10,0.41428571428571426,1089.51645015296,,,
2013-01-11,0.40714285714285714,1061.0075426129556,,,
2013-01-12,0.39999999999999997,926.5792826186336,,,
2013-01-13,0.39285714285714285,888.3595529044884,,,
2013-01-14,0.3857142857142857,1208.790155470925,,,
2013-01-15,0.37857142857142856,1958.5891119792927,,,
2013-01-16,0.3714285714285714,2122.3899610693843,,,
2013-01-17,0.36428571428571427,2190.605471480633,,,
2013-01-18,0.3571428571428571,2716.1811321331984,,,
2013-01-19,0.35,2712.311310326522,,,
2013-01-20,0.34285714285714286,2608.044493288613,,,
2013-01-21,0.3357142857142857,2451.1143317294923,,,
2013-01-22,0.32857142857142857,2342.5059958158736,,,
2013-01-23,0.3214285714285714,1849.656213644012,,,
2013-01-24,0.3142857142857143,1695.326772128464,,,
2013-01-25,0.3071428571428571,1748.5301454536414,1803.00384,14.900025600000001,365.999904
2013-01-26,0.3,2691.107230448086,,,
2013-01-27,0.2928571428571428,1939.68599434036,,,
2013-01-28,0.2857142857142857,3551.295429216021,,,
2013-01-29,0.2785714285714286,3225.8315270521434,,,
2013-01-30,0.2714285714285714,3877.8499792199664,2088.00288,18.9999648,601.000128
2013-01-31,0.26428571428571423,2646.1655164099284,,,
2013-02-01,0.2571428571428571,2768.107900996069,,,
2013-02-02,0.24999999999999997,3026.439902863006,,,
2013-02-03,0.24285714285714283,2623.347551901973,,,
2013-02-04,0.2357142857142857,4343.271760500233,,,
2013-02-05,0.22857142857142856,598.6268495032836,,,
2013-02-06,0.22142857142857142,470.5583021656366,,,
2013-02-07,0.21428571428571427,406.47023570632985,1822.0032,20.500041600000003,564.9998400000001
2013-02-08,0.20714285714285713,402.349073904469,,,
2013-02-09,0.19999999999999998,483.4970088126879,,,
2013-02-10,0.19285714285714284,652.8887162045644,,,
2013-02-11,0.1857142857142857,1260.4265645101157,,,
2013-02-12,0.17857142857142855,1946.6572164179163,,,
2013-02-13,0.17142857142857143,2219.146429614128,,,
2013-02-14,0.16428571428571426,2422.095026196728,,,
2013-02-15,0.15714285714285714,2513.023891410019,,,
2013-02-16,0.14999999999999997,4554.141762050101,,,
2013-02-17,0.14285714285714285,2637.553217852618,,,
2013-02-18,0.2857142857142857,2596.3180681399235,,,
2013-02-19,0.3571428571428571,1714.9940941845764,,,
2013-02-20,0.42857142857142855,2013.2294742921035,,,
2013-02-21,0.42207792207792205,3059.2978714862425,,,
2013-02-22,0.41558441558441556,3049.7674339411965,,,
2013-02-23,0.40909090909090906,1047.656849629022,,,
2013-02-24,0.40259740259740256,3119.2048042196307,,,
2013-02-25,0.39610389610389607,3598.890727461204,,,
2013-02-26,0.3896103896103896,66.31770742758675,1961.9971200000002,16.900012800000002,606.000096
2013-02-27,0.3831168831168831,89.10288993204344,,,
2013-02-28,0.3766233766233766,112.7550193606747,,,
2013-03-01,0.3701298701298701,109.44744198581692,,,
2013-03-02,0.3636363636363636,288.7394118342961,,,
2013-03-03,0.3571428571428571,391.0302482131408,,,
2013-03-04,1.0714285714285714,411.5767144729091,,,
2013-03-05,1.025,599.310681452371,,,
2013-03-06,0.9785714285714285,495.6700144057162,,,
2013-03-07,0.9321428571428572,730.255826183048,,,
2013-03-08,0.8857142857142857,2842.643919139488,,,
2013-03-09,0.8392857142857142,153.4110712973408,,,
2013-03-10,0.7928571428571428,153.70029248027924,,,
2013-03-11,0.7464285714285714,141.0325194251503,,,
2013-03-12,0.7,124.90001374852754,,,
2013-03-13,0.6535714285714285,101.58235002690463,,,
2013-03-14,0.6071428571428571,108.79232551211967,,,
2013-03-15,0.5607142857142857,122.67865632015972,,,
2013-03-16,0.5142857142857142,125.97560505746095,,,
2013-03-17,0.46785714285714275,518.8106997267134,,,
2013-03-18,0.4214285714285714,3658.2475869074815,,,
2013-03-19,0.375,2750.004086395835,,,
2013-03-20,0.3285714285714285,3863.1150416201567,2420.9971200000005,17.900006400000002,550.999584
2013-03-21,0.28214285714285703,3251.3224230608585,,,
2013-03-22,0.23571428571428565,3476.531478964425,,,
2013-03-23,0.18928571428571428,1508.1514385095415,,,
2013-03-24,0.14285714285714285,2836.8779071320896,,,
2013-03-25,0.19047619047619047,2904.2976866198323,,,
2013-03-26,0.23809523809523808,2604.0621214985445,,,
2013-03-27,0.2857142857142857,3163.313937413805,,,
2013-03-28,0.30612244897959184,3483.402481350036,,,
2013-03-29,0.32653061224489793,3440.7657553827976,,,
2013-03-30,0.3469387755102041,3588.63482204703,,,
2013-03-31,0.36734693877551017,3578.2432177976284,,,
2013-04-01,0.3877551020408163,3327.588145173628,,,
2013-04-02,0.40816326530612246,3190.7381390861888,,,
2013-04-03,0.42857142857142855,2747.699825085163,,,
2013-04-04,0.5238095238095238,3247.660962959259,,,
2013-04-05,0.6190476190476191,3077.7570210065683,,,
2013-04-06,0.7142857142857143,3252.183477819995,,,
2013-04-07,0.6883116883116883,3100.167764201377,,,
2013-04-08,0.6623376623376623,5482.801053259935,,,
2013-04-09,0.6363636363636364,1026.1613874205605,,,
2013-04-10,0.6103896103896104,1322.908861304177,,,
2013-04-11,0.5844155844155845,1282.4311194862137,,,
2013-04-12,0.5584415584415585,1052.2762814823727,,,
2013-04-13,0.5324675324675325,1265.930042016077,,,
2013-04-14,0.5064935064935066,1133.3449994208604,,,
2013-04-15,0.48051948051948057,1530.9709063094112,,,
2013-04-16,0.4545454545454546,1994.8140635739603,,,
2013-04-17,0.4285714285714286,2065.86964325103,,,
2013-04-18,0.4025974025974026,2123.085907679739,,,
2013-04-19,0.37662337662337664,1843.4824783326803,,,
2013-04-20,0.3506493506493507,2108.380851136141,,,
2013-04-21,0.32467532467532473,1998.5209728649047,,,
2013-04-22,0.29870129870129875,1751.8376266571445,,,
2013-04-23,0.27272727272727276,1889.3240226447035,,,
2013-04-24,0.24675324675324678,42325.38427046089,,,
2013-04-25,0.22077922077922085,1492.8379028780648,,,
2013-04-26,0.19480519480519487,1250.2283860922832,,,
2013-04-27,0.1688311688311689,986.5480214383896,,,
2013-04-28,0.14285714285714285,944.236102689768,,,
2013-04-29,0.14540816326530612,670.6220514970904,,,
2013-04-30,0.14795918367346939,614.9274491645626,,,
2013-05-01,0.15051020408163265,625.2397424985841,,,
2013-05-02,0.15306122448979592,568.0504425466863,,,
2013-05-03,0.15561224489795916,460.92209195918895,,,
2013-05-04,0.15816326530612243,486.3377964992639,,,
2013-05-05,0.1607142857142857,,,,
2013-05-06,0.16326530612244897,221.5270444149113,,,
2013-05-07,0.16581632653061223,217.71394543425683,,,
2013-05-08,0.1683673469387755,181.1344157333814,,,
2013-05-09,0.17091836734693877,176.3381875957271,,,
2013-05-10,0.17346938775510204,181.16275151212136,,,
2013-05-11,0.1760204081632653,190.8727328007078,,,
2013-05-12,0.17857142857142855,186.3950019111396,,,
2013-05-13,0.18112244897959182,287.83233826119744,,,
2013-05-14,0.18367346938775508,144.6682846899403,,,
2013-05-15,0.18622448979591835,161.24159938783473,,,
2013-05-16,0.18877551020408162,135.13139648454705,,,
2013-05-17,0.1913265306122449,203.5899224892797,,,
2013-05-18,0.19387755102040816,128.22072343085674,,,
2013-05-19,0.19642857142857142,300.51578836590204,,,
2013-05-20,0.1989795918367347,112.27498611829245,,,
2013-05-21,0.20153061224489793,120.57284871776858,,,
2013-05-22,0.20408163265306123,110.33323487708562,,,
2013-05-23,0.20663265306122447,1075.458891665745,,,
2013-05-24,0.20918367346938774,152.96128042299046,,,
2013-05-25,0.211734693877551,195.6934942844969,,,
2013-05-26,0.21428571428571427,207.2329354011608,,,
2013-05-27,0.20879120879120877,195.71308138219456,,,
2013-05-28,0.2032967032967033,411.0580694624656,,,
2013-05-29,0.1978021978021978,195.0008131106165,,,
2013-05-30,0.1923076923076923,186.44822130828624,,15.700003200000003,321.99984000000006
2013-05-31,0.18681318681318682,198.59898771009827,,,
2013-06-01,0.1813186813186813,185.49931855729776,,,
2013-06-02,0.1758241758241758,201.82778701228463,,,
2013-06-03,0.17032967032967034,256.3566020233037,,,
2013-06-04,0.16483516483516483,518.898948423051,,,
2013-06-05,0.15934065934065933,297.42061855127434,,,
2013-06-06,0.15384615384615385,258.725288101418,,,
2013-06-07,0.14835164835164835,250.98974460064747,,,
2013-06-08,0.14285714285714285,176.24284806744166,,,
2013-06-09,0.14285714285714285,127.42738804706302,,,
2013-06-10,0.14285714285714285,241.7875946401697,,,
2013-06-11,0.14285714285714285,195.2764251557413,,,
2013-06-12,0.14285714285714285,220.00544270035323,,,
2013-06-13,0.14285714285714285,180.9119859919513,,,
2013-06-14,0.14285714285714285,198.50569091499847,,,
2013-06-15,0.14285714285714285,900.9358451292464,,,
2013-06-16,0.14285714285714285,239.3509422231012,,,
2013-06-17,0.14285714285714285,238.0464993169371,,,
2013-06-18,0.14285714285714285,148.05583976629896,,,
2013-06-19,0.14285714285714285,132.7096821390643,,,
2013-06-20,0.14285714285714285,131.273029518213,,,
2013-06-21,0.14285714285714285,144.8790009912126,,,
2013-06-22,0.14285714285714285,160.11846242230354,,,
2013-06-23,0.14285714285714285,128.9134883582666,,,
2013-06-24,0.14285714285714285,131.44373278080778,,,
2013-06-25,0.14285714285714285,169.5445755784216,,,
2013-06-26,0.14285714285714285,224.58045105340705,,,
2013-06-27,0.14285714285714285,150.3305589486092,,,
2013-06-28,0.14285714285714285,130.67772367403447,,,
2013-06-29,0.14285714285714285,117.95791336668736,,,
2013-06-30,0.14285714285714285,107.13220743965203,,,
2013-07-01,0.14285714285714285,149.65485191755005,1792.9987200000003,11.000016000000002,319.00003200000003
2013-07-02,0.14285714285714285,231.0355460901826,,,
2013-07-03,0.14285714285714285,349.358031311202,,,
2013-07-04,0.14285714285714285,387.995495278804,,,
2013-07-05,0.14285714285714285,466.8968691649119,,,
2013-07-06,0.14285714285714285,460.35138875217694,,,
2013-07-07,0.14285714285714285,353.60868607270885,,,
2013-07-08,0.14285714285714285,262.6417365643928,,,
2013-07-09,0.14285714285714285,262.0396036072896,,,
2013-07-10,0.14285714285714285,225.4925966381995,,,
2013-07-11,0.14285714285714285,259.5768012345023,,,
2013-07-12,0.14285714285714285,277.5459615212165,,,
2013-07-13,0.14285714285714285,261.2825651692135,,,
2013-07-14,0.14285714285714285,218.10216315806372,,,
2013-07-15,0.14285714285714285,177.1430414526516,,,
2013-07-16,0.14285714285714285,199.1518510218024,,,
2013-07-17,0.14285714285714285,244.12866565124125,,,
2013-07-18,0.14285714285714285,197.30196883015947,,,
2013-07-19,0.14285714285714285,412.7215610668746,,,
2013-07-20,0.14285714285714285,242.0632873195984,,,
2013-07-21,0.14285714285714285,818.7852982124905,,,
2013-07-22,0.14285714285714285,471.1338473826792,,,
2013-07-23,0.14285714285714285,331.49237753753715,,,
2013-07-24,0.3571428571428571,358.4282371284908,,,
2013-07-25,0.7142857142857143,2785.817500167391,,,
2013-07-26,0.6923076923076923,3981.497010491621,,,
2013-07-27,0.6703296703296704,4244.392307833666,,,
2013-07-28,0.6483516483516484,966.2731619346414,,,
2013-07-29,0.6263736263736264,930.7373543853572,,,
2013-07-30,0.6043956043956045,289.4404760046898,,,
2013-07-31,0.5824175824175825,484.17704729764216,,,
2013-08-01,0.5604395604395604,765.8324278425326,,,
2013-08-02,0.5384615384615385,583.2853956967826,,,
2013-08-03,0.5164835164835165,523.3533239875674,,,
2013-08-04,0.4945054945054945,906.129438337272,,,
2013-08-05,0.47252747252747257,1004.3205811733858,,,
2013-08-06,0.4505494505494506,748.508364047852,,,
2013-08-07,0.4285714285714286,732.2194724183349,,,
2013-08-08,0.40659340659340665,742.3399820354167,,,
2013-08-09,0.38461538461538464,1038.3572885961348,,,
2013-08-10,0.3626373626373627,995.6999031964154,,,
2013-08-11,0.3406593406593407,661.5297806067235,,,
2013-08-12,0.3186813186813187,809.6117943900044,,,
2013-08-13,0.29670329670329676,751.0083460213332,,,
2013-08-14,0.27472527472527475,834.5913917960527,,,
2013-08-15,0.2527472527472528,578.357642082733,,,
2013-08-16,0.23076923076923084,906.3608084549056,,,
2013-08-17,0.20879120879120883,576.1375780946937,,,
2013-08-18,0.18681318681318693,7559.13997891553,,,
2013-08-19,0.16483516483516492,7233.664167593643,,,
2013-08-20,0.14285714285714285,182.02358175314848,1277.00064,79.50000960000001,2074.9996800000004
2013-08-21,0.14285714285714285,112.47822784719456,,,
2013-08-22,0.14285714285714285,69.88750470627316,,,
2013-08-23,0.14285714285714285,62.5580695258412,2601.00288,11.299996799999999,358.000128
2013-08-24,0.14285714285714285,65.90087675866762,,,
2013-08-25,0.14285714285714285,74.39330201497465,,,
2013-08-26,0.14285714285714285,51.491212644242296,,,
2013-08-27,0.14285714285714285,45.99521920132707,,,
2013-08-28,0.14285714285714285,460.5188713281781,,,
2013-08-29,0.14285714285714285,56.75080141972039,,,
2013-08-30,0.17142857142857143,84.09192710112741,,,
2013-08-31,0.19999999999999998,121.75442990597485,,,
2013-09-01,0.22857142857142856,215.37703192048863,,,
2013-09-02,0.2571428571428571,240.2117980530201,,,
2013-09-03,0.2857142857142857,156.17133652827474,,,
2013-09-04,0.2714285714285714,183.44075226082816,,,
2013-09-05,0.2571428571428571,77.70824288111554,,,
2013-09-06,0.24285714285714283,80.32734985504158,,,
2013-09-07,0.22857142857142856,185.2787398408732,,,
2013-09-08,0.21428571428571427,101.09217070691896,,,
2013-09-09,0.19999999999999998,148.31316849091908,,,
2013-09-10,0.18571428571428572,317.30888053700096,,,
2013-09-11,0.17142857142857143,2286.3139790700925,,,
2013-09-12,0.15714285714285714,776.2095784434529,,,
2013-09-13,0.14285714285714285,566.4251352693092,,,
2013-09-14,0.16666666666666666,530.2331021846791,,,
2013-09-15,0.19047619047619047,435.2820724918013,,,
2013-09-16,0.21428571428571427,526.7815103886461,,,
2013-09-17,0.23809523809523808,615.8170315462867,,,
2013-09-18,0.26190476190476186,389.4814801181775,,,
2013-09-19,0.2857142857142857,459.532682664603,,,
2013-09-20,0.2857142857142857,479.7042259957736,,,
2013-09-21,0.2857142857142857,2306.197328479594,,,
2013-09-22,0.2857142857142857,2313.688246956625,,,
2013-09-23,0.2857142857142857,1891.076508661508,,,
2013-09-24,0.2857142857142857,1279.488250235426,,,
2013-09-25,0.2857142857142857,1451.4671474596844,,,
2013-09-26,0.2857142857142857,1315.3424442401315,,,
2013-09-27,0.2857142857142857,1203.2073858248657,,,
2013-09-28,0.5714285714285714,800.27800070705,,,
2013-09-29,0.7142857142857143,1131.9764210426738,,,
2013-09-30,0.8571428571428571,4258.083924723234,,,
2013-10-01,1.0,2000.7921858223392,,,
2013-10-02,1.1428571428571428,1675.9498327683723,,,
2013-10-03,1.2857142857142858,4969.617495624174,,,
2013-10-04,1.0714285714285714,1571.0812695651168,,,
2013-10-05,0.8571428571428571,1688.9209402556928,,,
2013-10-06,0.7571428571428571,2286.4027482691627,,,
2013-10-07,0.657142857142857,5123.618285585155,,,
2013-10-08,0.557142857142857,6941.376611831588,,,
2013-10-09,0.4571428571428571,735.7121239272988,,,
2013-10-10,0.3571428571428571,2103.863038700953,,,
2013-10-11,0.37499999999999994,2379.107670034432,,,
2013-10-12,0.3928571428571428,1349.2386323095293,,,
2013-10-13,0.4107142857142857,741.7328379688043,,,
2013-10-14,0.42857142857142855,1181.049487588812,,,
2013-10-15,0.5714285714285714,514.3270794816375,,,
2013-10-16,0.5178571428571428,842.4733700837821,,,
2013-10-17,0.46428571428571425,832.8108412879827,1139.9961600000001,12.400041600000002,449.99971200000005
2013-10-18,0.4107142857142857,852.2914549081144,,,
2013-10-19,0.3571428571428571,814.6001065054492,,,
2013-10-20,0.30357142857142855,723.8888756611256,,,
2013-10-21,0.25,437.1249429263207,,,
2013-10-22,0.1964285714285714,504.5050520459942,,,
2013-10-23,0.14285714285714285,453.6866107270016,,,
2013-10-24,0.21428571428571427,424.3356985764471,,,
2013-10-25,0.2857142857142857,416.83957592926697,,,
2013-10-26,0.2714285714285714,400.6547713580748,,,
2013-10-27,0.2571428571428571,216.86525433255733,,,
2013-10-28,0.24285714285714283,227.62092187617245,,,
2013-10-29,0.22857142857142856,213.15394178054908,,,
2013-10-30,0.21428571428571427,208.1811655135916,,,
2013-10-31,0.19999999999999998,249.1229023255908,,,
2013-11-01,0.18571428571428572,252.65535107588795,,,
2013-11-02,0.17142857142857143,180.5762501313644,,,
2013-11-03,0.15714285714285714,231.6187189274082,,,
2013-11-04,0.14285714285714285,338.82149212932205,,,
2013-11-05,0.42857142857142855,476.0548674307145,,,
2013-11-06,0.7142857142857143,480.9333725549113,,,
2013-11-07,1.2857142857142858,349.95951851615547,,,
2013-11-08,1.4285714285714286,470.3117981031766,,,
2013-11-09,1.6428571428571428,614.3127864736856,,,
2013-11-10,1.4428571428571428,353.05621415535785,,,
2013-11-11,1.2428571428571429,373.214526552543,,,
2013-11-12,1.0428571428571427,251.28936767163856,1780.0041600000002,18.800035200000003,473.00025600000004
2013-11-13,0.8428571428571427,570.694527660469,,,
2013-11-14,0.6428571428571428,229.2124443682036,,,
2013-11-15,0.5357142857142857,262.5478968188601,,,
2013-11-16,0.42857142857142855,252.44830871772973,,,
2013-11-17,0.39285714285714285,240.14718174852368,,,
2013-11-18,0.3571428571428571,360.1160686767398,,,
2013-11-19,0.3214285714285714,389.85248585524135,,,
2013-11-20,0.2857142857142857,414.9412098779208,,,
2013-11-21,0.25,260.41690247330183,,,
2013-11-22,0.21428571428571427,257.3623869434745,,,
2013-11-23,0.17857142857142855,484.0963805725633,,,
2013-11-24,0.14285714285714285,352.33688155039897,,,
2013-11-25,0.14285714285714285,224.2943607814812,,,
2013-11-26,0.14285714285714285,255.78649874993027,,,
2013-11-27,0.14285714285714285,269.0936893829558,,,
2013-11-28,0.14285714285714285,238.0720181659424,,,
2013-11-29,0.14285714285714285,243.407188761103,,,
2013-11-30,0.14285714285714285,292.02196535471273,,,
2013-12-01,0.14285714285714285,243.9899142001967,,,
2013-12-02,0.14285714285714285,214.49801947112525,,,
2013-12-03,0.17857142857142855,251.75138502772788,,,
2013-12-04,0.21428571428571427,179.81711087103605,,,
2013-12-05,0.25,221.61883069573267,,,
2013-12-06,0.2857142857142857,189.77860782127607,,,
2013-12-07,0.2857142857142857,179.6493658282442,,,
2013-12-08,0.2857142857142857,177.23754496286747,,,
2013-12-09,0.2857142857142857,187.9939389831348,,,
2013-12-10,0.2857142857142857,200.2852960756637,,,
2013-12-11,0.39285714285714285,527.5406423538135,,,
2013-12-12,0.5,232.88208138700628,,,
2013-12-13,0.5238095238095238,662.8308740384331,,,
2013-12-14,0.5476190476190476,254.79125973568225,,,
2013-12-15,0.5714285714285714,420.4351582648099,,,
2013-12-16,0.5714285714285714,288.3868694956838,,,
2013-12-17,0.5714285714285714,371.154510870925,,,
2013-12-18,0.5476190476190476,326.9641945944516,,,
2013-12-19,0.5238095238095238,393.0802542239573,,,
2013-12-20,0.5,247.8541194067187,,,
2013-12-21,0.5238095238095238,250.6090267841953,,,
2013-12-22,0.5476190476190476,273.1597746350983,,,
2013-12-23,0.5714285714285714,256.1093845103216,,,
2013-12-24,0.5714285714285714,320.3117053897435,,,
2013-12-25,0.5714285714285714,172.7137999116373,,,
2013-12-26,0.7142857142857143,156.20018416393134,,,
2013-12-27,0.6785714285714286,146.02277757675242,,,
2013-12-28,0.6428571428571429,147.0906918170676,,,
2013-12-29,0.6071428571428572,198.82695440035,,,
2013-12-30,0.5714285714285714,215.2597217565508,,,
2013-12-31,0.5357142857142857,180.28882843009703,,,
2014-01-01,0.5,231.3654502194236,,,
2014-01-02,0.46428571428571425,309.50582671379027,,,
2014-01-03,0.42857142857142855,315.50939548030726,,,
2014-01-04,0.39285714285714285,218.64125650193824,,,
2014-01-05,0.3571428571428571,221.06479412350828,,,
2014-01-06,0.3214285714285714,429.7509125546971,,,
2014-01-07,0.2857142857142857,197.434445399856,,,
2014-01-08,0.42857142857142855,259.65371605512394,,,
2014-01-09,0.5714285714285714,416.0586444783806,,,
2014-01-10,0.7142857142857143,527.0070877900059,,,
2014-01-11,0.7142857142857143,249.16473535173952,,,
2014-01-12,0.7142857142857143,397.2655978490402,,,
2014-01-13,0.7142857142857143,286.52452622300524,,,
2014-01-14,0.7142857142857143,229.2324979282075,,,
2014-01-15,0.6428571428571429,171.44586834144005,,,
2014-01-16,0.5714285714285714,296.11077059831564,,,
2014-01-17,0.5,323.62848316914426,,,
2014-01-18,0.42857142857142855,395.5972701824022,,,
2014-01-19,0.3571428571428571,291.2204757713941,,,
2014-01-20,0.5714285714285714,815.5310580308761,,,
2014-01-21,0.5488721804511278,237.12812542482808,,,
2014-01-22,0.5263157894736842,251.08374955776492,,,
2014-01-23,0.5037593984962405,230.65523063478068,,,
2014-01-24,0.48120300751879697,263.61791857949714,,,
2014-01-25,0.45864661654135336,308.61551948376933,,,
2014-01-26,0.43609022556390975,669.4693358062264,,,
2014-01-27,0.41353383458646614,374.383667674242,,,
2014-01-28,0.39097744360902253,568.1456577188983,,,
2014-01-29,0.3684210526315789,255.41069807806224,,,
2014-01-30,0.3458646616541353,264.16097648430264,,,
2014-01-31,0.3233082706766917,195.93438369485645,,,
2014-02-01,0.3007518796992481,217.77778820264703,,,
2014-02-02,0.2781954887218045,1094.2831451078516,,,
2014-02-03,0.2556390977443609,324.0609001961998,,,
2014-02-04,0.23308270676691728,278.3393495602739,,,
2014-02-05,0.21052631578947367,362.13976353952376,,,
2014-02-06,0.18796992481203006,259.4759740375584,,,
2014-02-07,0.16541353383458646,302.1342929695824,,,
2014-02-08,0.14285714285714285,297.9605642124165,,,
2014-02-09,0.17142857142857143,171.39476162173997,,,
2014-02-10,0.19999999999999998,256.8327871333992,,,
2014-02-11,0.22857142857142856,287.6825104440864,,,
2014-02-12,0.2571428571428571,357.6536900228123,,,
2014-02-13,0.2857142857142857,341.536127315092,,,
2014-02-14,0.2738095238095238,349.44407863265246,,,
2014-02-15,0.26190476190476186,299.4406099718006,,,
2014-02-16,0.25,437.9907643179305,,,
2014-02-17,0.23809523809523808,355.47357080649186,,,
2014-02-18,0.22619047619047616,392.8273856145906,,,
2014-02-19,0.21428571428571427,381.9803281474709,,,
2014-02-20,0.20238095238095238,579.773008508349,,,
2014-02-21,0.19047619047619047,728.0135755545422,,,
2014-02-22,0.17857142857142855,727.2090290805564,,,
2014-02-23,0.16666666666666666,565.7692174537493,,,
2014-02-24,0.15476190476190477,541.9246931573011,,,
2014-02-25,0.14285714285714285,283.831328984513,,,
2014-02-26,0.17142857142857143,325.564683114611,,,
2014-02-27,0.19999999999999998,408.2374767811487,,,
2014-02-28,0.22857142857142856,534.517965498728,,,
2014-03-01,0.2571428571428571,456.8042354906255,,,
2014-03-02,0.2857142857142857,339.4667676815592,,,
2014-03-03,0.2727272727272727,750.3497626763871,,,
2014-03-04,0.2597402597402597,504.74521882159615,,,
2014-03-05,0.24675324675324672,263.98308949830385,,,
2014-03-06,0.23376623376623376,287.8413512691981,,,
2014-03-07,0.22077922077922077,281.6047521220591,,,
2014-03-08,0.20779220779220778,251.31485988433403,,,
2014-03-09,0.19480519480519481,345.1112223205254,,,
2014-03-10,0.18181818181818182,314.6427387577745,,,
2014-03-11,0.16883116883116883,293.4393563896078,,,
2014-03-12,0.15584415584415584,410.9033701393385,,,
2014-03-13,0.14285714285714285,415.9362802317805,,,
2014-03-14,0.14285714285714285,266.3663065690882,,,
2014-03-15,0.14285714285714285,395.7344867486372,,,
2014-03-16,0.14285714285714285,341.1219990679285,,,
2014-03-17,0.14285714285714285,296.2456644742572,,,
2014-03-18,0.14285714285714285,288.9159112689229,,,
2014-03-19,0.14285714285714285,275.83356253661225,,,
2014-03-20,0.14285714285714285,181.6709735263132,,,
2014-03-21,0.14285714285714285,230.5562699780977,,,
2014-03-22,0.14285714285714285,256.03396135402664,,,
2014-03-23,0.14285714285714285,258.36803559317275,,,
2014-03-24,0.14285714285714285,206.99926860320969,,,
2014-03-25,0.14285714285714285,208.52078172026367,,,
2014-03-26,0.14285714285714285,274.720782752656,,,
2014-03-27,0.14285714285714285,329.6765566032942,,,
2014-03-28,0.14285714285714285,225.7906843568641,,,
2014-03-29,0.14285714285714285,353.59113420728966,,,
2014-03-30,0.14285714285714285,333.9681234044994,,,
2014-03-31,0.14285714285714285,383.4996154993361,,,
2014-04-01,0.14285714285714285,263.9546746284525,,,
2014-04-02,0.14285714285714285,345.7070502566224,,,
2014-04-03,0.14285714285714285,205.8414118250201,,,
2014-04-04,0.14285714285714285,466.88707828553055,,,
2014-04-05,0.16326530612244897,352.682987413126,,,
2014-04-06,0.18367346938775508,327.2185579848508,,,
2014-04-07,0.20408163265306123,201.22254082842773,,,
2014-04-08,0.22448979591836732,196.40258240392467,,,
2014-04-09,0.24489795918367346,272.9678849036591,,,
2014-04-10,0.26530612244897955,189.05560639291176,,,
2014-04-11,0.2857142857142857,185.55632355824932,,,
2014-04-12,0.2698412698412698,224.57725030583808,,,
2014-04-13,0.25396825396825395,156.5698828278922,,,
2014-04-14,0.23809523809523808,242.28718376597027,,,
2014-04-15,0.2222222222222222,266.0650390764445,,,
2014-04-16,0.20634920634920634,205.74007431414225,,,
2014-04-17,0.19047619047619047,350.7503237400895,,,
2014-04-18,0.1746031746031746,188.1922572940063,,,
2014-04-19,0.15873015873015872,189.46109205427032,,,
2014-04-20,0.14285714285714285,202.478101356586,,,
2014-04-21,0.14285714285714285,226.4660409913733,,,
2014-04-22,0.14285714285714285,152.03969001007064,,,
2014-04-23,0.14285714285714285,151.81130472977213,,,
2014-04-24,0.14285714285714285,161.7641771584453,,,
2014-04-25,0.14285714285714285,180.93697805354384,,,
2014-04-26,0.14285714285714285,171.6624524634723,,,
2014-04-27,0.14285714285714285,151.39856535759642,,,
2014-04-28,0.14285714285714285,402.9795584271891,,,
2014-04-29,0.14285714285714285,315.90203930921496,,,
2014-04-30,0.14285714285714285,342.01305840956974,,,
2014-05-01,0.14285714285714285,442.7458941393946,,,
2014-05-02,0.14285714285714285,161.30442018931916,,,
2014-05-03,0.14285714285714285,165.26225483287087,,,
2014-05-04,0.14285714285714285,251.99615508673256,,,
2014-05-05,0.14285714285714285,186.2348149820575,,,
2014-05-06,0.14285714285714285,247.58052870186071,,,
2014-05-07,0.14285714285714285,233.4179951103644,,,
2014-05-08,0.19047619047619047,272.57268785771726,,,
2014-05-09,0.23809523809523808,217.7994632138884,,,
2014-05-10,0.2857142857142857,214.23285890052043,,,
2014-05-11,0.6428571428571428,144.9722730393289,,,
2014-05-12,0.6031746031746031,180.06099799890137,,,
2014-05-13,0.5634920634920635,186.5142096593464,,,
2014-05-14,0.5238095238095237,259.2207738722511,,,
2014-05-15,0.4841269841269841,187.01822792197737,,,
2014-05-16,0.4444444444444444,238.71827313201248,,,
2014-05-17,0.4047619047619047,221.4831014867868,,,
2014-05-18,0.365079365079365,244.0987699504296,,,
2014-05-19,0.32539682539682535,361.68985020016544,,,
2014-05-20,0.2857142857142857,265.41563461637804,,,
2014-05-21,0.5714285714285714,223.087061407607,,,
2014-05-22,0.5306122448979591,205.6979111010332,,,
2014-05-23,0.4897959183673469,230.5343512058832,,,
2014-05-24,0.44897959183673464,250.7153048976436,,,
2014-05-25,0.40816326530612246,407.9192419693313,,,
2014-05-26,0.36734693877551017,476.8862018133127,,,
2014-05-27,0.32653061224489793,570.1095869118091,,,
2014-05-28,0.2857142857142857,604.4267975400521,,,
2014-05-29,0.28174603174603174,563.3543864269064,,,
2014-05-30,0.2777777777777778,496.0522682330494,,,
2014-05-31,0.2738095238095238,507.1148812585317,,,
2014-06-01,0.2698412698412698,965.1120321401298,,,
2014-06-02,0.26587301587301587,896.6950786006474,,,
2014-06-03,0.26190476190476186,844.4166172877866,,,
2014-06-04,0.2579365079365079,1017.1871406583286,,,
2014-06-05,0.25396825396825395,1183.6597728016854,,,
2014-06-06,0.25,1132.8557187676663,,,
2014-06-07,0.24603174603174602,1074.4105882239703,,,
2014-06-08,0.24206349206349204,866.8173864746414,,,
2014-06-09,0.23809523809523808,1074.9266795770225,,,
2014-06-10,0.23412698412698413,642.7584796189506,,,
2014-06-11,0.23015873015873015,503.8239438039677,,,
2014-06-12,0.22619047619047616,622.8744543368014,,,
2014-06-13,0.2222222222222222,812.7952418092706,,,
2014-06-14,0.21825396825396826,823.5952691028214,,,
2014-06-15,0.21428571428571427,767.7866481498024,,,
2014-06-16,0.20634920634920634,960.0921158319012,,,
2014-06-17,0.1984126984126984,675.4470459128321,,,
2014-06-18,0.19047619047619047,741.2232703412714,,,
2014-06-19,0.18253968253968253,870.6089881180302,,,
2014-06-20,0.1746031746031746,894.8504178364511,,,
2014-06-21,0.16666666666666666,953.9461386207296,,,
2014-06-22,0.15873015873015872,852.8998567801019,,,
2014-06-23,0.15079365079365079,922.4048599122916,,,
2014-06-24,0.14285714285714285,,,,
2014-06-25,0.14285714285714285,,,,
2014-06-26,0.14285714285714285,1006.9742579521576,,,
2014-06-27,0.14285714285714285,1073.2170217507708,,,
2014-06-28,0.14285714285714285,1188.3309371136422,,,
2014-06-29,0.14285714285714285,1089.8484896379068,,,
2014-06-30,0.14285714285714285,1062.228331041631,,,
2014-07-01,0.14285714285714285,710.8561021117108,,,
2014-07-02,0.14285714285714285,755.1866123869996,,,
2014-07-03,0.14285714285714285,937.9567428774968,,,
2014-07-04,0.14285714285714285,,1043.99712,8.4100032,613.9998720000001
2014-07-05,0.14285714285714285,,,,
2014-07-06,0.14285714285714285,1014.3461522753266,,,
2014-07-07,0.14285714285714285,1006.9924749090952,,,
2014-07-08,0.14285714285714285,926.6142904037442,,,
2014-07-09,0.14285714285714285,990.5317361227552,,,
2014-07-10,0.14285714285714285,846.8839607472236,,,
2014-07-11,0.14285714285714285,809.358946043541,,,
2014-07-12,0.14285714285714285,871.7340373494837,,,
2014-07-13,0.14285714285714285,974.716312260436,,,
2014-07-14,0.14285714285714285,654.1730453680058,,,
2014-07-15,0.14285714285714285,678.4666847514077,,,
2014-07-16,0.14906832298136646,823.0565918782446,,,
2014-07-17,0.15527950310559005,628.5867975455747,,,
2014-07-18,0.16149068322981366,1509.460784583193,,,
2014-07-19,0.16770186335403725,835.0708820678051,,,
2014-07-20,0.17391304347826086,787.3233979136957,,,
2014-07-21,0.18012422360248448,902.8188029241718,,,
2014-07-22,0.18633540372670807,1176.59147675614,,,
2014-07-23,0.19254658385093165,961.906460073004,,,
2014-07-24,0.19875776397515527,847.6275384475273,,,
2014-07-25,0.20496894409937888,531.9199129445439,,,
2014-07-26,0.21118012422360247,672.4061161016849,,,
2014-07-27,0.21739130434782608,766.619591472212,,,
2014-07-28,0.22360248447204967,601.0470951594486,,,
2014-07-29,0.22981366459627328,752.6424210888811,,,
2014-07-30,0.2360248447204969,790.9252349149832,,,
2014-07-31,0.24223602484472048,792.2250829366634,,,
2014-08-01,0.24844720496894407,711.2431031034051,,,
2014-08-02,0.2546583850931677,667.2702718292801,,,
2014-08-03,0.2608695652173913,545.2827206126402,,,
2014-08-04,0.26708074534161486,522.8001342859607,,,
2014-08-05,0.27329192546583847,540.3679373544753,,,
2014-08-06,0.2795031055900621,673.4027561226561,,,
2014-08-07,0.2857142857142857,719.9955342101701,,,
2014-08-08,0.28061224489795916,779.070282320133,,,
2014-08-09,0.2755102040816326,1154.9915742239964,,,
2014-08-10,0.2704081632653061,1027.688579314433,,,
2014-08-11,0.26530612244897955,957.2344337656816,,,
2014-08-12,0.2602040816326531,790.0517532439779,,,
2014-08-13,0.25510204081632654,912.9526086435432,,,
2014-08-14,0.25,835.2181402690875,,,
2014-08-15,0.24489795918367346,688.5816457239225,,,
2014-08-16,0.23979591836734693,845.5914424795518,,,
2014-08-17,0.2346938775510204,821.0750816203474,,,
2014-08-18,0.22959183673469385,764.5080352917499,,,
2014-08-19,0.22448979591836732,774.9879020049437,,,
2014-08-20,0.2193877551020408,695.3016050142546,,,
2014-08-21,0.21428571428571427,938.572296636184,,,
2014-08-22,0.38095238095238093,1021.0741826013696,,,
2014-08-23,0.5476190476190476,936.2409821369288,,,
2014-08-24,0.7142857142857142,898.3475184681657,,,
2014-08-25,1.2142857142857144,751.8529316923937,,,
2014-08-26,1.0952380952380953,787.3026124475801,,,
2014-08-27,0.9761904761904763,1269.588571770103,1528.00128,4.4000064000000005,365.999904
2014-08-28,0.8571428571428572,741.9056822185984,,,
2014-08-29,0.7380952380952381,540.0641601221497,,,
2014-08-30,0.6190476190476191,493.5154705479936,,,
2014-08-31,0.5,470.9155882898865,,,
2014-09-01,0.38095238095238093,484.4807055240353,,,
2014-09-02,0.26190476190476186,385.3575621059152,,,
2014-09-03,0.14285714285714285,412.0555759153172,,,
2014-09-04,0.17142857142857143,362.7941948546208,,,
2014-09-05,0.19999999999999998,535.5585772466866,,,
2014-09-06,0.22857142857142856,566.3252177884457,,,
2014-09-07,0.2571428571428571,528.108360371542,,,
2014-09-08,0.2857142857142857,590.414773793685,,,
2014-09-09,0.2789115646258503,552.53849176777,,,
2014-09-10,0.27210884353741494,329.8037124405223,,,
2014-09-11,0.26530612244897955,621.2694537418472,,,
2014-09-12,0.2585034013605442,531.8375517896827,,,
2014-09-13,0.25170068027210885,619.9206021173902,,,
2014-09-14,0.24489795918367346,372.99421224994063,,,
2014-09-15,0.23809523809523808,351.06998673475147,,,
2014-09-16,0.2312925170068027,388.8362721754963,,,
2014-09-17,0.22448979591836732,678.9070653761521,,,
2014-09-18,0.21768707482993196,475.9636106556492,,,
2014-09-19,0.21088435374149658,781.9593362348617,,,
2014-09-20,0.20408163265306123,637.9839002383007,,,
2014-09-21,0.19727891156462585,1023.5795636606284,,,
2014-09-22,0.19047619047619047,501.86639108661785,,,
2014-09-23,0.18367346938775508,593.3348670749383,,,
2014-09-24,0.1768707482993197,588.0796855797125,,,
2014-09-25,0.17006802721088435,660.748733938348,,,
2014-09-26,0.16326530612244897,608.3260331287066,,,
2014-09-27,0.15646258503401358,814.2955997934647,,,
2014-09-28,0.14965986394557823,563.3127645709059,,,
2014-09-29,0.14285714285714285,700.6573623206386,,,
2014-09-30,0.17142857142857143,728.7388243358287,,,
2014-10-01,0.19999999999999998,663.441458516837,,,
2014-10-02,0.22857142857142856,594.8484882908484,,,
2014-10-03,0.2571428571428571,432.2818371944773,,,
2014-10-04,0.2857142857142857,395.2829764630616,,,
2014-10-05,0.2857142857142857,341.42627178220306,,,
2014-10-06,0.2857142857142857,933.0259382987668,,,
2014-10-07,0.2857142857142857,355.2829670093674,,,
2014-10-08,0.4285714285714286,400.1199184990903,,,
2014-10-09,0.5714285714285715,623.1463687112694,,,
2014-10-10,0.6190476190476191,557.4734859482207,,,
2014-10-11,0.6666666666666667,483.85231611036176,,,
2014-10-12,0.7142857142857143,491.5323653320394,,,
2014-10-13,0.7142857142857143,551.6530749144397,,,
2014-10-14,0.7142857142857143,2859.26993757798,,,
2014-10-15,0.6607142857142857,666.43518258054,,,
2014-10-16,0.6071428571428572,655.3941157075393,,,
2014-10-17,0.5535714285714286,642.530310477796,,,
2014-10-18,0.5,592.2735764796745,,,
2014-10-19,0.5714285714285714,732.5373743037708,,,
2014-10-20,0.5586734693877551,396.7213611441055,,,
2014-10-21,0.5459183673469388,400.68729336827454,,,
2014-10-22,0.5331632653061225,457.0197768736722,,,
2014-10-23,0.5204081632653061,822.4075962352206,,,
2014-10-24,0.5076530612244898,551.9807050580814,,,
2014-10-25,0.49489795918367346,562.2556641554223,,,
2014-10-26,0.4821428571428571,544.6397966339161,,,
2014-10-27,0.4693877551020408,376.6041637546219,,,
2014-10-28,0.45663265306122447,317.57842216397034,,,
2014-10-29,0.44387755102040816,1028.1464493228425,,,
2014-10-30,0.43112244897959184,476.0394098121352,,,
2014-10-31,0.41836734693877553,430.5086844286199,,,
2014-11-01,0.40561224489795916,491.88391330847855,,,
2014-11-02,0.39285714285714285,468.3073880257425,,,
2014-11-03,0.3801020408163265,419.7231752920456,,,
2014-11-04,0.36734693877551017,424.8650352823324,,,
2014-11-05,0.35459183673469385,395.50754624529833,,,
2014-11-06,0.34183673469387754,550.712593769871,,,
2014-11-07,0.32908163265306123,375.8525375296788,,,
2014-11-08,0.3163265306122449,400.1605242614343,,,
2014-11-09,0.30357142857142855,459.5055202449161,,,
2014-11-10,0.29081632653061223,656.4836678784606,,,
2014-11-11,0.2780612244897959,586.6649590410148,,,
2014-11-12,0.2653061224489796,423.015227684521,,,
2014-11-13,0.2525510204081633,417.6525136623868,,,
2014-11-14,0.23979591836734693,665.657273378491,,,
2014-11-15,0.22704081632653061,606.7662458009211,,,
2014-11-16,0.21428571428571427,7249.6217207942755,,,
2014-11-17,0.21428571428571427,413.6227960688795,,,
2014-11-18,0.21428571428571427,499.800035354117,,,
2014-11-19,0.21428571428571427,929.197227447378,,,
2014-11-20,0.21428571428571427,683.5979397856097,,,
2014-11-21,0.21428571428571427,602.2577760169016,,,
2014-11-22,0.21428571428571427,358.09616254810624,,,
2014-11-23,0.21428571428571427,734.3384091706586,,,
2014-11-24,0.21428571428571427,628.762676896438,,,
2014-11-25,0.2162162162162162,621.3886596289225,,,
2014-11-26,0.21814671814671813,530.1344608761665,,,
2014-11-27,0.22007722007722005,738.344130202498,,,
2014-11-28,0.222007722007722,1062.9149983758607,,,
2014-11-29,0.22393822393822393,898.9138051656305,,,
2014-11-30,0.22586872586872586,1807.7422083010847,,,
2014-12-01,0.2277992277992278,708.4963059379506,,,
2014-12-02,0.22972972972972971,829.6697015793496,,,
2014-12-03,0.23166023166023164,712.9542949061349,,,
2014-12-04,0.23359073359073357,1791.8885061553922,,,
2014-12-05,0.2355212355212355,650.2058213324091,,,
2014-12-06,0.23745173745173745,588.2569313894523,,,
2014-12-07,0.23938223938223938,479.73542165751456,,,
2014-12-08,0.2413127413127413,503.5615069370726,,,
2014-12-09,0.24324324324324323,683.4024080634183,,,
2014-12-10,0.24517374517374516,904.0780286449576,,,
2014-12-11,0.24710424710424708,646.4942088124866,,,
2014-12-12,0.24903474903474904,548.6862871053371,,,
2014-12-13,0.25096525096525096,576.5073929754165,,,
2014-12-14,0.2528957528957529,647.3986507675223,,,
2014-12-15,0.2548262548262548,726.0296158781069,,,
2014-12-16,0.25675675675675674,800.1004715374604,,,
2014-12-17,0.25868725868725867,670.1698423022505,,,
2014-12-18,0.2606177606177606,644.9037813228423,,,
2014-12-19,0.2625482625482625,1234.8770939967417,,,
2014-12-20,0.26447876447876445,827.7020555662098,,,
2014-12-21,0.2664092664092664,713.3970277521018,,,
2014-12-22,0.2683397683397683,812.969336888451,,,
2014-12-23,0.27027027027027023,979.894517063666,,,
2014-12-24,0.2722007722007722,763.5154798343158,,,
2014-12-25,0.27413127413127414,713.4375199440913,,,
2014-12-26,0.27606177606177607,797.6457760549038,,,
2014-12-27,0.277992277992278,771.1336764536543,,,
2014-12-28,0.2799227799227799,822.7314417356648,,,
2014-12-29,0.28185328185328185,673.5103278394876,,,
2014-12-30,0.28378378378378377,677.0700334987564,,,
2014-12-31,0.2857142857142857,635.9135389676256,,,
2015-01-01,0.27678571428571425,736.1965305461732,,,
2015-01-02,0.26785714285714285,967.2755903634554,,,
2015-01-03,0.2589285714285714,650.041484186854,,,
2015-01-04,0.25,802.4489096812056,,,
2015-01-05,0.24107142857142855,978.7564546981438,,,
2015-01-06,0.23214285714285712,650.0216363617626,,,
2015-01-07,0.2232142857142857,744.46892613384,,,
2015-01-08,0.21428571428571427,745.1354252018111,1345.9996800000001,11.599977599999999,476.99971200000005
2015-01-09,0.20535714285714285,746.2761417522472,,,
2015-01-10,0.19642857142857142,594.8320003650266,,,
2015-01-11,0.1875,553.6776945916304,,,
2015-01-12,0.17857142857142855,506.4777473058428,,,
2015-01-13,0.16964285714285715,348.9573427363706,,,
2015-01-14,0.1607142857142857,431.72762009330273,,,
2015-01-15,0.15178571428571427,458.44442472059495,,,
2015-01-16,0.14285714285714285,474.013362074732,,,
2015-01-17,0.16666666666666666,604.4132021367966,,,
2015-01-18,0.19047619047619047,675.8986239895681,,,
2015-01-19,0.21428571428571427,547.8069394743026,,,
2015-01-20,0.23809523809523808,502.3015124430112,,,
2015-01-21,0.26190476190476186,669.1940645651833,,,
2015-01-22,0.2857142857142857,586.2286031718297,,,
2015-01-23,0.2857142857142857,598.9354825938163,,,
2015-01-24,0.2857142857142857,580.6837113321629,,,
2015-01-25,0.2857142857142857,659.364833816953,,,
2015-01-26,0.2857142857142857,926.7957013574768,,,
2015-01-27,0.2857142857142857,552.9540478973558,,,
2015-01-28,0.2857142857142857,562.0076697163289,,,
2015-01-29,0.2714285714285714,504.3467417901441,,,
2015-01-30,0.2571428571428571,586.7860293603333,,,
2015-01-31,0.24285714285714283,688.9616480648697,,,
2015-02-01,0.22857142857142856,737.8559830788823,,,
2015-02-02,0.21428571428571427,724.054650181494,,,
2015-02-03,0.19999999999999998,772.9423583267335,,,
2015-02-04,0.18571428571428572,795.1313508490567,,,
2015-02-05,0.17142857142857143,864.3915267208698,,,
2015-02-06,0.15714285714285714,734.7214452506627,,,
2015-02-07,0.14285714285714285,840.2315593141627,,,
2015-02-08,0.14285714285714285,972.2199058325364,,,
2015-02-09,0.14285714285714285,674.5781096102959,,,
2015-02-10,0.14285714285714285,714.8555996341444,,,
2015-02-11,0.14285714285714285,674.0059978383437,,,
2015-02-12,0.14285714285714285,814.1783709598121,,,
2015-02-13,0.14285714285714285,706.0294343714013,,,
2015-02-14,0.14285714285714285,561.847895384242,,,
2015-02-15,0.14285714285714285,497.228884874278,,,
2015-02-16,0.14285714285714285,658.0176533125738,,,
2015-02-17,0.14285714285714285,811.7727310785401,,,
2015-02-18,0.14285714285714285,701.1320472062847,,,
2015-02-19,0.14285714285714285,575.2738639297646,,,
2015-02-20,0.14285714285714285,938.793858475423,,,
2015-02-21,0.14285714285714285,864.2254609279546,,,
2015-02-22,0.14285714285714285,641.6813774707291,,,
2015-02-23,0.19047619047619047,2471.334024778256,,,
2015-02-24,0.23809523809523808,637.3572979284282,,,
2015-02-25,0.2857142857142857,2720.7685890021176,,,
2015-02-26,0.2857142857142857,556.6064026787553,,,
2015-02-27,0.2857142857142857,721.6244821896046,,,
2015-02-28,0.2857142857142857,1351.1930284540454,,,
2015-03-01,0.2857142857142857,1809.131717703188,,,
2015-03-02,0.2857142857142857,750.8156587942673,,,
2015-03-03,0.2857142857142857,675.9823588023162,,,
2015-03-04,0.2857142857142857,779.6710060837207,,,
2015-03-05,0.2857142857142857,959.9787563038886,,,
2015-03-06,0.2857142857142857,731.6598816927191,,,
2015-03-07,0.2857142857142857,543.7676383820317,,,
2015-03-08,0.2857142857142857,729.0908546402628,,,
2015-03-09,0.2857142857142857,701.232950463335,,,
2015-03-10,0.2857142857142857,526.8714176704906,,,
2015-03-11,0.2857142857142857,399.1688205527256,,,
2015-03-12,0.2857142857142857,385.4908395258278,,,
2015-03-13,0.2857142857142857,378.4421753266543,,,
2015-03-14,0.2857142857142857,470.4408724979148,,,
2015-03-15,0.2857142857142857,1181.986040434372,,,
2015-03-16,0.2857142857142857,937.5277615272148,,,
2015-03-17,0.28125,360.02127938704643,,,
2015-03-18,0.27678571428571425,300.40137588826207,954.0028800000001,5.4500256,286.00041600000003
2015-03-19,0.27232142857142855,701.7346665810167,,,
2015-03-20,0.26785714285714285,563.2421399316237,,,
2015-03-21,0.26339285714285715,508.4856138429423,,,
2015-03-22,0.2589285714285714,377.4637373910428,,,
2015-03-23,0.2544642857142857,950.2838373073968,,,
2015-03-24,0.25,410.056268335372,,,
2015-03-25,0.24553571428571427,471.6610149741308,,,
2015-03-26,0.24107142857142855,483.8634224737157,,,
2015-03-27,0.23660714285714285,503.3359940931358,,,
2015-03-28,0.23214285714285712,391.9858495649791,,,
2015-03-29,0.22767857142857142,596.9428541857715,,,
2015-03-30,0.2232142857142857,534.141242467507,,,
2015-03-31,0.21875,586.2843063848566,,,
2015-04-01,0.21428571428571427,678.7353572278807,,,
2015-04-02,0.20982142857142855,487.6016148387514,,,
2015-04-03,0.20535714285714285,569.2072467725732,,,
2015-04-04,0.20089285714285715,614.9007020689289,,,
2015-04-05,0.19642857142857142,707.1570856992739,,,
2015-04-06,0.1919642857142857,496.38806216162425,,,
2015-04-07,0.1875,789.9076447225037,,,
2015-04-08,0.18303571428571427,824.7202762265431,,,
2015-04-09,0.17857142857142855,659.3485136923313,,,
2015-04-10,0.17410714285714285,744.495725275869,,,
2015-04-11,0.16964285714285715,591.9343120459589,,,
2015-04-12,0.16517857142857142,554.4905916831678,,,
2015-04-13,0.1607142857142857,704.5925122723024,,,
2015-04-14,0.15625,784.3357425690048,,,
2015-04-15,0.15178571428571427,790.9271525999858,,,
2015-04-16,0.14732142857142858,566.8654673190163,,,
2015-04-17,0.14285714285714285,770.2407867121142,,,
2015-04-18,0.21428571428571427,1184.6947094439854,,,
2015-04-19,0.2857142857142857,831.7406374150486,,,
2015-04-20,0.26530612244897955,438.759151778157,,,
2015-04-21,0.24489795918367346,335.1392773430701,,,
2015-04-22,0.22448979591836732,493.03765513409616,,,
2015-04-23,0.20408163265306123,526.2458748832829,,,
2015-04-24,0.18367346938775508,402.9647501288652,,,
2015-04-25,0.16326530612244897,355.1282742647269,,,
2015-04-26,0.14285714285714285,231.64243956910624,,,
2015-04-27,0.2857142857142857,477.8684625845038,,,
2015-04-28,0.26785714285714285,405.1515228779975,,,
2015-04-29,0.25,273.6821493892936,,,
2015-04-30,0.23214285714285712,320.9712825847582,,,
2015-05-01,0.21428571428571427,278.6919137614241,,,
2015-05-02,0.19642857142857142,425.0093728442354,,,
2015-05-03,0.17857142857142855,350.8487845819113,,,
2015-05-04,0.1607142857142857,597.7243296547153,,,
2015-05-05,0.14285714285714285,385.16206392711695,,,
2015-05-06,0.16666666666666666,389.65955300865136,,,
2015-05-07,0.19047619047619047,387.34590340917146,,,
2015-05-08,0.21428571428571427,372.8247229701997,,,
2015-05-09,0.23809523809523808,370.9349012614159,,,
2015-05-10,0.26190476190476186,546.537841935092,,,
2015-05-11,0.2857142857142857,494.9724590920129,,,
2015-05-12,0.2857142857142857,430.4667768207465,,,
2015-05-13,0.2857142857142857,593.5082368236335,,,
2015-05-14,0.2857142857142857,737.5035738069141,,,
2015-05-15,0.2857142857142857,593.388390651089,,,
2015-05-16,0.2857142857142857,439.81431389812536,,,
2015-05-17,0.2857142857142857,464.5345048404124,,,
2015-05-18,0.2857142857142857,412.3712622969598,,,
2015-05-19,0.2857142857142857,379.32078023764257,,,
2015-05-20,0.2857142857142857,466.47363692584247,,,
2015-05-21,0.2857142857142857,353.39625264985807,,,
2015-05-22,0.2857142857142857,335.32432244591377,,,
2015-05-23,0.2857142857142857,449.7968423647036,,,
2015-05-24,0.2857142857142857,655.8510159538203,,,
2015-05-25,0.2857142857142857,589.9631718058114,,,
2015-05-26,0.42857142857142855,466.6628378495268,,,
2015-05-27,0.4161490683229813,544.4431988710418,,,
2015-05-28,0.40372670807453415,579.3581349979844,,,
2015-05-29,0.3913043478260869,600.9469313053279,,,
2015-05-30,0.37888198757763975,690.5555251266197,,,
2015-05-31,0.3664596273291925,852.8684559803136,,,
2015-06-01,0.35403726708074534,711.4387612312128,,,
2015-06-02,0.3416149068322981,528.689891895602,,,
2015-06-03,0.3291925465838509,512.3724567950647,,,
2015-06-04,0.3167701863354037,603.5390245011912,,,
2015-06-05,0.30434782608695654,567.8638156329552,,,
2015-06-06,0.2919254658385093,549.9577146669754,,,
2015-06-07,0.2795031055900621,436.08474299713856,,,
2015-06-08,0.26708074534161486,502.51134602896735,,,
2015-06-09,0.2546583850931677,641.2307917321871,,,
2015-06-10,0.24223602484472048,578.1717432499726,,,
2015-06-11,0.22981366459627328,634.3034016799129,,,
2015-06-12,0.21739130434782608,550.75274979688,,,
2015-06-13,0.20496894409937888,414.46597383065256,,,
2015-06-14,0.19254658385093168,447.13903358459817,,,
2015-06-15,0.18012422360248448,331.3382784053028,,,
2015-06-16,0.16770186335403725,367.8383216763276,1136.99808,7.6500288,343.000224
2015-06-17,0.15527950310559008,331.58607726799744,,,
2015-06-18,0.14285714285714285,340.73064730377035,,,
2015-06-19,0.17857142857142855,252.6636734141157,,,
2015-06-20,0.21428571428571425,209.36779595775133,,,
2015-06-21,0.24999999999999997,233.88450463352387,,,
2015-06-22,0.2857142857142857,356.7827310599975,,,
2015-06-23,0.3214285714285714,266.1328202883673,,,
2015-06-24,0.3571428571428571,306.1553448106264,,,
2015-06-25,0.34374999999999994,328.1425616973854,,,
2015-06-26,0.3303571428571428,247.9261538427897,,,
2015-06-27,0.3169642857142857,233.81108451070395,,,
2015-06-28,0.30357142857142855,235.3526505831273,,,
2015-06-29,0.2901785714285714,303.50903866377206,,,
2015-06-30,0.27678571428571425,312.1232855481076,,,
2015-07-01,0.2633928571428571,369.3300313631271,,,
2015-07-02,0.24999999999999997,300.5479483916122,,,
2015-07-03,0.23660714285714285,282.38018146369654,,,
2015-07-04,0.2232142857142857,304.3907108931807,,,
2015-07-05,0.20982142857142855,398.2486729534408,,,
2015-07-06,0.1964285714285714,330.6124437160151,,,
2015-07-07,0.18303571428571427,482.3974629498062,,,
2015-07-08,0.16964285714285712,193.62758501044905,,,
2015-07-09,0.15625,1047.1903905618085,,,
2015-07-10,0.14285714285714285,189.0030514486187,,,
2015-07-11,0.14661654135338345,171.49194192171404,,,
2015-07-12,0.15037593984962405,173.6128537065518,,,
2015-07-13,0.15413533834586465,293.5960042353345,,,
2015-07-14,0.15789473684210525,232.47964489518984,,,
2015-07-15,0.16165413533834586,518.6172147529521,,,
2015-07-16,0.16541353383458646,239.5644222947137,,,
2015-07-17,0.16917293233082706,308.6001230688441,,,
2015-07-18,0.17293233082706766,221.16294185611792,,,
2015-07-19,0.17669172932330826,154.64926631897353,,,
2015-07-20,0.18045112781954886,655.0852374245378,,,
2015-07-21,0.18421052631578946,271.00937155102145,,,
2015-07-22,0.18796992481203006,292.05104272572135,,,
2015-07-23,0.19172932330827067,276.8525310473645,,,
2015-07-24,0.19548872180451127,502.7371033039109,,,
2015-07-25,0.19924812030075187,345.13472719415,,,
2015-07-26,0.20300751879699247,424.8058881768441,,,
2015-07-27,0.20676691729323307,400.6470671556317,,,
2015-07-28,0.21052631578947367,544.0529398306993,,,
2015-07-29,0.21428571428571427,413.769062582707,,,
2015-07-30,0.2095238095238095,340.4104063794708,,,
2015-07-31,0.20476190476190476,513.3424507546204,,,
2015-08-01,0.19999999999999998,550.6349238473723,,,
2015-08-02,0.19523809523809524,738.2579377042102,,,
2015-08-03,0.19047619047619047,538.0532323414386,,,
2015-08-04,0.18571428571428572,452.7677760640936,,,
2015-08-05,0.18095238095238095,553.7624138142659,,,
2015-08-06,0.17619047619047618,395.26832518657386,,,
2015-08-07,0.17142857142857143,367.7926094918974,,,
2015-08-08,0.16666666666666666,270.44239274605667,,,
2015-08-09,0.16190476190476188,193.93364166177065,,,
2015-08-10,0.15714285714285714,219.3264417548357,,,
2015-08-11,0.15238095238095237,241.60648944159823,,,
2015-08-12,0.1476190476190476,212.05145877275075,,,
2015-08-13,0.14285714285714285,194.0822776730284,,,
2015-08-14,0.2857142857142857,237.5678108789668,,,
2015-08-15,0.5,218.2237961800192,,,
2015-08-16,0.7857142857142857,349.04744981145234,,,
2015-08-17,0.8928571428571428,348.0597128374914,,,
2015-08-18,1.0,406.16292846354014,,,
2015-08-19,1.0714285714285714,569.1078856237115,,,
2015-08-20,1.142857142857143,394.95690845717655,,,
2015-08-21,1.2142857142857144,253.9981216412472,,,
2015-08-22,1.142857142857143,372.4343585943219,,,
2015-08-23,1.0714285714285714,372.4563365166648,,,
2015-08-24,1.0,785.7814372949862,,,
2015-08-25,0.8928571428571428,416.1118692871052,,,
2015-08-26,0.7857142857142857,466.5037775130351,807.0001920000001,10.399968000000001,216.999648
2015-08-27,0.6785714285714286,521.1548900730431,,,
2015-08-28,0.5714285714285714,392.3921520033538,,,
2015-08-29,0.6428571428571428,555.3407034418506,,,
2015-08-30,0.7142857142857143,456.5313062993595,,,
2015-08-31,0.6190476190476191,361.9175382733714,,,
2015-09-01,0.5238095238095238,293.681245938024,,,
2015-09-02,0.42857142857142855,467.3141905104434,,,
2015-09-03,0.5714285714285714,365.44117631195866,,,
2015-09-04,0.5588235294117647,402.2258732718656,,,
2015-09-05,0.5462184873949579,374.9332158194511,,,
2015-09-06,0.5336134453781513,464.8080331803554,,,
2015-09-07,0.5210084033613445,490.4155695727764,,,
2015-09-08,0.5084033613445378,535.8908257202933,,,
2015-09-09,0.49579831932773105,291.3676722733396,,,
2015-09-10,0.4831932773109243,309.1548412273207,,,
2015-09-11,0.47058823529411764,380.0885754737351,,,
2015-09-12,0.4579831932773109,273.9515452537268,,,
2015-09-13,0.4453781512605042,250.1863292397248,,,
2015-09-14,0.4327731092436975,221.313217278348,,,
2015-09-15,0.4201680672268907,335.3885527822643,,,
2015-09-16,0.40756302521008403,414.5375162948274,,,
2015-09-17,0.3949579831932773,552.9479033197196,,,
2015-09-18,0.38235294117647056,418.57863448182087,,,
2015-09-19,0.3697478991596639,396.3061271554084,,,
2015-09-20,0.3571428571428571,499.2711219173224,,,
2015-09-21,0.3445378151260504,882.6294759196932,,,
2015-09-22,0.3319327731092437,293.7710172680825,,,
2015-09-23,0.31932773109243695,743.8118433264708,,,
2015-09-24,0.3067226890756303,265.9118600729322,,,
2015-09-25,0.29411764705882354,288.5604967212226,,,
2015-09-26,0.2815126050420168,300.65701874806774,,,
2015-09-27,0.2689075630252101,292.12689834029857,,,
2015-09-28,0.25630252100840334,488.2765634233032,,,
2015-09-29,0.24369747899159666,509.52422459299135,,,
2015-09-30,0.23109243697478993,540.9596307003601,,,
2015-10-01,0.2184873949579832,557.0754717714973,,,
2015-10-02,0.20588235294117646,539.0811765933202,,,
2015-10-03,0.19327731092436978,664.5074788596892,,,
2015-10-04,0.18067226890756305,622.7479315481071,,,
2015-10-05,0.16806722689075632,616.8614043457803,,,
2015-10-06,0.15546218487394958,529.1411597247705,,,
2015-10-07,0.14285714285714285,637.1076590594265,1798.00128,10.4700384,525.000096
2015-10-08,0.21428571428571425,1446.5226432601148,,,
2015-10-09,0.2857142857142857,1600.2843897804428,,,
2015-10-10,0.3571428571428571,1343.8079957039593,,,
2015-10-11,0.5714285714285714,1874.4249818204537,,,
2015-10-12,0.6428571428571428,1732.1898185539071,,,
2015-10-13,0.7142857142857143,1577.4933938654226,,,
2015-10-14,1.0714285714285714,1873.5730075501228,,,
2015-10-15,1.0357142857142856,2070.051051270409,,,
2015-10-16,1.0,1455.1587516564068,,,
2015-10-17,0.9642857142857142,1372.6368730802017,,,
2015-10-18,0.9285714285714285,2167.5631485446884,,,
2015-10-19,0.8928571428571428,985.9270399033174,,,
2015-10-20,0.8571428571428571,1054.9175426043832,,,
2015-10-21,0.7857142857142857,889.1151098316366,,,
2015-10-22,0.7142857142857142,1697.1118173905622,,,
2015-10-23,0.6428571428571428,2144.461505838405,,,
2015-10-24,0.5714285714285714,1783.5167712062075,,,
2015-10-25,0.5,2606.268773279932,,,
2015-10-26,0.42857142857142855,1557.4417271255052,,,
2015-10-27,0.3571428571428571,1052.7250638430446,,,
2015-10-28,0.2857142857142857,1264.111440377566,,,
2015-10-29,0.2142857142857143,1048.1487498598317,,,
2015-10-30,0.14285714285714285,935.4270324161386,,,
2015-10-31,0.14285714285714285,963.3960993087488,,,
2015-11-01,0.14285714285714285,1288.821988169192,,,
2015-11-02,0.14285714285714285,889.9452077506198,,,
2015-11-03,0.14285714285714285,607.0084594364351,,,
2015-11-04,0.14285714285714285,509.1128753066948,,,
2015-11-05,0.14285714285714285,859.460546367414,,,
2015-11-06,0.14285714285714285,694.8435765656211,,,
2015-11-07,0.14285714285714285,1322.8389059308922,,,
2015-11-08,0.14285714285714285,1790.633510920981,,,
2015-11-09,0.14285714285714285,475.07322387409465,,,
2015-11-10,0.14285714285714285,798.4986725329306,,,
2015-11-11,0.14285714285714285,1021.626112288577,,,
2015-11-12,0.14285714285714285,1438.8139215009232,,,
2015-11-13,0.14285714285714285,1348.2680393507644,,,
2015-11-14,0.14285714285714285,1032.5842132487303,,,
2015-11-15,0.14285714285714285,1117.945457340635,,,
2015-11-16,0.14285714285714285,1203.7507392510477,,,
2015-11-17,0.14285714285714285,978.868785168597,,,
2015-11-18,0.14285714285714285,963.104965965644,2030.0025600000001,26.2999872,402.99984
2015-11-19,0.17142857142857143,1096.5461202582492,,,
2015-11-20,0.19999999999999998,1103.753325584274,,,
2015-11-21,0.22857142857142856,1254.6990624900177,,,
2015-11-22,0.2571428571428571,647.1093532127085,,,
2015-11-23,0.2857142857142857,1001.3884995467324,,,
2015-11-24,0.2714285714285714,872.6409974451309,,,
2015-11-25,0.2571428571428571,958.8143729275736,,,
2015-11-26,0.24285714285714283,1533.5448326575745,,,
2015-11-27,0.22857142857142856,1343.869128224977,,,
2015-11-28,0.21428571428571427,1460.7530598928438,,,
2015-11-29,0.19999999999999998,1023.156417076092,,,
2015-11-30,0.18571428571428572,1130.7778266213695,,,
2015-12-01,0.17142857142857143,1230.526509342053,,,
2015-12-02,0.15714285714285714,1212.0496304782482,,,
2015-12-03,0.14285714285714285,2192.4284866483563,,,
2015-12-04,0.14285714285714285,2016.7941285669608,,,
2015-12-05,0.14285714285714285,1786.6016483902026,,,
2015-12-06,0.14285714285714285,1819.1890493487024,,,
2015-12-07,0.14285714285714285,1828.5089662344776,,,
2015-12-08,0.14285714285714285,1851.54842974122,2261.0016,15.4099584,340.00041600000003
2015-12-09,0.14285714285714285,1692.6280406532464,,,
2015-12-10,0.14285714285714285,2211.261713600648,,,
2015-12-11,0.14285714285714285,1589.902364417748,,,
2015-12-12,0.14285714285714285,1262.2275494550747,,,
2015-12-13,0.14285714285714285,1286.4900638637396,,,
2015-12-14,0.14285714285714285,1035.4653532055495,,,
2015-12-15,0.14285714285714285,795.5370058197773,,,
2015-12-16,0.14285714285714285,2060.56183654768,,,
2015-12-17,0.14285714285714285,1221.1315523510466,,,
2015-12-18,0.14285714285714285,2102.9437252596363,,,
2015-12-19,0.14285714285714285,2593.551911737793,,,
2015-12-20,0.14285714285714285,2024.265721214537,,,
2015-12-21,0.14285714285714285,2330.1608050674963,,,
2015-12-22,0.14285714285714285,2046.1609183187625,,,
2015-12-23,0.14285714285714285,2309.1029095045133,,,
2015-12-24,0.14285714285714285,1230.6831291788742,,,
2015-12-25,0.14285714285714285,1709.6869054969427,,,
2015-12-26,0.14285714285714285,1967.786191744389,,,
2015-12-27,0.14285714285714285,1601.418490407115,,,
2015-12-28,0.14285714285714285,1712.3709949154809,,,
2015-12-29,0.14285714285714285,1645.6952410292763,,,
2015-12-30,0.14285714285714285,1616.1276322506,,,
2015-12-31,0.14285714285714285,737.496129871638,,,
2016-01-01,0.14285714285714285,392.15145265585176,,,
2016-01-02,0.14285714285714285,470.52586845337567,,,
2016-01-03,0.14285714285714285,399.0843808538312,,,
2016-01-04,0.14285714285714285,840.3684207369593,,,
2016-01-05,0.14285714285714285,432.27622782117385,,,
2016-01-06,0.14285714285714285,445.31655279205785,,,
2016-01-07,0.14285714285714285,341.16675528130315,,,
2016-01-08,0.14285714285714285,598.9980729776229,,,
2016-01-09,0.14285714285714285,636.1693890892519,,,
2016-01-10,0.14285714285714285,1728.8491180560047,,,
2016-01-11,0.14285714285714285,1806.4704487916551,,,
2016-01-12,0.14285714285714285,644.1842587255098,,,
2016-01-13,0.14285714285714285,292.76528038405183,,,
2016-01-14,0.14285714285714285,165.04292447448037,,,
2016-01-15,0.14285714285714285,156.70909170070743,,,
2016-01-16,0.14285714285714285,278.0078955318526,,,
2016-01-17,0.14285714285714285,148.4614704242378,,,
2016-01-18,0.14285714285714285,338.3616766124717,,,
2016-01-19,0.14285714285714285,148.58386615824008,,,
2016-01-20,0.14285714285714285,308.176368062904,,,
2016-01-21,0.14285714285714285,440.7687775389455,,,
2016-01-22,0.14285714285714285,151.6975231514817,,,
2016-01-23,0.14285714285714285,328.2149401351826,,,
2016-01-24,0.14285714285714285,246.4212073618516,,,
2016-01-25,0.14285714285714285,302.04086710444125,,,
2016-01-26,0.14285714285714285,622.3331835938316,,,
2016-01-27,0.14285714285714285,473.0818821889994,,,
2016-01-28,0.14285714285714285,226.69194679142296,,,
2016-01-29,0.14285714285714285,231.2335554898887,,,
2016-01-30,0.14285714285714285,399.6872559429884,,,
2016-01-31,0.15102040816326529,320.4018219630077,,,
2016-02-01,0.15918367346938775,1889.2661090945403,,,
2016-02-02,0.16734693877551018,925.946416550082,,,
2016-02-03,0.17551020408163265,1289.949505399545,,,
2016-02-04,0.18367346938775508,1199.4380396545005,2104.99776,20.2399776,446.999904
2016-02-05,0.19183673469387752,480.2379676941443,,,
2016-02-06,0.19999999999999998,444.5880735524877,,,
2016-02-07,0.20816326530612245,552.8466844512994,,,
2016-02-08,0.21632653061224488,1312.7165352875943,,,
2016-02-09,0.22448979591836732,970.4204663235848,,,
2016-02-10,0.23265306122448978,1785.9632005838978,,,
2016-02-11,0.24081632653061222,1575.9072386378696,,,
2016-02-12,0.24897959183673468,1778.8234748017342,,,
2016-02-13,0.2571428571428571,682.8294045020242,,,
2016-02-14,0.26530612244897955,1039.6063567969022,,,
2016-02-15,0.273469387755102,1035.2306787101347,,,
2016-02-16,0.2816326530612244,760.9217985869287,,,
2016-02-17,0.2897959183673469,670.6756550463268,,,
2016-02-18,0.29795918367346935,455.6253894184012,,,
2016-02-19,0.30612244897959184,584.1460808436836,,,
2016-02-20,0.3142857142857143,511.2941885360815,,,
2016-02-21,0.3224489795918367,605.1362700341845,,,
2016-02-22,0.33061224489795915,438.9887274498302,,,
2016-02-23,0.3387755102040816,343.3253489299361,,,
2016-02-24,0.346938775510204,394.5829198833644,,,
2016-02-25,0.35510204081632646,494.75227727161325,,,
2016-02-26,0.36326530612244895,970.6648930966636,,,
2016-02-27,0.3714285714285714,2738.1172765968327,,,
2016-02-28,0.3795918367346939,2647.904412788594,,,
2016-02-29,0.3877551020408163,3569.3064954362603,,,
2016-03-01,0.39591836734693875,1307.497948634127,,,
2016-03-02,0.4040816326530612,1928.3329600933928,,,
2016-03-03,0.4122448979591836,3463.9279429357985,,,
2016-03-04,0.42040816326530606,1019.9061604067203,,,
2016-03-05,0.42857142857142855,881.9553397947333,,,
2016-03-06,0.8571428571428571,962.3129460119626,,,
2016-03-07,1.2857142857142858,887.7701024597553,,,
2016-03-08,1.7142857142857142,2978.715551002927,,,
2016-03-09,1.5357142857142856,1239.957523904842,,,
2016-03-10,1.3571428571428572,761.8788722914202,,,
2016-03-11,1.1785714285714286,737.0106673275784,,,
2016-03-12,1.0,2410.627428808612,,,
2016-03-13,0.8214285714285714,1969.792124895023,,,
2016-03-14,0.642857142857143,488.0113620073628,,,
2016-03-15,0.4642857142857144,962.8978453017183,,,
2016-03-16,0.2857142857142857,884.0156456484536,,,
2016-03-17,0.283068783068783,363.5146027363269,,,
2016-03-18,0.2804232804232804,511.3916401474143,,,
2016-03-19,0.2777777777777778,453.64011918257984,,,
2016-03-20,0.2751322751322751,591.5384710186228,,,
2016-03-21,0.27248677248677244,530.4827341658557,,,
2016-03-22,0.2698412698412698,396.000383199226,,,
2016-03-23,0.2671957671957672,445.1348485422804,,,
2016-03-24,0.26455026455026454,554.014725294914,,,
2016-03-25,0.26190476190476186,468.6362975613105,,,
2016-03-26,0.25925925925925924,736.3202258461297,,,
2016-03-27,0.2566137566137566,940.8812684296854,,,
2016-03-28,0.25396825396825395,449.2946721061457,,,
2016-03-29,0.2513227513227513,718.2375357306621,,,
2016-03-30,0.24867724867724866,351.39602837657395,,,
2016-03-31,0.24603174603174602,419.013040540204,1175.9990400000002,12.970022400000001,162.0
2016-04-01,0.24338624338624337,371.4557732644328,,,
2016-04-02,0.24074074074074073,843.0326256795549,,,
2016-04-03,0.23809523809523808,1307.6066269118485,,,
2016-04-04,0.23544973544973544,762.3704272992615,,,
2016-04-05,0.2328042328042328,766.5796185646623,,,
2016-04-06,0.23015873015873015,687.3407948884656,,,
2016-04-07,0.2275132275132275,1273.3720933384163,,,
2016-04-08,0.22486772486772486,461.9212309495736,,,
2016-04-09,0.2222222222222222,399.3572468435849,,,
2016-04-10,0.21957671957671956,410.9802736941566,,,
2016-04-11,0.21693121693121692,230.9387972163039,,,
2016-04-12,0.21428571428571427,459.2472068182696,,,
2016-04-13,0.42857142857142855,374.4139314442866,,,
2016-04-14,0.5238095238095238,333.6326276406601,,,
2016-04-15,0.6190476190476191,383.31100673561536,,,
2016-04-16,0.7142857142857143,360.4715174008201,,,
2016-04-17,0.8571428571428572,966.6607582411835,,,
2016-04-18,1.0,205.2888864937026,,,
2016-04-19,0.922077922077922,1334.1622506529602,,,
2016-04-20,0.8441558441558441,159.2928261801836,,,
2016-04-21,0.7662337662337662,210.03100298615536,,,
2016-04-22,0.6883116883116882,576.9675717679331,,,
2016-04-23,0.6103896103896103,350.8638418606389,,,
2016-04-24,0.5324675324675324,486.76924315509854,,,
2016-04-25,0.4545454545454545,209.94686256204847,,,
2016-04-26,0.3766233766233765,559.1013007644829,,,
2016-04-27,0.2987012987012986,2112.099659772348,,,
2016-04-28,0.22077922077922063,123.03158098559202,,,
2016-04-29,0.14285714285714285,113.91418190002508,1834.0041600000002,28.790035200000002,650.00016
2016-04-30,0.14285714285714285,101.71009711979632,,,
2016-05-01,0.14285714285714285,84.81049743785711,,,
2016-05-02,0.14285714285714285,417.28662693543936,,,
2016-05-03,0.14285714285714285,262.1128774305699,,,
2016-05-04,0.14285714285714285,80.91735760636608,,,
2016-05-05,0.14285714285714285,75.06007168191952,,,
2016-05-06,0.14285714285714285,105.19779773672845,,,
2016-05-07,0.14285714285714285,114.80830044227687,,,
2016-05-08,0.14285714285714285,87.5231638856385,,,
2016-05-09,0.14285714285714285,199.99553399229885,,,
2016-05-10,0.14285714285714285,41.69945332707632,,,
2016-05-11,0.14285714285714285,1134.1829220215143,,,
2016-05-12,0.14285714285714285,79.05646298747044,,,
2016-05-13,0.5,160.81855079765808,,,
2016-05-14,0.45535714285714285,60.88737816758794,,,
2016-05-15,0.4107142857142857,51.05772006418624,,,
2016-05-16,0.3660714285714286,681.8518900090031,,,
2016-05-17,0.3214285714285714,51.81511351163016,,,
2016-05-18,0.2767857142857143,57.4119544662,,,
2016-05-19,0.23214285714285715,59.31800647744052,,,
2016-05-20,0.1875,50.30209268831345,,,
2016-05-21,0.14285714285714285,76.61285015589253,,,
2016-05-22,0.15,51.782163324942246,,,
2016-05-23,0.15714285714285714,62.996190055485606,,,
2016-05-24,0.16428571428571428,207.6476096448685,,,
2016-05-25,0.17142857142857143,52.6070536967106,,,
2016-05-26,0.17857142857142855,110.70268027182468,,,
2016-05-27,0.18571428571428572,105.02905418445978,,,
2016-05-28,0.19285714285714284,328.11896125814087,,,
2016-05-29,0.19999999999999998,244.36020254938225,,,
2016-05-30,0.20714285714285713,146.06748525614523,,,
2016-05-31,0.21428571428571427,48.75962465655682,,,
2016-06-01,0.26785714285714285,373.2606175510492,,,
2016-06-02,0.3214285714285714,134.87444617996698,1381.00032,32.3899776,245.99980800000003
2016-06-03,0.375,191.03487682852813,,,
2016-06-04,0.42857142857142855,51.48519721157695,,,
2016-06-05,0.5,49.7164670981125,,,
2016-06-06,0.5714285714285714,211.71856360763792,,,
2016-06-07,0.5285714285714286,100.2134514470656,,,
2016-06-08,0.48571428571428565,98.70289752603388,,,
2016-06-09,0.44285714285714284,204.8185663834163,,,
2016-06-10,0.39999999999999997,117.04909445369115,,,
2016-06-11,0.3571428571428571,89.58983700223081,,,
2016-06-12,0.37499999999999994,62.544731117916434,,,
2016-06-13,0.3928571428571428,45.74553587745847,,,
2016-06-14,0.4107142857142857,65.5713965386691,,,
2016-06-15,0.42857142857142855,45.89460650669204,,,
2016-06-16,0.40714285714285714,43.387345708934966,,,
2016-06-17,0.3857142857142857,36.41440767045712,,,
2016-06-18,0.36428571428571427,73.20374380402505,,,
2016-06-19,0.34285714285714286,108.36315353012333,,,
2016-06-20,0.3214285714285714,48.63059446749016,,,
2016-06-21,0.3,206.9225007401081,,,
2016-06-22,0.2785714285714286,109.6403837502863,,,
2016-06-23,0.2571428571428571,172.6598888122318,,,
2016-06-24,0.23571428571428568,52.66696944241627,,,
2016-06-25,0.21428571428571427,96.07266390509707,,,
2016-06-26,0.21254355400696862,86.15328957432506,,,
2016-06-27,0.21080139372822299,100.35889849043912,,,
2016-06-28,0.20905923344947733,91.27937772115484,,,
2016-06-29,0.2073170731707317,68.84203348078474,,,
2016-06-30,0.20557491289198604,72.53205307357211,,,
2016-07-01,0.2038327526132404,69.24518775081711,,,
2016-07-02,0.20209059233449475,45.17118275038782,,,
2016-07-03,0.20034843205574912,49.86864090553844,,,
2016-07-04,0.19860627177700346,80.48462898941617,,,
2016-07-05,0.19686411149825783,110.99567645160212,,,
2016-07-06,0.19512195121951217,59.28856320976507,,,
2016-07-07,0.19337979094076654,164.53628858599834,,,
2016-07-08,0.19163763066202089,150.21241074545873,,,
2016-07-09,0.18989547038327526,279.6506998345764,,,
2016-07-10,0.1881533101045296,164.5786745348113,,,
2016-07-11,0.18641114982578397,181.13833008717904,,,
2016-07-12,0.1846689895470383,304.417229786542,,,
2016-07-13,0.18292682926829268,259.4979327951613,,,
2016-07-14,0.18118466898954702,92.91205242567928,,,
2016-07-15,0.1794425087108014,60.102746125794525,,,
2016-07-16,0.17770034843205573,62.94078801048072,,,
2016-07-17,0.1759581881533101,112.20203665756958,,,
2016-07-18,0.17421602787456444,84.07469143139855,,,
2016-07-19,0.1724738675958188,90.94426081334244,,,
2016-07-20,0.17073170731707316,83.74144043745528,,,
2016-07-21,0.16898954703832753,76.3416420271303,,,
2016-07-22,0.16724738675958187,117.27998655885123,,,
2016-07-23,0.1655052264808362,93.91934659981013,,,
2016-07-24,0.16376306620209058,81.85755986953292,,,
2016-07-25,0.16202090592334495,55.74771858052928,,,
2016-07-26,0.1602787456445993,88.59793110419854,,,
2016-07-27,0.15853658536585363,44.84247290491473,,,
2016-07-28,0.156794425087108,96.8947328705144,,,
2016-07-29,0.15505226480836237,109.33899922941228,,,
2016-07-30,0.15331010452961671,82.89056943521038,,,
2016-07-31,0.15156794425087106,63.05345399906141,,,
2016-08-01,0.14982578397212543,83.29553454430521,,,
2016-08-02,0.1480836236933798,63.02341466318571,,,
2016-08-03,0.14634146341463414,65.12757143592604,,,
2016-08-04,0.14459930313588848,65.28316508700554,,,
2016-08-05,0.14285714285714285,68.34882435919384,,,
2016-08-06,0.14285714285714285,77.98963060957227,,,
2016-08-07,0.14285714285714285,75.37895089935998,,,
2016-08-08,0.14285714285714285,95.18869256380034,,,
2016-08-09,0.14285714285714285,110.06713016966832,,,
2016-08-10,0.14285714285714285,75.85770328377983,,,
2016-08-11,0.14285714285714285,86.06661876911929,,,
2016-08-12,0.14285714285714285,216.3418450054539,,,
2016-08-13,0.14285714285714285,83.09200601223957,,,
2016-08-14,0.14285714285714285,87.248000575872,,,
2016-08-15,0.14285714285714285,58.93588007461237,,,
2016-08-16,0.14285714285714285,60.93171062602006,1494.99648,33.709996800000006,230.99990400000002
2016-08-17,0.14285714285714285,105.08885725886218,,,
2016-08-18,0.14285714285714285,76.3763877322446,,,
2016-08-19,0.14285714285714285,94.10922022461438,,,
2016-08-20,0.14285714285714285,180.7275098426772,,,
2016-08-21,0.2857142857142857,159.37521377236573,,,
2016-08-22,0.3898809523809524,151.59720909423038,,,
2016-08-23,0.49404761904761907,2456.817840052722,,,
2016-08-24,0.5982142857142857,522.5142691163096,,,
2016-08-25,0.7023809523809523,85.33645343521226,,,
2016-08-26,0.8065476190476191,113.54329533433749,,,
2016-08-27,0.9107142857142857,70.18365899138593,,,
2016-08-28,1.4285714285714286,93.6411094855773,,,
2016-08-29,1.3285714285714285,140.00770944338944,,,
2016-08-30,1.2285714285714286,352.3414155545024,,,
2016-08-31,1.1285714285714286,2671.698944960608,,,
2016-09-01,1.0285714285714285,28246.13109787596,,,
2016-09-02,0.9285714285714286,831.7726658725348,,,
2016-09-03,0.8285714285714285,1577.6098634723887,,,
2016-09-04,0.7285714285714285,792.2282756950067,,,
2016-09-05,0.6285714285714286,1639.8988257927713,,,
2016-09-06,0.5285714285714286,360.0332073498854,,,
2016-09-07,0.42857142857142855,329.9076756190536,,,
2016-09-08,0.8571428571428571,124.83867013371656,,,
2016-09-09,0.8151260504201681,246.4280203997398,,,
2016-09-10,0.7731092436974789,291.6888692176083,,,
2016-09-11,0.7310924369747899,96.26769281904863,,,
2016-09-12,0.6890756302521008,140.59262335443054,,,
2016-09-13,0.6470588235294117,2339.8074147641573,,,
2016-09-14,0.6050420168067226,448.08426950564,,,
2016-09-15,0.5630252100840336,123.62013537233224,,,
2016-09-16,0.5210084033613445,125.81330236202574,,,
2016-09-17,0.4789915966386554,73.13361211237441,,,
2016-09-18,0.4369747899159664,260.0292640389585,,,
2016-09-19,0.3949579831932773,195.2543985902429,,,
2016-09-20,0.3529411764705882,89.51610114630265,,,
2016-09-21,0.31092436974789917,235.33504486645057,,,
2016-09-22,0.26890756302521013,140.0821762443751,,,
2016-09-23,0.22689075630252098,778.1412714848085,,,
2016-09-24,0.18487394957983194,149.49354742773235,,,
2016-09-25,0.14285714285714285,132.9962784952027,,,
2016-09-26,0.14285714285714285,326.25045550534634,,,
2016-09-27,0.14285714285714285,103.71922038810597,,,
2016-09-28,0.14285714285714285,78.95880149440586,,,
2016-09-29,0.14285714285714285,89.44033553539823,,,
2016-09-30,0.14285714285714285,148.36940994751072,,,
2016-10-01,0.14285714285714285,59.19978530492912,,,
2016-10-02,0.14285714285714285,332.51693673981407,,,
2016-10-03,0.14285714285714285,377.3560735459372,,,
2016-10-04,0.14285714285714285,71.10184575530735,,,
2016-10-05,0.19999999999999998,214.9827905480914,,,
2016-10-06,0.2571428571428571,80.07188822214084,,,
2016-10-07,0.3142857142857143,58.52244497793796,,,
2016-10-08,0.37142857142857144,3305.328428556308,,,
2016-10-09,0.42857142857142855,90.20133595041293,,,
2016-10-10,0.7142857142857143,93.6038924873261,,,
2016-10-11,0.8571428571428571,42.695667507842536,,,
2016-10-12,0.8021978021978021,157.03164835823125,,,
2016-10-13,0.7472527472527473,385.2514195045876,,,
2016-10-14,0.6923076923076923,318.9649130971893,1726.99776,28.999987200000003,419.00025600000004
2016-10-15,0.6373626373626373,136.58730405885845,,,
2016-10-16,0.5824175824175823,339.4256276763632,,,
2016-10-17,0.5274725274725275,78.28848610322139,,,
2016-10-18,0.4725274725274725,67.44881684509896,,,
2016-10-19,0.4175824175824176,56.4475190952305,,,
2016-10-20,0.3626373626373627,51.10902892712768,,,
2016-10-21,0.3076923076923077,251.36614415015245,,,
2016-10-22,0.25274725274725274,79.68860062834908,,,
2016-10-23,0.19780219780219788,44.71210439590067,,,
2016-10-24,0.14285714285714285,62.353067947992,,,
2016-10-25,0.2857142857142857,106.40885955106108,,,
2016-10-26,0.380952380952381,307.8452101565334,,,
2016-10-27,0.4761904761904763,50.64507314045315,,,
2016-10-28,0.5714285714285715,60.059931886148526,,,
2016-10-29,0.6517857142857143,57.35280646391221,,,
2016-10-30,0.7321428571428572,66.29837345442985,,,
2016-10-31,0.8125,109.63881154476576,,,
2016-11-01,0.8928571428571428,268.94375397952507,,,
2016-11-02,1.1428571428571428,842.7103675204371,,,
2016-11-03,1.0238095238095237,285.7278681460927,,,
2016-11-04,0.9047619047619048,566.1997431755905,,,
2016-11-05,0.7857142857142857,274.6569547632752,,,
2016-11-06,0.6666666666666667,50.988173306756,,,
2016-11-07,0.5476190476190477,164.57298086814492,,,
2016-11-08,0.42857142857142855,47.990700069343326,,,
2016-11-09,0.2857142857142857,123.53482298968262,,,
2016-11-10,0.42857142857142855,45.97054098611978,,,
2016-11-11,0.5714285714285714,82.43476461083009,,,
2016-11-12,0.7142857142857143,105.22686056364148,,,
2016-11-13,0.8095238095238095,1850.1336291731216,,,
2016-11-14,0.9047619047619048,175.57769524211554,,,
2016-11-15,1.0,101.11420529370707,,,
2016-11-16,1.1428571428571428,68.14179843215526,,,
2016-11-17,1.0714285714285714,45.3594798797693,,,
2016-11-18,1.0,182.5955110097205,,,
2016-11-19,1.3571428571428572,81.08354663188089,,,
2016-11-20,1.5714285714285714,59.59297626205062,,,
2016-11-21,1.4285714285714286,225.7327964120369,1246.00032,14.5999584,399.000384
2016-11-22,1.2857142857142856,611.5614032868772,,,
2016-11-23,1.1428571428571428,281.7865523854551,,,
2016-11-24,1.0,371.456144938924,,,
2016-11-25,0.8571428571428571,405.0845063482168,,,
2016-11-26,0.7142857142857142,827.9240187599482,,,
2016-11-27,0.5714285714285714,859.9104243904529,,,
2016-11-28,0.42857142857142855,41.85628304664408,,,
2016-11-29,0.4171428571428571,50.58078653665595,,,
2016-11-30,0.4057142857142857,72.42165852104944,,,
2016-12-01,0.39428571428571424,393.94417951912,,,
2016-12-02,0.38285714285714284,59.13969072748455,,,
2016-12-03,0.3714285714285714,105.74776053934424,,,
2016-12-04,0.36,93.60731003498891,,,
2016-12-05,0.34857142857142853,41.76227021093852,,,
2016-12-06,0.33714285714285713,139.57409800848183,,,
2016-12-07,0.3257142857142857,101.12782142690712,,,
2016-12-08,0.3142857142857143,242.49439789504223,,,
2016-12-09,0.3028571428571428,69.3743719929085,,,
2016-12-10,0.29142857142857137,429.1587874324154,,,
2016-12-11,0.27999999999999997,107.11155475299924,,,
2016-12-12,0.26857142857142857,226.34723673882496,,,
2016-12-13,0.2571428571428571,116.15608708690108,,,
2016-12-14,0.2457142857142857,322.70384700731563,,,
2016-12-15,0.23428571428571426,373.4814954820056,,,
2016-12-16,0.22285714285714284,498.8698142275974,,,
2016-12-17,0.2114285714285714,456.4473883373513,,,
2016-12-18,0.19999999999999998,409.3999742005896,,,
2016-12-19,0.18857142857142856,466.6434136898996,,,
2016-12-20,0.1771428571428571,441.45134921823,,,
2016-12-21,0.1657142857142857,121.03904089192594,,,
2016-12-22,0.15428571428571425,471.0798461185172,,,
2016-12-23,0.14285714285714285,68.42813891326,,,
2016-12-24,0.14285714285714285,53.91436621100979,,,
2016-12-25,0.14285714285714285,94.67244409593732,,,
2016-12-26,0.14285714285714285,29.349050123274072,,,
2016-12-27,0.14285714285714285,36.78211047836233,,,
2016-12-28,0.14285714285714285,44.638685964805696,,,
2016-12-29,0.14285714285714285,85.99080954615641,,,
2016-12-30,0.14285714285714285,129.76980633779974,,,
2016-12-31,0.14705882352941177,33.15712772983895,,,
2017-01-01,0.15126050420168066,53.12351729352949,,,
2017-01-02,0.15546218487394958,107.31616565094836,,,
2017-01-03,0.15966386554621848,148.62812214643492,,,
2017-01-04,0.1638655462184874,76.16182664618684,,,
2017-01-05,0.1680672268907563,55.213363471447856,,,
2017-01-06,0.1722689075630252,1586.2498332277255,,,
2017-01-07,0.1764705882352941,84.00407714608123,,,
2017-01-08,0.18067226890756302,36.63849153149609,,,
2017-01-09,0.18487394957983191,40.85436414763978,,,
2017-01-10,0.18907563025210083,161.3184793182269,,,
2017-01-11,0.19327731092436973,49.140052181567725,827.000064,9.199958400000002,404.000352
2017-01-12,0.19747899159663865,60.46045226826376,,,
2017-01-13,0.20168067226890757,39.89627994238672,,,
2017-01-14,0.20588235294117646,56.23014722241594,,,
2017-01-15,0.21008403361344535,45.93313390297642,,,
2017-01-16,0.21428571428571427,51.38773906562448,,,
2017-01-17,0.20879120879120877,48.73885368753391,,,
2017-01-18,0.2032967032967033,42.33549837332524,,,
2017-01-19,0.1978021978021978,68.08472826617623,,,
2017-01-20,0.1923076923076923,84.60235628501678,,,
2017-01-21,0.18681318681318682,171.5472304922387,,,
2017-01-22,0.1813186813186813,3361.588457122346,,,
2017-01-23,0.1758241758241758,152.70206222044953,,,
2017-01-24,0.17032967032967034,29.64323243028796,,,
2017-01-25,0.16483516483516483,66.57737287367868,,,
2017-01-26,0.15934065934065933,38.69007619101293,,,
2017-01-27,0.15384615384615385,44.68976740347234,,,
2017-01-28,0.14835164835164835,47.13448337966794,,,
2017-01-29,0.14285714285714285,121.4894014732501,,,
2017-01-30,0.19047619047619047,63.95999297092874,,,
2017-01-31,0.23809523809523808,38.97802121832616,,,
2017-02-01,0.2857142857142857,54.33241889062154,,,
2017-02-02,0.28397212543554007,1698.016538036974,,,
2017-02-03,0.2822299651567944,66.2099152206546,,,
2017-02-04,0.28048780487804875,82.21597341538818,,,
2017-02-05,0.2787456445993031,28.909530978211567,,,
2017-02-06,0.2770034843205575,402.74191006731695,,,
2017-02-07,0.2752613240418118,72.9062028353728,,,
2017-02-08,0.2735191637630662,94.1791501627744,,,
2017-02-09,0.27177700348432055,82.66085416828186,,,
2017-02-10,0.2700348432055749,98.4887684653458,,,
2017-02-11,0.26829268292682923,41.57709734345645,,,
2017-02-12,0.2665505226480836,44.77726962615613,,,
2017-02-13,0.26480836236933797,95.99889580081212,,,
2017-02-14,0.26306620209059234,38.06101598136976,,,
2017-02-15,0.26132404181184665,289.8375302934182,,,
2017-02-16,0.259581881533101,320.41460397743833,,,
2017-02-17,0.2578397212543554,252.3035785823347,,,
2017-02-18,0.25609756097560976,246.3440682891718,,,
2017-02-19,0.2543554006968641,253.34586199801845,,,
2017-02-20,0.25261324041811845,682.8388218226636,,,
2017-02-21,0.2508710801393728,220.8433021170665,,,
2017-02-22,0.24912891986062716,214.37258087521263,,,
2017-02-23,0.24738675958188153,235.1602683487725,,,
2017-02-24,0.24564459930313587,657.4819279282384,,,
2017-02-25,0.24390243902439024,337.54051814893194,,,
2017-02-26,0.24216027874564458,163.71981138273884,,,
2017-02-27,0.24041811846689892,104.92525955226186,,,
2017-02-28,0.2386759581881533,31.113006504515187,,,
2017-03-01,0.23693379790940766,33.61999880766068,,,
2017-03-02,0.235191637630662,137.08775862048958,,,
2017-03-03,0.23344947735191635,52.47197368910482,1032.9984,4.2299712000000005,240.000192
2017-03-04,0.23170731707317072,37.4144697815282,,,
2017-03-05,0.22996515679442509,39.006594913310416,,,
2017-03-06,0.22822299651567943,729.0983304171185,,,
2017-03-07,0.22648083623693377,684.0964783624461,,,
2017-03-08,0.22473867595818814,91.83370803229268,,,
2017-03-09,0.2229965156794425,1714.7047756338873,,,
2017-03-10,0.22125435540069685,156.61096668150338,,,
2017-03-11,0.2195121951219512,110.0197640426809,,,
2017-03-12,0.21777003484320556,624.4249455360397,,,
2017-03-13,0.21602787456445993,72.34728146160624,,,
2017-03-14,0.21428571428571427,82.13459349577894,,,
2017-03-15,0.2571428571428571,83.95594096629716,,,
2017-03-16,0.3,79.41011428207783,,,
2017-03-17,0.34285714285714286,137.16691956823658,,,
2017-03-18,0.3857142857142857,80.18436439817926,,,
2017-03-19,0.42857142857142855,139.51495448329533,,,
2017-03-20,0.4081632653061224,56.167953620175936,,,
2017-03-21,0.3877551020408163,123.6962725691308,,,
2017-03-22,0.36734693877551017,69.30958797530985,,,
2017-03-23,0.3469387755102041,85.76381349367415,,,
2017-03-24,0.32653061224489793,62.97333865236981,,,
2017-03-25,0.30612244897959184,95.11960587447356,,,
2017-03-26,0.2857142857142857,209.01743708884968,,,
2017-03-27,0.3214285714285714,135.3864295150672,,,
2017-03-28,0.3571428571428571,93.89177691241365,,,
2017-03-29,0.34374999999999994,81.61504565684885,,,
2017-03-30,0.3303571428571428,74.14945409354496,,,
2017-03-31,0.3169642857142857,63.21170490353083,,,
2017-04-01,0.30357142857142855,1089.8254707133133,,,
2017-04-02,0.2901785714285714,67.74063928976678,,,
2017-04-03,0.27678571428571425,123.21583390934514,,,
2017-04-04,0.2633928571428571,105.5026256829411,,,
2017-04-05,0.24999999999999997,110.25010499818438,,,
2017-04-06,0.23660714285714285,66.51378091033031,,,
2017-04-07,0.2232142857142857,152.30723964923942,,,
2017-04-08,0.20982142857142855,55.826277349489374,,,
2017-04-09,0.1964285714285714,272.9091560283107,,,
2017-04-10,0.18303571428571427,51.51163031258902,,,
2017-04-11,0.16964285714285712,125.35392716134764,,,
2017-04-12,0.15625,99.56162165360176,,,
2017-04-13,0.14285714285714285,819.5237118056323,,,
2017-04-14,0.19047619047619047,192.8042567014851,,,
2017-04-15,0.23809523809523808,149.92866676565484,,,
2017-04-16,0.2857142857142857,85.57078282692454,,,
2017-04-17,0.2755102040816326,122.1773636850781,,,
2017-04-18,0.26530612244897955,50.34283496887551,,,
2017-04-19,0.25510204081632654,1061.9865459424486,,,
2017-04-20,0.24489795918367346,61.12653720482221,1225.99872,10.0000224,248.99961600000003
2017-04-21,0.2346938775510204,31.536681706063085,,,
2017-04-22,0.22448979591836732,201.83732359024327,,,
2017-04-23,0.21428571428571427,85.81309036838617,,,
2017-04-24,0.25,150.46094625215363,,,
2017-04-25,0.2857142857142857,97.6647151490696,,,
2017-04-26,0.3214285714285714,137.97224385208332,,,
2017-04-27,0.3571428571428571,49.29332743818061,,,
2017-04-28,0.3928571428571428,41.10046903279843,,,
2017-04-29,0.42857142857142855,137.7806134720159,,,
2017-04-30,0.8285714285714285,95.91421983239582,,,
2017-05-01,0.7993197278911565,259.93609625422,,,
2017-05-02,0.7700680272108843,36.84431481958532,,,
2017-05-03,0.7408163265306122,199.80851866816585,,,
2017-05-04,0.7115646258503401,45.52497384534277,,,
2017-05-05,0.682312925170068,59.58947311321515,,,
2017-05-06,0.6530612244897959,39.55942963295964,,,
2017-05-07,0.6238095238095238,135.85072978432373,,,
2017-05-08,0.5945578231292517,55.63958698081626,,,
2017-05-09,0.5653061224489796,1576.8630289324483,,,
2017-05-10,0.5360544217687075,60.29437596543924,,,
2017-05-11,0.5068027210884354,99.71937801017562,,,
2017-05-12,0.4775510204081633,258.3641153514304,,,
2017-05-13,0.44829931972789117,104.68759726202764,,,
2017-05-14,0.41904761904761906,41.77829912191769,,,
2017-05-15,0.38979591836734695,45.06436769771118,,,
2017-05-16,0.36054421768707484,85.9366487238337,,,
2017-05-17,0.33129251700680273,103.97682697764948,,,
2017-05-18,0.3020408163265307,68.20814784129047,,,
2017-05-19,0.2727891156462585,52.76859338456805,,,
2017-05-20,0.24353741496598647,82.7421251126484,,,
2017-05-21,0.21428571428571427,54.497171869441146,,,
2017-05-22,0.42857142857142855,61.85438433353807,,,
2017-05-23,0.4081632653061224,99.92489521394285,,,
2017-05-24,0.3877551020408163,69.51421537822435,,,
2017-05-25,0.36734693877551017,48.76396862831088,,,
2017-05-26,0.3469387755102041,77.36354745851968,,,
2017-05-27,0.32653061224489793,76.61746780446298,,,
2017-05-28,0.30612244897959184,76.95095686778104,,,
2017-05-29,0.2857142857142857,74.97177323701472,,,
2017-05-30,0.2815126050420168,73.54078448686232,,,
2017-05-31,0.27731092436974786,678.6816077050294,,,
2017-06-01,0.27310924369747897,604.7265403976196,,,
2017-06-02,0.2689075630252101,95.39050760086512,,,
2017-06-03,0.2647058823529412,145.00172401907744,,,
2017-06-04,0.26050420168067223,233.08171053113875,,,
2017-06-05,0.25630252100840334,103.38156577188288,,,
2017-06-06,0.25210084033613445,108.48376166962169,,,
2017-06-07,0.24789915966386553,162.93302410105352,,,
2017-06-08,0.24369747899159663,181.98426220260004,,,
2017-06-09,0.2394957983193277,125.7461841431175,,,
2017-06-10,0.23529411764705882,130.71782276348446,,,
2017-06-11,0.2310924369747899,239.51443442033292,,,
2017-06-12,0.22689075630252098,128.9568927717872,,,
2017-06-13,0.2226890756302521,146.63561414913195,,,
2017-06-14,0.2184873949579832,147.54919414330348,,,
2017-06-15,0.21428571428571427,278.61763240738225,,,
2017-06-16,0.3214285714285714,97.64748969356629,,,
2017-06-17,0.42857142857142855,67.16555589114753,,,
2017-06-18,0.46428571428571425,109.4923259306107,,,
2017-06-19,0.5,54.91557846145451,,,
2017-06-20,0.5357142857142857,62.11644330986712,,,
2017-06-21,0.5714285714285714,85.43683022104464,,,
2017-06-22,0.5238095238095237,200.9497170368869,,,
2017-06-23,0.47619047619047616,140.29588166665442,,,
2017-06-24,0.42857142857142855,207.0988201123185,,,
2017-06-25,0.38095238095238093,46.05035988350196,,,
2017-06-26,0.3333333333333333,47.26466870311421,,,
2017-06-27,0.2857142857142857,52.93603786509239,,,
2017-06-28,0.2857142857142857,146.93509295730777,,,
2017-06-29,0.2857142857142857,951.6525766387608,,,
2017-06-30,0.2857142857142857,1162.212852217537,,,
2017-07-01,0.2857142857142857,117.05631920724312,,,
2017-07-02,0.2781954887218045,705.170592780105,,,
2017-07-03,0.2706766917293233,99.66257651027708,,,
2017-07-04,0.2631578947368421,254.93090002214123,1807.0041600000002,5.6999808000000005,110.00016000000001
2017-07-05,0.2556390977443609,48.91655002394038,,,
2017-07-06,0.24812030075187969,55.52498619477928,,,
2017-07-07,0.24060150375939848,73.50906562278796,,,
2017-07-08,0.23308270676691728,73.92964527659669,,,
2017-07-09,0.22556390977443608,67.44539502779334,,,
2017-07-10,0.21804511278195488,89.3930088739049,,,
2017-07-11,0.21052631578947367,76.11933883652792,,,
2017-07-12,0.20300751879699247,71.99278092220878,,,
2017-07-13,0.19548872180451127,66.04315085330319,,,
2017-07-14,0.18796992481203006,72.41277957416007,,,
2017-07-15,0.18045112781954886,84.82385644173132,,,
2017-07-16,0.17293233082706766,65.7295428273896,,,
2017-07-17,0.16541353383458646,115.97716480415812,,,
2017-07-18,0.15789473684210525,86.40948205704177,,,
2017-07-19,0.15037593984962405,74.56287892539957,,,
2017-07-20,0.14285714285714285,225.6492541552055,,,
2017-07-21,0.2857142857142857,189.1110075374143,,,
2017-07-22,0.2857142857142857,114.67262976712176,,,
2017-07-23,0.2857142857142857,91.62293662305686,,,
2017-07-24,0.2857142857142857,246.3329327126419,,,
2017-07-25,0.2857142857142857,116.7567716675058,,,
2017-07-26,0.2857142857142857,62.30644496715853,,,
2017-07-27,0.2857142857142857,101.68204027588042,,,
2017-07-28,0.2857142857142857,83.09485774099593,,,
2017-07-29,0.27678571428571425,73.47609378033779,,,
2017-07-30,0.26785714285714285,79.64193026632061,,,
2017-07-31,0.2589285714285714,79.89199909226205,,,
2017-08-01,0.25,92.02317447116867,,,
2017-08-02,0.24107142857142855,272.8335852127295,,,
2017-08-03,0.23214285714285712,97.6153039951943,,,
2017-08-04,0.2232142857142857,74.38753851823365,,,
2017-08-05,0.21428571428571427,149.32110547069684,,,
2017-08-06,0.20535714285714285,61.01568645315415,,,
2017-08-07,0.19642857142857142,69.99764414098897,,,
2017-08-08,0.1875,567.8889925889255,,,
2017-08-09,0.17857142857142855,319.0100801027373,,,
2017-08-10,0.16964285714285715,75.8270298022574,,,
2017-08-11,0.1607142857142857,128.13042542654398,,,
2017-08-12,0.15178571428571427,132.2411508052148,,,
2017-08-13,0.14285714285714285,75.73864598927115,,,
2017-08-14,0.14285714285714285,78.74049008689181,,,
2017-08-15,0.14285714285714285,62.49718880162159,,,
2017-08-16,0.14285714285714285,96.94969215722683,,,
2017-08-17,0.14285714285714285,108.28313623183926,,,
2017-08-18,0.14285714285714285,67.75612125442112,,,
2017-08-19,0.14285714285714285,102.07587331542877,,,
2017-08-20,0.14285714285714285,163.43016687734954,,,
2017-08-21,0.14285714285714285,91.33982310245898,,,
2017-08-22,0.14285714285714285,89.39342585407056,,,
2017-08-23,0.14285714285714285,114.16014574576558,,,
2017-08-24,0.14285714285714285,119.1644144129514,,,
2017-08-25,0.14285714285714285,93.16923364138562,,,
2017-08-26,0.14285714285714285,223.36541786628715,,,
2017-08-27,0.14285714285714285,163.76041231612942,,,
2017-08-28,0.14285714285714285,185.82313762568663,,,
2017-08-29,0.14285714285714285,121.16668973269876,,,
2017-08-30,0.14285714285714285,117.20707894430537,,,
2017-08-31,0.14285714285714285,112.75985242523772,,,
2017-09-01,0.14285714285714285,105.58974601309752,,,
2017-09-02,0.14285714285714285,122.08608726936086,,,
2017-09-03,0.14285714285714285,207.05678067183888,,,
2017-09-04,0.14285714285714285,113.79447406716716,,,
2017-09-05,0.14285714285714285,107.93452480610388,,,
2017-09-06,0.14285714285714285,96.85928250911871,,,
2017-09-07,0.14285714285714285,144.87378007678515,,,
2017-09-08,0.14285714285714285,140.82645446544382,,,
2017-09-09,0.14285714285714285,141.5421525014886,,,
2017-09-10,0.14285714285714285,106.6349217170702,,,
2017-09-11,0.14285714285714285,109.77744259508336,,,
2017-09-12,0.14285714285714285,111.25578690365654,,,
2017-09-13,0.1488095238095238,185.6684599483397,,,
2017-09-14,0.15476190476190477,100.54825278912062,,,
2017-09-15,0.1607142857142857,119.45344291458444,,,
2017-09-16,0.16666666666666666,141.15810882346034,,,
2017-09-17,0.17261904761904762,102.61450128792242,,,
2017-09-18,0.17857142857142855,160.73747698503686,,,
2017-09-19,0.1845238095238095,293.5864481522733,,,
2017-09-20,0.19047619047619047,124.13327595091891,,,
2017-09-21,0.19642857142857142,118.1710119967068,,,
2017-09-22,0.20238095238095238,160.00711022568186,,,
2017-09-23,0.20833333333333331,236.622854110481,,,
2017-09-24,0.21428571428571427,137.9718685648645,,,
2017-09-25,0.20714285714285713,259.3978549209743,,,
2017-09-26,0.19999999999999998,312.2095708125565,,,
2017-09-27,0.19285714285714284,213.89863333744364,,,
2017-09-28,0.1857142857142857,133.67871624853063,,,
2017-09-29,0.17857142857142855,121.78257200051844,,,
2017-09-30,0.17142857142857143,821.9882090022804,,,
2017-10-01,0.16428571428571428,106.05084940143458,,,
2017-10-02,0.15714285714285714,140.95420651586804,,,
2017-10-03,0.15,127.07696698131237,,,
2017-10-04,0.14285714285714285,125.83919277053016,2698.0041600000004,10.599984000000001,289.99987200000004
2017-10-05,0.2857142857142857,111.14891863609188,,,
2017-10-06,0.26530612244897955,118.24718225147824,,,
2017-10-07,0.24489795918367346,118.06288571711738,,,
2017-10-08,0.22448979591836732,172.8392251316505,,,
2017-10-09,0.20408163265306123,118.28046560386004,,,
2017-10-10,0.18367346938775508,107.9283769375792,,,
2017-10-11,0.16326530612244897,114.53963908951202,,,
2017-10-12,0.14285714285714285,110.40401122732692,,,
2017-10-13,0.17857142857142855,110.67932243081314,,,
2017-10-14,0.21428571428571427,121.69853786077064,,,
2017-10-15,0.25,117.61321951807082,,,
2017-10-16,0.2857142857142857,114.378354438034,,,
2017-10-17,0.3,122.58407748125082,,,
2017-10-18,0.3142857142857143,169.22136751105882,,,
2017-10-19,0.3285714285714285,561.8075055977793,,,
2017-10-20,0.3428571428571428,126.14426852843268,,,
2017-10-21,0.3571428571428571,127.45417017267438,,,
2017-10-22,0.6,121.62767879650276,,,
2017-10-23,0.8428571428571429,133.42391596408976,,,
2017-10-24,1.0857142857142859,182.166324184498,,,
2017-10-25,1.3285714285714287,117.29155907004886,,,
2017-10-26,1.5714285714285714,124.695685105247,,,
2017-10-27,4.714285714285714,390.4227049901422,,,
2017-10-28,12.67159277504105,153.31231145109126,,,
2017-10-29,23.92857142857143,3102.013043897287,,,
2017-10-30,29.92857142857143,660.662533184343,,,
2017-10-31,31.857142857142854,5872.894909643774,,,
2017-11-01,33.357142857142854,885.4487120798536,795.0000960000001,6.3999936,301.999968
2017-11-02,32.28571428571429,835.6241103840146,,,
2017-11-03,31.42857142857143,152.45053730572505,,,
2017-11-04,26.238095238095237,158.13124081652936,,,
2017-11-05,10.75,220.78737241259955,,,
2017-11-06,7.392857142857142,304.05413280896954,,,
2017-11-07,5.214285714285714,168.90988842783807,,,
2017-11-08,4.428571428571429,102.2539336895153,,,
2017-11-09,4.392857142857143,152.35958225700136,,,
2017-11-10,4.238095238095238,1741.819430057314,,,
2017-11-11,4.571428571428572,572.1490794190108,,,
2017-11-12,4.464285714285714,649.9598750377984,,,
2017-11-13,4.357142857142857,111.84368892833322,,,
2017-11-14,4.6,80.2627461173077,,,
2017-11-15,4.714285714285714,91.6033490051664,,,
2017-11-16,4.7142857142857135,813.2978087938594,,,
2017-11-17,4.035714285714286,127.60472713060506,,,
2017-11-18,3.071428571428571,266.9208021570725,,,
2017-11-19,3.2857142857142856,198.81311111439751,,,
2017-11-20,2.9523809523809526,167.39576386346474,,,
2017-11-21,2.9642857142857144,96.77058722687234,,,
2017-11-22,3.119047619047619,1056.4110719311143,,,
2017-11-23,3.2857142857142856,135.55322755246615,,,
2017-11-24,3.5714285714285716,246.9203674505244,,,
2017-11-25,4.142857142857143,398.2454031038535,,,
2017-11-26,4.285714285714286,162.50438663155293,,,
2017-11-27,4.4523809523809526,100.60677201725224,,,
2017-11-28,4.836734693877551,234.48727962361227,,,
2017-11-29,4.418367346938775,99.58161529781628,,,
2017-11-30,4.0,153.92034607074316,,,
2017-12-01,3.571428571428571,271.2988383741206,,,
2017-12-02,3.095238095238095,112.94957365618478,,,
2017-12-03,2.619047619047619,144.48642818386423,,,
2017-12-04,2.142857142857143,518.8029349717245,,,
2017-12-05,1.7142857142857142,138.7312069736125,,,
2017-12-06,1.2857142857142856,188.72989428470035,,,
2017-12-07,0.8571428571428572,163.9151303448835,,,
2017-12-08,0.42857142857142855,139.98181234419295,,,
2017-12-09,0.42857142857142855,126.66470766947108,,,
2017-12-10,0.42857142857142855,157.87587671879913,,,
2017-12-11,0.6785714285714286,168.0317236066427,,,
2017-12-12,0.8392857142857143,176.0205487014754,,,
2017-12-13,1.0,258.56532533806086,1529.9971200000002,9.399974400000001,341.99971200000005
2017-12-14,1.0178571428571428,622.2545663639588,,,
2017-12-15,1.0357142857142856,426.7417336108716,,,
2017-12-16,1.0535714285714286,441.9961338245545,,,
2017-12-17,1.0714285714285714,303.9542900352126,,,
2017-12-18,1.0714285714285714,282.2208659341228,,,
2017-12-19,0.9285714285714286,251.34704095329656,,,
2017-12-20,1.2380952380952381,269.61299767238245,,,
2017-12-21,1.5714285714285714,317.4690701645732,,,
2017-12-22,1.8571428571428572,318.36560818649053,,,
2017-12-23,1.75,379.4389905452077,,,
2017-12-24,1.6428571428571428,291.9728851878595,,,
2017-12-25,1.5357142857142858,297.61068435537413,,,
2017-12-26,1.4285714285714286,260.2044348695161,,,
2017-12-27,1.2857142857142858,224.5070660555116,,,
2017-12-28,1.0714285714285714,209.48603282545469,,,
2017-12-29,1.0,221.52339241052772,,,
2017-12-30,1.0,201.3723197801124,,,
2017-12-31,0.9642857142857143,342.9015859925907,,,
2018-01-01,0.9285714285714286,203.01384353972665,,,
2018-01-02,0.8928571428571428,199.60268661242188,,,
2018-01-03,0.8571428571428571,263.194463151807,,,
2018-01-04,0.9285714285714286,242.3799825012057,,,
2018-01-05,1.142857142857143,283.4838583017353,,,
2018-01-06,1.3214285714285716,145.20846418124492,,,
2018-01-07,1.5,181.7574103167036,,,
2018-01-08,1.8571428571428572,199.8585356094053,,,
2018-01-09,1.7142857142857144,191.49311322765703,,,
2018-01-10,1.5714285714285716,1557.1864006561736,,,
2018-01-11,1.4285714285714286,290.55898750060794,,,
2018-01-12,1.2857142857142858,199.01763133049133,,,
2018-01-13,1.0714285714285714,188.94143686852604,,,
2018-01-14,1.3571428571428572,171.81032587176986,,,
2018-01-15,1.1071428571428572,608.2429668122858,,,
2018-01-16,0.8571428571428571,154.1034323077997,,,
2018-01-17,1.0,420.4036740973604,,,
2018-01-18,0.8857142857142857,497.4393219582564,,,
2018-01-19,0.7714285714285715,127.91150176702348,,,
2018-01-20,0.6571428571428571,141.64264268998673,,,
2018-01-21,0.5428571428571429,144.49476359291037,,,
2018-01-22,0.42857142857142855,158.85654867663055,,,
2018-01-23,0.5,122.94154032469508,,,
2018-01-24,0.46031746031746035,217.1819632822576,,,
2018-01-25,0.42063492063492064,175.51438080407038,,,
2018-01-26,0.38095238095238093,162.97554418475946,,,
2018-01-27,0.3412698412698413,144.45260111428257,,,
2018-01-28,0.3015873015873016,148.35776043095467,,,
2018-01-29,0.2619047619047619,148.5336237447416,,,
2018-01-30,0.2222222222222222,134.04557759297063,,,
2018-01-31,0.18253968253968256,148.42027194770765,,,
2018-02-01,0.14285714285714285,148.56383009212004,,,
2018-02-02,0.17142857142857143,428.676596775841,,,
2018-02-03,0.19999999999999998,234.55906360689377,,,
2018-02-04,0.22857142857142856,172.26911197813655,,,
2018-02-05,0.2571428571428571,153.6947875862125,,,
2018-02-06,0.2857142857142857,138.93578786003752,,,
2018-02-07,0.2857142857142857,115.19946359008983,,,
2018-02-08,0.2857142857142857,166.24583782809916,,,
2018-02-09,0.3333333333333333,116.888923490411,,,
2018-02-10,0.38095238095238093,95.0749575449438,,,
2018-02-11,0.42857142857142855,796.727471819589,,,
2018-02-12,0.39999999999999997,96.33806924528542,,,
2018-02-13,0.3714285714285714,93.7060269953945,,,
2018-02-14,0.34285714285714286,119.23395659165271,,,
2018-02-15,0.3142857142857143,89.21451900350098,,,
2018-02-16,0.2857142857142857,70.54603219836068,,,
2018-02-17,0.2857142857142857,75.55247891099309,,,
2018-02-18,0.2857142857142857,119.5462399726592,,,
2018-02-19,0.2857142857142857,211.5355155706675,,,
2018-02-20,0.2857142857142857,83.47047396080097,,,
2018-02-21,0.2857142857142857,381.0012002051103,,,
2018-02-22,0.2857142857142857,97.19935178393462,,,
2018-02-23,0.2857142857142857,77.10633920266727,,,
2018-02-24,0.3571428571428571,75.27064844709821,,,
2018-02-25,0.42857142857142855,90.01588000870706,,,
2018-02-26,0.6428571428571428,84.32065874479869,,,
2018-02-27,0.6071428571428571,75.02939443128423,,,
2018-02-28,0.5714285714285714,88.68983214624681,,,
2018-03-01,0.5357142857142857,90.95431251832186,,,
2018-03-02,0.5,151.80080852706354,,,
2018-03-03,0.4642857142857143,209.11603585893712,,,
2018-03-04,0.42857142857142855,178.5712983212443,,,
2018-03-05,0.39285714285714285,78.5729433149386,,,
2018-03-06,0.35714285714285715,120.83111594691036,,,
2018-03-07,0.32142857142857145,67.88868578121114,,,
2018-03-08,0.28571428571428575,127.0957204534908,,,
2018-03-09,0.25000000000000006,102.20806899711468,,,
2018-03-10,0.21428571428571427,117.18483997570922,,,
2018-03-11,0.7142857142857142,114.91324446105158,,,
2018-03-12,1.2142857142857142,188.54300143492617,,,
2018-03-13,3.0,95.147918865053,,,
2018-03-14,4.785714285714286,113.28825230146803,,,
2018-03-15,5.785714285714286,567.7989374548303,,,
2018-03-16,5.761904761904762,1539.4389520671475,,,
2018-03-17,5.738095238095238,450.4474154744152,,,
2018-03-18,5.714285714285714,141.9478328956555,,,
2018-03-19,4.357142857142858,103.38949731974986,,,
2018-03-20,3.0,100.66141406537858,1610.00352,11.000016000000002,439.99977600000005
2018-03-21,1.6428571428571432,186.9016058243893,,,
2018-03-22,0.2857142857142857,146.80540182639763,,,
2018-03-23,0.5,117.7950440182714,,,
2018-03-24,0.5357142857142857,161.18144808212065,,,
2018-03-25,0.5714285714285714,190.99354034637668,,,
2018-03-26,0.6071428571428571,400.3036570840457,,,
2018-03-27,0.6428571428571428,96.63296838659542,,,
2018-03-28,0.6,123.2470087961488,,,
2018-03-29,0.557142857142857,96.78333860001167,,,
2018-03-30,0.5142857142857142,137.41068389149115,,,
2018-03-31,0.4714285714285714,102.231979247975,,,
2018-04-01,0.42857142857142855,104.09863675751456,,,
2018-04-02,0.6428571428571428,194.99216618008603,,,
2018-04-03,0.6071428571428571,116.1145072955356,,,
2018-04-04,0.5714285714285714,227.4107211046637,,,
2018-04-05,0.7857142857142857,177.5416565168592,,,
2018-04-06,1.0714285714285714,538.1611965170085,,,
2018-04-07,1.3571428571428572,200.32080318600532,,,
2018-04-08,1.2678571428571428,251.7636110789356,,,
2018-04-09,1.1785714285714286,1557.803568166613,,,
2018-04-10,1.0892857142857144,488.061378563036,,,
2018-04-11,1.0,511.9020879561385,,,
2018-04-12,0.8928571428571428,524.146653057066,,,
2018-04-13,0.7857142857142857,984.3558958891842,,,
2018-04-14,0.6785714285714286,517.7071033201411,,,
2018-04-15,0.5714285714285714,339.87131937570905,,,
2018-04-16,0.4642857142857142,329.8796034196208,,,
2018-04-17,0.3571428571428571,446.7352488089595,,,
2018-04-18,0.25,74.67221105186144,,,
2018-04-19,0.14285714285714285,38.31870592853231,,,
2018-04-20,0.21428571428571427,185.45713549329463,,,
2018-04-21,0.2857142857142857,50.07320026543277,,,
2018-04-22,0.2857142857142857,46.973791646706005,,,
2018-04-23,0.2857142857142857,56.57045187115467,,,
2018-04-24,0.2857142857142857,129.79914363727298,,,
2018-04-25,0.2857142857142857,245.5298612946081,,,
2018-04-26,0.2857142857142857,170.99900016346783,,,
2018-04-27,0.2857142857142857,203.7295808925692,,,
2018-04-28,0.2857142857142857,316.5554371863133,,,
2018-04-29,0.3571428571428571,238.4781078441609,,,
2018-04-30,0.42857142857142855,196.8920291792436,,,
2018-05-01,0.7142857142857143,200.9208564086713,,,
2018-05-02,0.6428571428571429,200.8210721957752,,,
2018-05-03,0.5714285714285714,202.6905882699743,,,
2018-05-04,0.5,220.33673581648904,,,
2018-05-05,0.4285714285714286,220.3609400103545,,,
2018-05-06,0.3571428571428572,215.5558085260336,,,
2018-05-07,0.28571428571428575,206.2444298359116,,,
2018-05-08,0.2142857142857143,210.92628439493828,,,
2018-05-09,0.14285714285714285,328.3186423568792,,,
2018-05-10,0.2857142857142857,200.35325288939904,,,
2018-05-11,0.42857142857142855,205.4865924144386,,,
2018-05-12,0.46428571428571425,191.46208115974665,,,
2018-05-13,0.5,190.59844445267584,,,
2018-05-14,0.5357142857142857,198.83552564476648,,,
2018-05-15,0.5714285714285714,211.5865688658166,,,
2018-05-16,0.5,942.9640608545084,,,
2018-05-17,0.42857142857142855,765.5920063512655,,,
2018-05-18,0.3571428571428571,951.9810291520062,1679.9961600000001,6.899990400000001,267.000192
2018-05-19,0.2857142857142857,292.6988488860987,,,
2018-05-20,0.42857142857142855,504.93345277981297,,,
2018-05-21,0.5714285714285714,294.96834967834104,,,
2018-05-22,0.5714285714285714,407.3054708637027,,,
2018-05-23,0.5714285714285714,316.21794104559905,,,
2018-05-24,0.5714285714285714,280.9298671753895,,,
2018-05-25,0.5803571428571428,270.54184505681104,,,
2018-05-26,0.5892857142857143,259.4086617002102,,,
2018-05-27,0.5982142857142858,308.5391106783231,,,
2018-05-28,0.6071428571428572,299.9031679044449,,,
2018-05-29,0.8571428571428571,551.646691873248,,,
2018-05-30,0.9285714285714286,353.0938958370559,,,
2018-05-31,1.0,496.83514800901617,,,
2018-06-01,1.0,773.5270661779513,,,
2018-06-02,1.1428571428571428,528.537092100142,,,
2018-06-03,1.0,519.8126944192267,,,
2018-06-04,0.8571428571428571,510.1834436306529,,,
2018-06-05,0.7142857142857143,193.65180913970343,,,
2018-06-06,0.8571428571428571,54.00051676487315,,,
2018-06-07,0.7551020408163265,48.754827473986,,,
2018-06-08,0.6530612244897959,2508.335470921689,,,
2018-06-09,0.5510204081632653,58.282750284304285,,,
2018-06-10,0.4489795918367347,39.268077424291626,,,
2018-06-11,0.34693877551020413,568.7870133316999,,,
2018-06-12,0.24489795918367352,112.64470284071965,,,
2018-06-13,0.14285714285714285,92.3413800151353,,,
2018-06-14,0.14285714285714285,36.75321361571363,,,
2018-06-15,0.14285714285714285,118.41250150704742,,,
2018-06-16,0.14285714285714285,72.09017826951435,,,
2018-06-17,0.14285714285714285,46.03023816646288,,,
2018-06-18,0.14285714285714285,43.51584149108938,,,
2018-06-19,0.14285714285714285,72.08107431298697,,,
2018-06-20,0.14285714285714285,1925.301079001361,,,
2018-06-21,0.14285714285714285,184.59443811897967,,,
2018-06-22,0.14285714285714285,181.39820296141625,,,
2018-06-23,0.21428571428571425,99.16206003415624,,,
2018-06-24,0.2857142857142857,79.2625336359528,,,
2018-06-25,0.3571428571428571,60.77525247472189,,,
2018-06-26,0.46428571428571425,47.69506402794401,,,
2018-06-27,0.5714285714285714,35.470478866687515,889.0041600000001,4.9000032000000004,215.00035200000002
2018-06-28,0.5952380952380952,219.25715008803675,,,
2018-06-29,0.619047619047619,37.257520224235286,,,
2018-06-30,0.6428571428571428,50.14037727601477,,,
2018-07-01,1.9285714285714286,40.29245489601518,,,
2018-07-02,3.4285714285714284,52.06948030425467,,,
2018-07-03,3.7857142857142856,249.89945561791868,,,
2018-07-04,4.142857142857142,1394.3193392554128,,,
2018-07-05,4.714285714285714,89.17548266537311,,,
2018-07-06,4.190476190476191,26.75581815103336,,,
2018-07-07,3.666666666666667,959.8494944177284,,,
2018-07-08,3.142857142857143,375.605389958232,,,
2018-07-09,2.619047619047619,116.42818377298572,,,
2018-07-10,2.0952380952380953,130.61845633522887,,,
2018-07-11,1.5714285714285714,34.81629412089194,,,
2018-07-12,1.1428571428571428,32.91185193722584,,,
2018-07-13,0.7142857142857143,102.36653248542596,,,
2018-07-14,0.2857142857142857,144.5466396995345,,,
2018-07-15,0.3571428571428571,266.429364417441,,,
2018-07-16,0.42857142857142855,72.91953969481428,,,
2018-07-17,0.40259740259740256,70.84743305555185,,,
2018-07-18,0.3766233766233766,103.19108276079965,,,
2018-07-19,0.35064935064935066,32.318027904706,,,
2018-07-20,0.3246753246753247,37.84381558120516,,,
2018-07-21,0.2987012987012987,107.52994620939836,,,
2018-07-22,0.2727272727272727,68.40261014534634,,,
2018-07-23,0.24675324675324675,31.881291109706417,,,
2018-07-24,0.22077922077922077,34.19192667494389,,,
2018-07-25,0.1948051948051948,40.23090125279556,2004.9984000000002,6.800025600000001,238.99968
2018-07-26,0.16883116883116883,72.92145904153068,,,
2018-07-27,0.14285714285714285,66.19821231949733,,,
2018-07-28,0.17857142857142855,64.66518143845359,,,
2018-07-29,0.21428571428571427,37.31357924166245,,,
2018-07-30,0.25,276.817495232643,,,
2018-07-31,0.2857142857142857,76.73992232874713,,,
2018-08-01,0.42857142857142855,65.6938933996844,,,
2018-08-02,0.6428571428571428,1036.6023899308852,,,
2018-08-03,0.8571428571428571,182.1161866145532,,,
2018-08-04,0.8571428571428571,194.48325109845092,,,
2018-08-05,0.8571428571428571,279.9972729456001,,,
2018-08-06,1.0,164.16379666862773,,,
2018-08-07,1.0535714285714286,135.4594605982282,,,
2018-08-08,1.1071428571428572,139.36890691876368,,,
2018-08-09,1.125,97.2335124028692,,,
2018-08-10,1.1428571428571428,82.17412469233226,,,
2018-08-11,1.0476190476190474,95.54927013466718,,,
2018-08-12,0.9523809523809523,74.15250170819772,,,
2018-08-13,0.8571428571428571,100.85246553088366,,,
2018-08-14,0.7142857142857142,89.73582059729328,,,
2018-08-15,0.5714285714285714,57.592274833501065,,,
2018-08-16,0.5357142857142857,55.2232362041869,,,
2018-08-17,0.5,145.14957167997665,,,
2018-08-18,0.5178571428571428,159.50859436915377,,,
2018-08-19,0.5357142857142857,711.3378301896001,,,
2018-08-20,0.5535714285714286,119.35773869624347,,,
2018-08-21,0.5714285714285714,127.5649309909673,,,
2018-08-22,0.5238095238095237,156.6810687652647,,,
2018-08-23,0.47619047619047616,149.77433654226152,,,
2018-08-24,0.42857142857142855,213.2185196823676,,,
2018-08-25,0.38095238095238093,226.4239556878416,,,
2018-08-26,0.3333333333333333,177.88599449510448,,,
2018-08-27,0.2857142857142857,186.76641292109647,,,
2018-08-28,0.23809523809523808,207.2414477418235,,,
2018-08-29,0.19047619047619047,232.26729819205835,,,
2018-08-30,0.14285714285714285,145.7311120636548,,,
2018-08-31,0.2857142857142857,213.5059990950284,,,
2018-09-01,0.5714285714285715,166.40740194940287,,,
2018-09-02,0.5714285714285715,368.3427009659343,,,
2018-09-03,0.5714285714285715,294.7368293625259,,,
2018-09-04,0.5714285714285714,259.2743284894036,,,
2018-09-05,0.5714285714285714,292.83397001033126,,,
2018-09-06,0.5714285714285714,588.240199113642,,,
2018-09-07,0.5714285714285714,188.5164772847984,,,
2018-09-08,0.5,313.7552338902337,,,
2018-09-09,0.48214285714285715,634.5478875236807,,,
2018-09-10,0.4642857142857143,3096.036515293934,,,
2018-09-11,0.4464285714285714,476.1302848616385,,,
2018-09-12,0.42857142857142855,435.8874757580603,,,
2018-09-13,0.4107142857142857,582.9180019943924,1883.0016,5.370019200000001,404.000352
2018-09-14,0.39285714285714285,593.0339184070257,,,
2018-09-15,0.375,380.3619470078068,,,
2018-09-16,0.3571428571428571,185.83381318964848,,,
2018-09-17,0.3392857142857143,68.14610301505003,,,
2018-09-18,0.3214285714285714,284.3054701684782,,,
2018-09-19,0.30357142857142855,123.89741881176688,,,
2018-09-20,0.2857142857142857,110.76536982402251,,,
2018-09-21,0.45238095238095233,99.23904311703816,,,
2018-09-22,0.6190476190476191,92.53905250536724,,,
2018-09-23,0.7857142857142857,99.998627860115,,,
2018-09-24,1.0714285714285714,83.78452248604765,,,
2018-09-25,1.3571428571428572,129.4088176602572,,,
2018-09-26,1.4107142857142858,88.94826433310034,,,
2018-09-27,1.4642857142857144,191.5139365305552,,,
2018-09-28,1.517857142857143,219.631527279344,,,
2018-09-29,1.5714285714285716,62.61713700711158,,,
2018-09-30,1.392857142857143,91.24725947889009,,,
2018-10-01,1.2142857142857144,70.31350950850046,,,
2018-10-02,1.0357142857142856,125.59053700863149,,,
2018-10-03,0.8571428571428571,60.98610597537388,,,
2018-10-04,0.7142857142857142,75.90685187763223,,,
2018-10-05,0.5714285714285714,74.8692094831185,,,
2018-10-06,0.42857142857142855,99.02784090743503,,,
2018-10-07,0.2857142857142857,150.54859002453,,,
2018-10-08,0.3214285714285714,69.35285933548718,,,
2018-10-09,0.3571428571428571,93.49402894230734,,,
2018-10-10,0.39285714285714285,108.9927919762589,,,
2018-10-11,0.42857142857142855,183.3839161047752,,,
2018-10-12,0.7142857142857143,108.36343432053675,,,
2018-10-13,0.8571428571428571,76.39207502062114,,,
2018-10-14,1.1714285714285715,169.2368254075493,,,
2018-10-15,1.3714285714285714,65.82246816332403,,,
2018-10-16,1.5714285714285714,106.01635380333724,,,
2018-10-17,1.369047619047619,2015.1491346820685,,,
2018-10-18,1.1666666666666665,77.872714970782,,,
2018-10-19,0.9642857142857142,127.19901662122405,,,
2018-10-20,0.7619047619047618,95.62626614189658,,,
2018-10-21,0.5595238095238093,100.37987396928204,,,
2018-10-22,0.3571428571428571,98.1832920602894,,,
2018-10-23,0.42857142857142855,100.4902771495815,,,
2018-10-24,0.5,109.98063546430156,,,
2018-10-25,0.5714285714285715,153.4865404118211,1821.00096,3.1000320000000006,422.99971200000005
2018-10-26,0.5357142857142858,91.94946163788674,,,
2018-10-27,0.5,114.8092321327126,,,
2018-10-28,0.4642857142857143,151.9078084019205,,,
2018-10-29,0.4285714285714286,469.4809319514277,,,
2018-10-30,0.3928571428571429,2158.7101626652225,,,
2018-10-31,0.35714285714285715,1012.626646727868,,,
2018-11-01,0.3214285714285714,781.1304659233974,,,
2018-11-02,0.2857142857142857,88.42540010648405,,,
2018-11-03,0.5714285714285714,274.5695503346736,,,
2018-11-04,0.6428571428571428,118.23364565235346,,,
2018-11-05,0.7142857142857143,164.82404517507553,,,
2018-11-06,0.6285714285714286,206.90903902911907,,,
2018-11-07,0.5428571428571429,338.33721182322546,,,
2018-11-08,0.4571428571428572,330.7382718066764,,,
2018-11-09,0.37142857142857144,142.75861392959254,,,
2018-11-10,0.2857142857142857,108.79480009525678,,,
2018-11-11,0.30357142857142855,221.7293708136792,,,
2018-11-12,0.3214285714285714,313.61039182778205,,,
2018-11-13,0.33928571428571425,169.72053937669656,,,
2018-11-14,0.3571428571428571,88.43838257954728,,,
2018-11-15,0.49999999999999994,65.15681709749622,,,
2018-11-16,0.6428571428571428,71.37796429007533,,,
2018-11-17,0.6607142857142857,195.2499854318237,,,
2018-11-18,0.6785714285714286,178.22704111220875,,,
2018-11-19,0.6964285714285714,589.2318419907153,,,
2018-11-20,0.7142857142857143,119.97935286927752,,,
2018-11-21,0.8571428571428571,79.79709812948994,,,
2018-11-22,0.7678571428571428,130.46897968295687,,,
2018-11-23,0.6785714285714286,92.098672414022,,,
2018-11-24,0.5892857142857143,91.81151576956712,,,
2018-11-25,0.5,93.30690525854934,,,
2018-11-26,0.5357142857142857,88.4135242220984,,,
2018-11-27,0.5714285714285714,87.89359092089238,,,
2018-11-28,0.5714285714285714,126.3997424022469,,,
2018-11-29,0.5714285714285714,63.20247252251103,,,
2018-11-30,0.5714285714285714,114.97303759551852,,,
2018-12-01,0.5714285714285714,113.85294100019402,,,
2018-12-02,0.538961038961039,64.18138562432286,,,
2018-12-03,0.5064935064935064,67.05726707614133,,,
2018-12-04,0.474025974025974,155.336981825105,,,
2018-12-05,0.44155844155844154,106.9564905699948,,,
2018-12-06,0.40909090909090906,86.12950925336878,,,
2018-12-07,0.37662337662337664,56.51357448407799,,,
2018-12-08,0.34415584415584416,76.42015667880399,,,
2018-12-09,0.3116883116883117,59.13920716222365,,,
2018-12-10,0.2792207792207792,58.3976664922042,,,
2018-12-11,0.24675324675324672,149.3543736881795,,,
2018-12-12,0.21428571428571427,156.86877593695655,,,
2018-12-13,0.25510204081632654,103.1565922547834,,,
2018-12-14,0.29591836734693877,105.4695828365202,,,
2018-12-15,0.336734693877551,92.0509428663478,,,
2018-12-16,0.37755102040816324,123.38201279858734,,,
2018-12-17,0.4183673469387755,113.53999046369408,,,
2018-12-18,0.4591836734693877,130.2561995538229,,,
2018-12-19,0.5,132.53344245019812,,,
2018-12-20,0.5833333333333334,104.02706775442972,,,
2018-12-21,0.6666666666666666,121.62957811682593,,,
2018-12-22,0.75,476.1952669664406,,,
2018-12-23,0.8333333333333333,225.21878058490148,,,
2018-12-24,0.9166666666666666,222.9974866120976,,,
2018-12-25,1.0,210.27938277829028,,,
2018-12-26,0.7619047619047619,276.33631030631085,,,
2018-12-27,0.5238095238095237,109.80738164036244,,,
2018-12-28,0.2857142857142857,105.59633164998128,,,
2018-12-29,0.3571428571428571,100.49393168167192,,,
2018-12-30,0.42857142857142855,110.27332821914575,,,
2018-12-31,0.4107142857142857,108.86945576428892,,,
2019-01-01,0.39285714285714285,146.73679184261144,,,
2019-01-02,0.375,721.4712954371271,,,
2019-01-03,0.3571428571428571,135.44236602650938,,,
2019-01-04,0.3392857142857143,345.4239701748018,,,
2019-01-05,0.3214285714285714,172.64247326657377,,,
2019-01-06,0.30357142857142855,85.08478064422343,,,
2019-01-07,0.2857142857142857,80.41690177545037,,,
2019-01-08,0.26785714285714285,81.0951759620091,,,
2019-01-09,0.25,97.3049346389186,,,
2019-01-10,0.23214285714285712,106.1194158908748,,,
2019-01-11,0.21428571428571427,95.88830142699967,,,
2019-01-12,0.19642857142857142,100.71697375920516,,,
2019-01-13,0.17857142857142855,173.4765510361632,,,
2019-01-14,0.1607142857142857,93.76300314128189,,,
2019-01-15,0.14285714285714285,116.57870932632206,,,
2019-01-16,0.2619047619047619,152.34823554419077,,,
2019-01-17,0.38095238095238093,170.1750279746471,,,
2019-01-18,0.5,193.2471342283575,,,
2019-01-19,0.8571428571428571,122.05439314264876,,,
2019-01-20,0.9642857142857142,135.25171465588622,,,
2019-01-21,1.0714285714285714,467.6956110446301,,,
2019-01-22,1.1428571428571428,120.67254531854012,,,
2019-01-23,1.0,198.93834093070848,,,
2019-01-24,0.8571428571428572,225.353351786688,,,
2019-01-25,0.7142857142857143,143.0662455644754,,,
2019-01-26,0.75,131.35110653428995,,,
2019-01-27,0.7857142857142857,296.54563797814336,,,
2019-01-28,0.9285714285714286,152.4821493989579,,,
2019-01-29,0.9285714285714286,98.48102139061685,,,
2019-01-30,0.9285714285714286,148.44790962809282,,,
2019-01-31,1.1428571428571428,124.62489731938982,,,
2019-02-01,1.0,137.56140582311937,,,
2019-02-02,0.8571428571428571,184.65774492598263,,,
2019-02-03,0.7142857142857142,133.84334655454532,,,
2019-02-04,0.5714285714285714,285.984785774748,,,
2019-02-05,0.5357142857142857,298.2588000074038,,,
2019-02-06,0.49999999999999994,129.05725554504696,,,
2019-02-07,0.46428571428571425,94.14767120037392,,,
2019-02-08,0.4285714285714285,126.8943376490759,,,
2019-02-09,0.3928571428571428,470.0945695808729,,,
2019-02-10,0.3571428571428571,430.4767169249109,,,
2019-02-11,0.5714285714285714,448.69595236024594,,,
2019-02-12,0.5714285714285714,192.65749094831293,,,
2019-02-13,0.5714285714285714,142.31874233980906,,,
2019-02-14,0.9285714285714286,157.05053779418995,,,
2019-02-15,1.3571428571428572,119.92787054879304,,,
2019-02-16,1.3214285714285716,112.82662314423636,,,
2019-02-17,1.2857142857142858,149.30312569283527,,,
2019-02-18,1.2857142857142858,145.203230074807,,,
2019-02-19,1.2857142857142858,332.14278461629846,,,
2019-02-20,1.3571428571428572,358.85386933826226,,,
2019-02-21,1.0,126.1526986963064,,,
2019-02-22,0.9642857142857143,208.7730805616177,,,
2019-02-23,0.9285714285714286,146.18809201028648,,,
2019-02-24,1.0714285714285714,148.10134394605257,,,
2019-02-25,1.4285714285714286,169.97466239866128,,,
2019-02-26,1.5714285714285714,188.9130748423102,,,
2019-02-27,1.5,189.76454656126896,,,
2019-02-28,1.4285714285714286,1195.4933952154597,,,
2019-03-01,1.4285714285714286,125.27827976684142,1316.0016,1.7000064000000001,306.000288
2019-03-02,1.5,183.16064255695915,,,
2019-03-03,1.3303571428571428,162.36927859018013,,,
2019-03-04,1.1607142857142856,151.11107313744856,,,
2019-03-05,0.9910714285714286,202.0606678736725,,,
2019-03-06,0.8214285714285714,237.45964132454543,,,
2019-03-07,0.6517857142857142,225.9854167753471,,,
2019-03-08,0.4821428571428572,147.96966633259484,,,
2019-03-09,0.3125,126.24482165400158,,,
2019-03-10,0.14285714285714285,134.45762599194674,,,
2019-03-11,0.19047619047619047,155.8051277407371,,,
2019-03-12,0.23809523809523808,626.1711906334832,,,
2019-03-13,0.2857142857142857,180.2599981873287,,,
2019-03-14,1.0714285714285714,162.39427259879872,,,
2019-03-15,1.9285714285714286,147.21226808927517,,,
2019-03-16,2.714285714285714,235.4609113425412,,,
2019-03-17,5.629464285714286,531.6023868362389,,,
2019-03-18,8.571428571428571,375.54810620807126,,,
2019-03-19,9.642857142857142,767.2051524563913,,,
2019-03-20,10.214285714285715,922.1711516760896,,,
2019-03-21,9.571428571428573,688.3292112110664,,,
2019-03-22,8.928571428571429,656.5071617154047,,,
2019-03-23,8.619047619047619,311.79216273407366,,,
2019-03-24,7.313492063492063,147.6515156788547,,,
2019-03-25,6.007936507936508,187.0624415212948,,,
2019-03-26,4.702380952380952,283.9836496508142,,,
2019-03-27,3.3968253968253963,171.0617418082104,,,
2019-03-28,2.091269841269841,267.20844683883735,,,
2019-03-29,0.7857142857142857,329.1319360000337,,,
2019-03-30,0.6071428571428571,256.11558564625045,,,
2019-03-31,0.42857142857142855,192.9729847840092,,,
2019-04-01,0.46428571428571425,164.67287443190358,,,
2019-04-02,0.5,157.54975362908124,,,
2019-04-03,0.5357142857142857,189.290236927566,,,
2019-04-04,0.5714285714285714,280.6670234112603,3360.0009600000003,6.999955200000001,1405.99584
2019-04-05,0.5285714285714286,126.72144020671406,,,
2019-04-06,0.48571428571428565,142.75182043002914,,,
2019-04-07,0.44285714285714284,519.7162739522129,,,
2019-04-08,0.39999999999999997,135.66808685702887,,,
2019-04-09,0.3571428571428571,93.6398726720314,,,
2019-04-10,0.3142857142857143,78.67431877305552,1856.0016,3.7999584000000004,731.999808
2019-04-11,0.2714285714285714,82.6562001639611,,,
2019-04-12,0.22857142857142854,132.87284970388814,,,
2019-04-13,0.18571428571428567,116.01101844846656,,,
2019-04-14,0.14285714285714285,93.69218976833416,,,
2019-04-15,0.3571428571428571,86.18504582278742,,,
2019-04-16,0.44285714285714284,117.47257706739477,,,
2019-04-17,0.5285714285714285,149.122340883505,,,
2019-04-18,0.6142857142857142,78.4018634769043,,,
2019-04-19,0.7,68.33332323635507,,,
2019-04-20,0.7857142857142857,66.6681266105254,,,
2019-04-21,1.0,253.55491938969337,,,
2019-04-22,0.9387755102040817,86.61003492011703,,,
2019-04-23,0.8775510204081632,528.0165523181639,,,
2019-04-24,0.8163265306122449,100.7370523920657,,,
2019-04-25,0.7551020408163265,94.46941453949034,,,
2019-04-26,0.6938775510204082,143.96419077749687,,,
2019-04-27,0.6326530612244898,1374.956145905513,,,
2019-04-28,0.5714285714285714,131.07586886218547,,,
2019-04-29,0.510204081632653,106.94899889539832,,,
2019-04-30,0.44897959183673464,125.31770194138858,,,
2019-05-01,0.3877551020408163,84.16190962801473,,,
2019-05-02,0.3265306122448979,164.41870937119427,,,
2019-05-03,0.26530612244897955,164.74898757722835,,,
2019-05-04,0.20408163265306112,107.06641630765333,,,
2019-05-05,0.14285714285714285,139.08804238831522,,,
2019-05-06,0.15714285714285714,138.04835006307354,,,
2019-05-07,0.17142857142857143,97.95729018561109,,,
2019-05-08,0.18571428571428572,81.94414655099885,,,
2019-05-09,0.19999999999999998,96.55279483945498,,,
2019-05-10,0.21428571428571427,86.80533874565843,,,
2019-05-11,0.22857142857142856,1529.411354527766,,,
2019-05-12,0.24285714285714283,214.3665660316364,,,
2019-05-13,0.2571428571428571,209.0739523363524,,,
2019-05-14,0.2714285714285714,481.2427834816712,,,
2019-05-15,0.2857142857142857,97.15616044918912,,,
2019-05-16,3.5714285714285716,100.57995042302674,,,
2019-05-17,7.214285714285714,118.83718275221318,1718.9971200000002,4.4000064000000005,679.00032
2019-05-18,7.928571428571429,144.0950823465148,,,
2019-05-19,8.678571428571429,1531.9325160794303,,,
2019-05-20,9.428571428571429,742.9015909392193,,,
2019-05-21,14.071428571428573,244.97441596023063,,,
2019-05-22,29.045068027210885,112.80822825596994,,,
2019-05-23,43.81904761904762,1224.616996840958,,,
2019-05-24,45.07142857142857,4871.585532654974,,,
2019-05-25,46.17857142857142,12145.964605495545,,,
2019-05-26,51.142857142857146,3276.5978502361363,,,
2019-05-27,53.285714285714285,200.0389838560728,,,
2019-05-28,41.57142857142857,1528.8705924689675,,,
2019-05-29,29.857142857142858,1837.7345955266449,1355.9961600000001,3.9999744,655.9997760000001
2019-05-30,21.571428571428573,281.92089052896745,,,
2019-05-31,11.612244897959183,120.50465826132032,,,
2019-06-01,11.285714285714285,132.7678520148218,,,
2019-06-02,7.0,190.03661838051755,,,
2019-06-03,2.7142857142857144,756.6073115151835,,,
2019-06-04,2.7142857142857144,388.7967358682467,,,
2019-06-05,2.857142857142857,139.2720486854016,,,
2019-06-06,2.857142857142857,112.59539470330364,,,
2019-06-07,2.25,129.3546160968005,,,
2019-06-08,1.6428571428571428,114.2869255040287,,,
2019-06-09,1.4285714285714286,150.42727152430038,,,
2019-06-10,1.2142857142857142,94.87295173356344,,,
2019-06-11,1.0,119.72817612912056,,,
2019-06-12,0.9523809523809523,122.1985914454362,,,
2019-06-13,0.9047619047619048,159.91158837840186,,,
2019-06-14,0.8571428571428571,155.0732583253873,,,
2019-06-15,0.42857142857142855,1447.5731567428932,,,
2019-06-16,6.5,339.68028410896846,,,
2019-06-17,15.0,227.32756348766492,,,
2019-06-18,20.042471042471043,175.59465663417916,,,
2019-06-19,33.714285714285715,4738.035267323632,,,
2019-06-20,45.285714285714285,1444.364070347875,,,
2019-06-21,46.285714285714285,2819.6833224659163,,,
2019-06-22,47.285714285714285,6386.5830083595765,,,
2019-06-23,43.8095238095238,751.1230543119101,,,
2019-06-24,33.55555555555556,975.3560063579056,,,
2019-06-25,32.506493506493506,828.6784940853537,,,
2019-06-26,16.6734693877551,243.21104004001555,2104.99776,,1885.9996800000001
2019-06-27,7.6190476190476195,438.3578342648293,,,
2019-06-28,6.857142857142857,190.95496622144228,,,
2019-06-29,6.142857142857143,248.174670337713,1189.00224,,880.0012800000001
2019-06-30,5.166666666666667,181.0674069183958,,,
2019-07-01,4.190476190476191,164.37056800510626,,,
2019-07-02,3.2142857142857144,168.0221550944538,,,
2019-07-03,2.238095238095238,181.59584644600423,,,
2019-07-04,1.2619047619047619,230.5130532751833,,,
2019-07-05,0.2857142857142857,171.42257106047828,,,
2019-07-06,0.42857142857142855,183.5903071799805,,,
2019-07-07,0.42857142857142855,186.10509753902696,,,
2019-07-08,0.42857142857142855,166.42018800140136,,,
2019-07-09,0.42857142857142855,171.00088381027044,,,
2019-07-10,0.42857142857142855,163.51662637312788,,,
2019-07-11,0.41208791208791207,166.08476965938428,1690.00128,,667.000224
2019-07-12,0.3956043956043956,205.1355312529649,,,
2019-07-13,0.3791208791208791,175.52476037778828,,,
2019-07-14,0.3626373626373626,185.8662738573936,,,
2019-07-15,0.34615384615384615,179.11120266053996,,,
2019-07-16,0.3296703296703296,200.714089156018,,,
2019-07-17,0.3131868131868132,160.364346215816,,,
2019-07-18,0.29670329670329665,224.107517734632,,,
2019-07-19,0.2802197802197802,204.80928206033863,,,
2019-07-20,0.2637362637362637,200.9124213367475,,,
2019-07-21,0.24725274725274723,177.16777484495523,,,
2019-07-22,0.23076923076923073,187.1345389935747,,,
2019-07-23,0.21428571428571427,649.9254175428377,1418.9990400000002,6.5000447999999995,424.99987200000004
2019-07-24,0.2857142857142857,256.9172654007196,,,
2019-07-25,0.3571428571428571,234.9002559969134,,,
2019-07-26,0.42857142857142855,267.11808107725494,,,
2019-07-27,0.5714285714285714,431.39278893525926,,,
2019-07-28,0.5204081632653061,203.12996621590287,,,
2019-07-29,0.4693877551020408,230.31557766579587,,,
2019-07-30,0.41836734693877553,230.48835242002016,,,
2019-07-31,0.36734693877551017,278.1842065857781,,,
2019-08-01,0.3163265306122449,570.107799472966,,,
2019-08-02,0.2653061224489796,303.4638923045192,,,
2019-08-03,0.21428571428571427,190.23680838159925,,,
2019-08-04,0.3214285714285714,252.9078680277836,,,
2019-08-05,0.42857142857142855,236.47994015321763,,,
2019-08-06,0.3968253968253968,364.5228093173385,,,
2019-08-07,0.36507936507936506,241.587657898359,,,
2019-08-08,0.3333333333333333,223.9326895097496,,,
2019-08-09,0.30158730158730157,220.5000759879356,,,
2019-08-10,0.2698412698412698,206.71753603435067,,,
2019-08-11,0.23809523809523808,206.6662075279328,,,
2019-08-12,0.20634920634920634,205.1999914546637,,,
2019-08-13,0.1746031746031746,210.4602940601009,,,
2019-08-14,0.14285714285714285,193.7804457781666,,,
2019-08-15,0.2857142857142857,232.4127000110547,,,
2019-08-16,0.2738095238095238,303.89692793415907,,,
2019-08-17,0.26190476190476186,498.39469813307903,,,
2019-08-18,0.25,403.4229376022438,,,
2019-08-19,0.23809523809523808,380.4161009512696,,,
2019-08-20,0.22619047619047616,348.2571924419993,,,
2019-08-21,0.21428571428571427,535.3224641717499,,,
2019-08-22,0.20238095238095238,448.48858444667474,,,
2019-08-23,0.19047619047619047,370.93456594629737,,,
2019-08-24,0.17857142857142855,408.23593646742194,,,
2019-08-25,0.16666666666666666,483.49653692206175,,,
2019-08-26,0.15476190476190477,450.9731733094828,,,
2019-08-27,0.14285714285714285,772.5644463270675,1078.9977600000002,5.300035200000001,512.000352
2019-08-28,0.21428571428571427,482.6811167844253,,,
2019-08-29,0.2857142857142857,404.8170738321165,,,
2019-08-30,0.42857142857142855,334.09911876046505,,,
2019-08-31,0.42857142857142855,298.8758724254914,,,
2019-09-01,0.42857142857142855,289.5702233836443,,,
2019-09-02,0.42857142857142855,347.36833665317255,,,
2019-09-03,0.42857142857142855,586.0356096086094,,,
2019-09-04,0.42857142857142855,1488.2744122728595,,,
2019-09-05,0.42857142857142855,659.4136477490811,,,
2019-09-06,0.39999999999999997,973.4685729783738,,,
2019-09-07,0.3714285714285714,1536.3980740918864,,,
2019-09-08,0.34285714285714286,1513.926801819966,,,
2019-09-09,0.3142857142857143,1279.486541434633,,,
2019-09-10,0.2857142857142857,1058.2690452455315,,,
2019-09-11,0.27619047619047615,279.05531410688496,,,
2019-09-12,0.26666666666666666,265.7412635041322,,,
2019-09-13,0.2571428571428571,334.59576923023275,,,
2019-09-14,0.2476190476190476,694.1684497267007,,,
2019-09-15,0.23809523809523808,709.0969316410362,,,
2019-09-16,0.22857142857142856,732.6372614496328,,,
2019-09-17,0.21904761904761905,716.3407829140286,,,
2019-09-18,0.2095238095238095,703.8227051083912,,,
2019-09-19,0.2,730.4657407036069,,,
2019-09-20,0.19047619047619047,743.9175182000065,,,
2019-09-21,0.18095238095238095,872.5617600129015,,,
2019-09-22,0.17142857142857143,1223.758939069901,,,
2019-09-23,0.16190476190476188,1310.3592638184557,,,
2019-09-24,0.15238095238095237,1315.8122765816363,,,
2019-09-25,0.14285714285714285,1346.826979178631,,,
2019-09-26,0.16666666666666666,1227.2987829191943,,,
2019-09-27,0.19047619047619047,1225.0905807838135,,,
2019-09-28,0.21428571428571427,1155.8690490234906,,,
2019-09-29,0.23809523809523808,1060.833895245145,,,
2019-09-30,0.26190476190476186,796.7655275617378,,,
2019-10-01,0.2857142857142857,1408.040236412408,,,
2019-10-02,0.2857142857142857,1010.3227656573756,,,
2019-10-03,0.2857142857142857,1176.177202113806,,,
2019-10-04,0.32857142857142857,1447.246068161823,,,
2019-10-05,0.37142857142857144,1345.9061579393688,,,
2019-10-06,0.41428571428571426,736.2634259288501,,,
2019-10-07,0.45714285714285713,3603.5703115799774,,,
2019-10-08,0.5,732.8459269076277,,,
2019-10-09,0.4675324675324675,1053.347011033059,,,
2019-10-10,0.43506493506493504,966.1108547483024,,,
2019-10-11,0.4025974025974026,1299.53973651539,,,
2019-10-12,0.3701298701298701,826.261816271098,,,
2019-10-13,0.33766233766233766,1119.9384429196884,,,
2019-10-14,0.3051948051948052,461.37519447824775,,,
2019-10-15,0.2727272727272727,427.2526870171557,,,
2019-10-16,0.24025974025974023,672.9320672914529,,,
2019-10-17,0.20779220779220775,563.6676254006424,,,
2019-10-18,0.17532467532467527,615.4115395432475,,,
2019-10-19,0.14285714285714285,596.6197775650517,,,
2019-10-20,0.21428571428571427,659.6325393419645,,,
2019-10-21,0.2857142857142857,679.4655128626189,,,
2019-10-22,0.27678571428571425,672.4978445751418,,,
2019-10-23,0.26785714285714285,689.9369983000823,,,
2019-10-24,0.2589285714285714,758.9413049274455,,,
2019-10-25,0.25,784.4873785364392,,,
2019-10-26,0.24107142857142855,712.7504854976769,,,
2019-10-27,0.23214285714285712,711.7121281434385,,,
2019-10-28,0.2232142857142857,734.5347600552664,,,
2019-10-29,0.21428571428571427,739.8410049705767,,,
2019-10-30,0.20535714285714285,714.4200285182322,,,
2019-10-31,0.19642857142857142,842.4888836450873,1124.00352,8.100000000000001,562.000032
2019-11-01,0.1875,734.643578263411,,,
2019-11-02,0.17857142857142855,792.4929439957266,,,
2019-11-03,0.16964285714285715,1108.011329995595,,,
2019-11-04,0.1607142857142857,804.6969361960607,,,
2019-11-05,0.15178571428571427,772.9753192270399,,,
2019-11-06,0.14285714285714285,665.1727640295861,,,
2019-11-07,0.14285714285714285,649.2833553788587,,,
2019-11-08,0.14285714285714285,661.9375728870956,,,
2019-11-09,0.14285714285714285,808.6969559356894,,,
2019-11-10,0.14285714285714285,929.3066065354224,,,
2019-11-11,0.14285714285714285,1174.168872443805,,,
2019-11-12,0.14285714285714285,1223.602855381166,,,
2019-11-13,0.14285714285714285,1229.234455748128,,,
2019-11-14,0.14285714285714285,1246.1386603718547,,,
2019-11-15,0.14285714285714285,1344.6621418694756,,,
2019-11-16,0.14285714285714285,1343.5143155704127,,,
2019-11-17,0.14285714285714285,1217.5727510913198,,,
2019-11-18,0.15178571428571427,1138.5191373290254,,,
2019-11-19,0.1607142857142857,1234.0331955071465,1791.00288,10.7000352,657.999936
2019-11-20,0.16964285714285712,1410.735770440745,,,
2019-11-21,0.17857142857142855,1319.8449184860692,,,
2019-11-22,0.1875,1177.509774888658,,,
2019-11-23,0.19642857142857142,4662.620293839129,,,
2019-11-24,0.20535714285714285,976.756899163754,,,
2019-11-25,0.21428571428571427,1220.031125715419,,,
2019-11-26,0.2232142857142857,1395.4584746826622,,,
2019-11-27,0.23214285714285712,2276.517918257452,,,
2019-11-28,0.24107142857142855,1265.255630782828,,,
2019-11-29,0.25,1423.0006385386837,,,
2019-11-30,0.2589285714285714,1331.6926239214035,,,
2019-12-01,0.26785714285714285,1457.5982210308082,,,
2019-12-02,0.2767857142857143,1293.9047733735315,,,
2019-12-03,0.2857142857142857,996.1564646842556,,,
2019-12-04,0.26785714285714285,991.9013361101408,,,
2019-12-05,0.25,1029.0652369877146,,,
2019-12-06,0.23214285714285712,1141.4014655712906,,,
2019-12-07,0.21428571428571427,1063.4396792872385,,,
2019-12-08,0.19642857142857142,4454.632826637175,,,
2019-12-09,0.17857142857142855,4280.350882784469,,,
2019-12-10,0.1607142857142857,3538.6882249386617,1075.9996800000001,13.9999968,1150.0012800000002
2019-12-11,0.14285714285714285,7903.210596461522,,,
2019-12-12,0.16666666666666666,6184.062766986347,1595.99808,39.0000096,1941.0019200000002
2019-12-13,0.19047619047619047,2365.0271103908253,,,
2019-12-14,0.21428571428571427,306.86556733661945,,,
2019-12-15,0.23809523809523808,672.0150008816915,,,
2019-12-16,0.26190476190476186,118.567875283086,,,
2019-12-17,0.2857142857142857,128.3910794024197,,,
2019-12-18,0.35714285714285715,135.81549871039863,,,
2019-12-19,0.4285714285714286,144.24820348992472,,,1358.00064
2019-12-20,0.5,103.06712905025138,,,
2019-12-21,0.6785714285714286,117.73332155109522,,,
2019-12-22,0.8571428571428571,136.95533512634609,,,
2019-12-23,0.8571428571428571,160.77699120021984,,,1035.99648
2019-12-24,0.8571428571428571,125.8243288767612,,,
2019-12-25,0.8571428571428571,430.6187499658767,,,
2019-12-26,0.8571428571428571,1541.6636922364312,,,
2019-12-27,0.7928571428571428,137.3683152891544,,,
2019-12-28,0.7285714285714285,99.59300732383494,,,
2019-12-29,0.6642857142857143,109.55454112481664,,,
2019-12-30,0.6,114.08840960510511,,,
2019-12-31,0.5357142857142857,109.0446222045619,,,
2020-01-01,0.4714285714285714,143.98872272341123,,,
2020-01-02,0.40714285714285714,92.11766664884875,,,
2020-01-03,0.34285714285714286,157.8112242393949,,,
2020-01-04,0.2785714285714286,386.1698423054004,,,
2020-01-05,0.21428571428571427,95.24852969966412,,,
2020-01-06,0.6938775510204082,153.59997026320625,,,
2020-01-07,1.1734693877551021,1311.0325843354908,,,
2020-01-08,1.653061224489796,1475.9775655467934,,,
2020-01-09,2.13265306122449,1673.560916050681,,,
2020-01-10,2.612244897959184,3404.4249787306035,1129.9996800000001,17.9999712,1027.99584
2020-01-11,3.091836734693878,245.9435778459216,,,
2020-01-12,3.5714285714285716,167.87447589156426,,,
2020-01-13,10.785714285714286,245.11246897319245,,,
2020-01-14,14.571428571428571,87.72360394638886,,,
2020-01-15,14.785714285714285,1057.9266472182894,2361.0009600000003,34.0000416,1439.0006400000002
2020-01-16,14.892857142857142,3773.1645158544857,,,
2020-01-17,15.0,76.68111449936748,,,
2020-01-18,10.238095238095237,82.87317540544923,,,
2020-01-19,5.476190476190476,83.66996555089929,,,
2020-01-20,0.7142857142857143,94.653121259956,1875.00096,39.0000096,1236.00384
2020-01-21,0.6190476190476191,192.9628735372927,,,
2020-01-22,0.5238095238095238,78.12310603556503,,,
2020-01-23,0.42857142857142855,66.10436553180408,,,
2020-01-24,0.42857142857142855,85.80783133451433,,,
2020-01-25,0.42857142857142855,297.808968168854,,,
2020-01-26,0.42857142857142855,196.3097093097596,,,
2020-01-27,0.42857142857142855,44.479389582247485,,,
2020-01-28,0.42857142857142855,147.81679542110845,,,
2020-01-29,0.39285714285714285,141.4577121810659,,,
2020-01-30,0.3571428571428571,149.38379307053592,1086.9984,26.000006400000004,723.000384
2020-01-31,0.3214285714285714,162.4233634474292,,,
2020-02-01,0.2857142857142857,47.04765692624322,,,
2020-02-02,0.25,46.35291031216019,,,
2020-02-03,0.21428571428571427,45.86028347466737,,,
2020-02-04,0.17857142857142855,765.5836459188513,,,
2020-02-05,0.14285714285714285,104.53905598657045,741.1003200000001,9.800006400000001,561.4997760000001
2020-02-06,0.2857142857142857,178.38257627614465,,,
2020-02-07,0.3392857142857143,90.3598621028607,,,
2020-02-08,0.39285714285714285,110.85511138097876,,,
2020-02-09,0.4464285714285714,83.97974330316698,,,
2020-02-10,0.5,70.76883943833717,,,
2020-02-11,0.4897959183673469,85.11928254483638,,,
2020-02-12,0.47959183673469385,74.31212225309703,,,
2020-02-13,0.4693877551020408,73.51860813864637,800.5642560000001,17.478806400000003,
2020-02-14,0.45918367346938777,65.12975570624229,,,
2020-02-15,0.4489795918367347,68.54755363317743,,,
2020-02-16,0.4387755102040816,77.60232765316123,,,
2020-02-17,0.42857142857142855,457.64842110784167,,,
2020-02-18,0.4151785714285714,62.36402207904717,,,
2020-02-19,0.40178571428571425,90.76099304648932,,,
2020-02-20,0.3883928571428571,168.79880080268026,,,
2020-02-21,0.375,62.52630621526637,,,
2020-02-22,0.36160714285714285,100.71120531895872,,,
2020-02-23,0.3482142857142857,137.4724226127712,,,
2020-02-24,0.33482142857142855,221.14117844955013,,,
2020-02-25,0.3214285714285714,214.49137533880503,,,
2020-02-26,0.3080357142857143,194.419922824756,,,
2020-02-27,0.2946428571428571,215.73791143403392,,,
2020-02-28,0.28125,298.19389331660057,,,
2020-02-29,0.26785714285714285,247.80138625112505,,,
2020-03-01,0.2544642857142857,280.1526116744693,,,
2020-03-02,0.24107142857142855,259.0329714626095,,,
2020-03-03,0.22767857142857142,240.9923690486374,,,
2020-03-04,0.21428571428571427,254.2956354368616,,,
2020-03-05,0.2193877551020408,145.66040646863172,1221.1257600000001,28.676937600000002,903.1996800000001
2020-03-06,0.22448979591836735,267.61751022717823,,,
2020-03-07,0.22959183673469385,546.511248204192,,,
2020-03-08,0.2346938775510204,366.7551110721197,,,
2020-03-09,0.23979591836734693,127.41294476861825,,,
2020-03-10,0.24489795918367346,452.6383462960672,,,
2020-03-11,0.25,85.38144009174437,,,
2020-03-12,0.25510204081632654,145.58325246457602,1237.10112,31.699987200000002,533.20032
2020-03-13,0.2602040816326531,166.1581274920588,,,
2020-03-14,0.26530612244897955,2926.988701637525,,,
2020-03-15,0.2704081632653061,1684.0079412838936,,,
2020-03-16,0.2755102040816326,231.0797380476122,,,
2020-03-17,0.28061224489795916,163.9679038346254,,,
2020-03-18,0.2857142857142857,593.8327900341151,,,
2020-03-19,0.3392857142857143,141.2951361710015,,,
2020-03-20,0.39285714285714285,163.67987555482438,,,
2020-03-21,0.4464285714285714,327.9393637892463,,,
2020-03-22,0.5,172.80521995990313,,,
2020-03-23,0.5535714285714286,221.09763227710908,,,
2020-03-24,0.6071428571428572,185.60325830901385,,,
2020-03-25,0.6607142857142857,179.29296047101838,,,
2020-03-26,0.7142857142857143,237.57024304755657,,,
2020-03-27,1.5,137.9913566749622,,,
2020-03-28,1.7142857142857142,366.0113702255878,,,
2020-03-29,1.476190476190476,440.82358852413086,,,
2020-03-30,1.2380952380952381,306.92522301801694,,,
2020-03-31,1.0,268.839866154154,,,
2020-04-01,0.761904761904762,233.87345679253644,,,
2020-04-02,0.523809523809524,224.4752077717055,,,
2020-04-03,0.2857142857142857,93.7666879008819,,,
2020-04-04,0.29931972789115646,231.3950308752078,,,
2020-04-05,0.31292517006802717,231.1323108492282,,,
2020-04-06,0.32653061224489793,254.1042620640785,,,
2020-04-07,0.3401360544217687,225.3664330124288,,,
2020-04-08,0.3537414965986394,148.65011295063096,,,
2020-04-09,0.36734693877551017,67.32594737430897,,,
2020-04-10,0.38095238095238093,58.98697185446796,,,
2020-04-11,0.8571428571428571,56.43972974334436,,,
2020-04-12,0.7777777777777777,82.19460310946413,,,
2020-04-13,0.6984126984126984,127.72510602567289,,,
2020-04-14,0.6190476190476191,695.9607359260141,,,
2020-04-15,0.5396825396825397,164.28387902478323,,,
2020-04-16,0.4603174603174603,172.97834969120854,,,
2020-04-17,0.38095238095238093,144.9275010438055,,,
2020-04-18,0.3015873015873015,540.8718587062366,,,
2020-04-19,0.2222222222222222,69.16152347374077,,,
2020-04-20,0.14285714285714285,278.0993907708631,,,
2020-04-21,0.16326530612244897,255.22699333584168,,,
2020-04-22,0.18367346938775508,80.0368428195974,,,
2020-04-23,0.20408163265306123,83.14040890563587,,,
2020-04-24,0.22448979591836732,78.86235614422404,,,
2020-04-25,0.24489795918367346,78.45011078509937,,,
2020-04-26,0.26530612244897955,69.52786197807673,,,
2020-04-27,0.2857142857142857,43.99751615070792,,,
2020-04-28,0.2822299651567944,145.81625695623376,,,
2020-04-29,0.2787456445993031,128.90048339799472,,,
2020-04-30,0.2752613240418118,236.07591904320887,,,
2020-05-01,0.27177700348432055,130.34564831624832,,,
2020-05-02,0.26829268292682923,247.70600879424532,,,
2020-05-03,0.26480836236933797,213.5086391962149,,,
2020-05-04,0.26132404181184665,82.29398419096871,,,
2020-05-05,0.2578397212543554,147.24703271858382,,,
2020-05-06,0.2543554006968641,59.40064395921644,,,
2020-05-07,0.2508710801393728,55.119216125554615,,,
2020-05-08,0.24738675958188153,42.492092109967466,,,
2020-05-09,0.24390243902439024,178.37922622239034,,,
2020-05-10,0.24041811846689892,189.971675612167,,,
2020-05-11,0.23693379790940766,202.6945347360498,,,
2020-05-12,0.23344947735191635,323.17432089817777,,,
2020-05-13,0.22996515679442509,266.61079400251697,,,
2020-05-14,0.22648083623693377,102.5273425164114,,,
2020-05-15,0.2229965156794425,94.15533780854796,,,
2020-05-16,0.2195121951219512,113.05386552850256,,,
2020-05-17,0.21602787456445993,121.66988529120982,,,
2020-05-18,0.21254355400696862,115.7745666597777,,,
2020-05-19,0.20905923344947736,91.87426558349364,,,
2020-05-20,0.20557491289198604,98.85182401869888,1468.9987200000003,30.999974400000003,245.99980800000003
2020-05-21,0.20209059233449475,70.72753494544902,,,
2020-05-22,0.19860627177700346,414.1767511874747,,,
2020-05-23,0.19512195121951217,243.00584015517325,,,
2020-05-24,0.19163763066202089,401.23099162846273,,,
2020-05-25,0.1881533101045296,94.50736174827348,,,
2020-05-26,0.1846689895470383,119.51201310848784,,,
2020-05-27,0.18118466898954702,103.89780877104796,2643.00192,80.0000064,1165.00032
2020-05-28,0.17770034843205573,156.40162314159556,,,
2020-05-29,0.17421602787456444,90.93633182891617,,,
2020-05-30,0.17073170731707316,73.58887194711797,,,
2020-05-31,0.16724738675958187,382.2117610216391,,,
2020-06-01,0.16376306620209058,446.07330411833,,,
2020-06-02,0.1602787456445993,85.2071070976889,,,
2020-06-03,0.156794425087108,351.67899826893944,1541.99808,18.9999648,358.000128
2020-06-04,0.15331010452961671,101.26080045339592,,,
2020-06-05,0.14982578397212543,102.11503262258192,,,
2020-06-06,0.14634146341463414,74.02020016893213,,,
2020-06-07,0.14285714285714285,109.35784955850151,,,
2020-06-08,0.19047619047619047,48.32212284205509,,,
2020-06-09,0.23809523809523808,70.47766894287206,,,
2020-06-10,0.2857142857142857,100.15600463368008,,,
2020-06-11,1.5,60.34505815836462,,,
2020-06-12,3.0,63.17365348308359,1405.0022400000003,27.0,355.00032
2020-06-13,2.78021978021978,95.68515502564672,,,
2020-06-14,2.5604395604395602,398.1387116831692,,,
2020-06-15,2.340659340659341,1871.334626417593,,,
2020-06-16,2.120879120879121,108.67836240091611,,,
2020-06-17,1.901098901098901,93.87262653860202,,,
2020-06-18,1.6813186813186813,8740.140508885335,,,
2020-06-19,1.4615384615384617,170.68717144114095,,,
2020-06-20,1.2417582417582418,210.2383267758189,,,
2020-06-21,1.021978021978022,172.20080728965794,,,
2020-06-22,0.802197802197802,155.61687094182264,,,
2020-06-23,0.5824175824175826,172.1403594654369,805.0000320000001,15.999984,196.00012800000002
2020-06-24,0.3626373626373627,255.66500524571583,,,
2020-06-25,0.14285714285714285,245.09201659155133,,,
2020-06-26,0.14285714285714285,289.75426491970126,,,
2020-06-27,0.14285714285714285,177.2687589455124,,,
2020-06-28,0.14285714285714285,165.0738175875748,,,
2020-06-29,0.14285714285714285,156.22764183508767,,,
2020-06-30,0.14285714285714285,104.89787340140408,,,
2020-07-01,0.14285714285714285,92.07080858078444,,,
2020-07-02,0.14285714285714285,125.73621581417918,,,
2020-07-03,0.14285714285714285,118.89873775124764,,,
2020-07-04,0.14285714285714285,1111.1483819456562,,,
2020-07-05,0.14285714285714285,224.2875242174321,,,
2020-07-06,0.14285714285714285,227.051744114338,,,
2020-07-07,0.14285714285714285,121.03452832992558,,,
2020-07-08,0.14285714285714285,1104.5217994779691,,,
2020-07-09,0.14285714285714285,342.76157431298714,,,
2020-07-10,0.14285714285714285,139.32643672964028,1817.0006400000002,40.0000032,319.99968
2020-07-11,0.14285714285714285,357.3933231207421,,,
2020-07-12,0.14285714285714285,584.150998957724,,,
2020-07-13,0.14285714285714285,527.9615340741746,,,
2020-07-14,0.14285714285714285,260.1631200009854,,,
2020-07-15,0.14285714285714285,109.50793560722508,,,
2020-07-16,0.14285714285714285,186.22067840602355,,,
2020-07-17,0.14285714285714285,185.3995311912261,,,
2020-07-18,0.14285714285714285,145.505440890981,,,
2020-07-19,0.14285714285714285,126.79758912309,,,
2020-07-20,0.14285714285714285,129.74682201291728,,,
2020-07-21,0.14285714285714285,114.15122624155742,,,
2020-07-22,0.14285714285714285,124.39233930821636,,,
2020-07-23,0.14285714285714285,199.5358941473348,,,
2020-07-24,0.14285714285714285,163.8921655481068,,,
2020-07-25,0.14285714285714285,121.9091201787085,,,
2020-07-26,0.14285714285714285,161.92618474285825,,,
2020-07-27,0.14285714285714285,102.18778914864616,,,
2020-07-28,0.14285714285714285,76.63101910403488,,,
2020-07-29,0.14285714285714285,102.73479750429998,,,
2020-07-30,0.14285714285714285,89.37857471263064,,,
2020-07-31,0.14285714285714285,55.85754546074818,,,
2020-08-01,0.14285714285714285,89.54146748353382,,,
2020-08-02,0.14285714285714285,261.8583860420774,,,
2020-08-03,0.14285714285714285,283.6554323985256,,,
2020-08-04,0.14285714285714285,444.2153134145085,,,
2020-08-05,0.14285714285714285,274.4165073382823,,,
2020-08-06,0.14285714285714285,65.05069365665992,,,
2020-08-07,0.14285714285714285,82.4987806270535,,,
2020-08-08,0.14285714285714285,78.99469884672233,,,
2020-08-09,0.14285714285714285,69.26157382034927,,,
2020-08-10,0.14285714285714285,137.73055797004363,,,
2020-08-11,0.14285714285714285,296.79166984159184,,,
2020-08-12,0.14285714285714285,180.25063137913875,1057.00032,18.9999648,422.00006400000007
2020-08-13,0.14285714285714285,106.94108713519138,,,
2020-08-14,0.14285714285714285,91.78994035896204,,,
2020-08-15,0.14285714285714285,182.23016344902743,,,
2020-08-16,0.14285714285714285,71.7015488885247,,,
2020-08-17,0.14285714285714285,155.31111455671382,,,
2020-08-18,0.14285714285714285,229.4285595901189,,,
2020-08-19,0.14285714285714285,226.5612071321011,,,
2020-08-20,0.14285714285714285,210.0388880320708,,,
2020-08-21,0.14285714285714285,145.92730660945915,,,
2020-08-22,0.14285714285714285,151.709412310171,,,
2020-08-23,0.14285714285714285,261.79135019402355,,,
2020-08-24,0.14285714285714285,192.06547543572387,,,
2020-08-25,0.14285714285714285,228.22262514289267,,,
2020-08-26,0.14285714285714285,153.4512728817178,,,
2020-08-27,0.14285714285714285,104.28656242602902,,,
2020-08-28,0.17857142857142855,4216.125305607482,,,
2020-08-29,0.21428571428571427,1701.7531096385685,,,
2020-08-30,0.25,2178.3694359074257,,,
2020-08-31,0.2857142857142857,334.7388833781717,,,
2020-09-01,0.2714285714285714,245.05627003755384,,,
2020-09-02,0.2571428571428571,1426.5984408306078,2756.9980800000003,27.0,294.99984000000006
2020-09-03,0.24285714285714283,538.2526389927981,,,
2020-09-04,0.22857142857142856,207.38727600915945,,,
2020-09-05,0.21428571428571427,144.56830235635562,,,
2020-09-06,0.19999999999999998,187.7298101487702,,,
2020-09-07,0.18571428571428572,631.3519549142774,,,
2020-09-08,0.17142857142857143,47.69794816165004,,,
2020-09-09,0.15714285714285714,432.39218992805297,2779.99776,16.9999776,294.000192
2020-09-10,0.14285714285714285,82.48172467269336,,,
2020-09-11,0.14285714285714285,255.23868020290283,,,
2020-09-12,0.14285714285714285,1460.8756300050952,,,
2020-09-13,0.14285714285714285,307.99666123679714,,,
2020-09-14,0.14285714285714285,273.178360397682,,,
2020-09-15,0.14285714285714285,789.0653376919033,,,
2020-09-16,0.14285714285714285,291.46274750487254,,,
2020-09-17,0.14285714285714285,219.19326181098864,1456.99776,17.9999712,223.999776
2020-09-18,0.14285714285714285,130.86515143464612,,,
2020-09-19,0.14285714285714285,62.9218784051892,,,
2020-09-20,0.14285714285714285,105.221330888992,,,
2020-09-21,0.2857142857142857,57.99875758452144,,,
2020-09-22,0.35714285714285715,92.6445096785569,,,
2020-09-23,0.4285714285714286,152.54093477793114,,,
2020-09-24,0.5,593.0738255705985,,,
2020-09-25,0.48214285714285715,148.01950512244937,,,
2020-09-26,0.4642857142857143,166.218318262329,,,
2020-09-27,0.4464285714285714,1429.0193900947663,,,
2020-09-28,0.42857142857142855,228.57622011431752,,,
2020-09-29,0.4107142857142857,124.41725260127696,,,
2020-09-30,0.3928571428571428,181.5316167491744,,,
2020-10-01,0.37499999999999994,194.11675742029985,,,
2020-10-02,0.3571428571428571,135.21377652788172,,,
2020-10-03,0.346938775510204,170.32990749993718,,,
2020-10-04,0.336734693877551,116.32777079555586,,,
2020-10-05,0.32653061224489793,378.4352211008194,,,
2020-10-06,0.31632653061224486,105.5608558746022,,,
2020-10-07,0.3061224489795918,89.59502739601112,,,
2020-10-08,0.29591836734693877,114.43678159666808,,,
2020-10-09,0.2857142857142857,129.91431023739645,,,
2020-10-10,0.27619047619047615,122.89205163865276,,,
2020-10-11,0.26666666666666666,108.63611514664063,,,
2020-10-12,0.2571428571428571,4085.578550733664,,,
2020-10-13,0.2476190476190476,128.01898507447677,,,
2020-10-14,0.23809523809523808,165.46478900933022,,,
2020-10-15,0.22857142857142856,174.20531873366838,,,
2020-10-16,0.21904761904761905,139.09257436440936,,,
2020-10-17,0.2095238095238095,371.57376594448783,,,
2020-10-18,0.2,168.54643046079852,,,
2020-10-19,0.19047619047619047,489.6200595837824,,,
2020-10-20,0.18095238095238095,179.07833424292755,,,
2020-10-21,0.17142857142857143,206.43522174057168,,,
2020-10-22,0.16190476190476188,188.3425949960023,,,
2020-10-23,0.15238095238095237,329.40417944755944,,,
2020-10-24,0.14285714285714285,439.7666176230493,,,
2020-10-25,0.17142857142857143,712.0117007418746,,,
2020-10-26,0.19999999999999998,152.00316346738026,,,
2020-10-27,0.22857142857142856,146.9127716382173,,,
2020-10-28,0.2571428571428571,176.3519008615608,,,
2020-10-29,0.2857142857142857,159.98643860152984,,,
2020-10-30,0.3,219.5740751555235,,,
2020-10-31,0.3142857142857143,202.4249336429263,,,
2020-11-01,0.32857142857142857,167.00782310563534,,,
2020-11-02,0.34285714285714286,242.9522427696792,,,
2020-11-03,0.3571428571428571,361.4679551523474,,,
2020-11-04,0.37142857142857144,195.78059904533723,,,
2020-11-05,0.3857142857142857,194.6482222808228,,,
2020-11-06,0.39999999999999997,94.97825708636827,,,
2020-11-07,0.41428571428571426,155.6904174747211,,,
2020-11-08,0.42857142857142855,53.869751332048665,,,
2020-11-09,0.9285714285714286,79.39182492157637,,,
2020-11-10,1.3571428571428572,181.95398801613308,,,
2020-11-11,1.2976190476190477,744.7003386313946,,,
2020-11-12,1.2380952380952381,337.6754211809894,2389.9968,22.000032000000004,618.0001920000001
2020-11-13,1.1785714285714286,825.9323042091419,,,
2020-11-14,1.119047619047619,324.63057614044624,,,
2020-11-15,1.0595238095238095,93.50468292004724,,,
2020-11-16,1.0,194.36347439814983,1937.0016000000003,26.000006400000004,709.999776
2020-11-17,0.9732142857142857,79.56378532793411,,,
2020-11-18,0.9464285714285714,101.0497421298448,,,
2020-11-19,0.9196428571428571,112.38110154460396,,,
2020-11-20,0.8928571428571428,208.5968423737489,,,
2020-11-21,0.8660714285714286,67.90300818189013,,,
2020-11-22,0.8392857142857143,230.0984546915601,,,
2020-11-23,0.8125,121.36378095954186,,,
2020-11-24,0.7857142857142857,149.54934208784263,,,
2020-11-25,0.7589285714285714,178.96588120741143,,,
2020-11-26,0.7321428571428571,419.91506595840127,,,
2020-11-27,0.7053571428571428,133.173413972302,,,
2020-11-28,0.6785714285714286,300.1516760819068,,,
2020-11-29,0.6517857142857142,165.4971208204495,,,
2020-11-30,0.625,84.03268110152673,,,
2020-12-01,0.5982142857142857,127.9942560670496,,,
2020-12-02,0.5714285714285714,116.96392098166127,704.999808,9.5000256,221.99961600000003
2020-12-03,0.5446428571428571,74.77432345640987,,,
2020-12-04,0.5178571428571428,66.18367716332565,,,
2020-12-05,0.4910714285714285,90.29388983779948,,,
2020-12-06,0.4642857142857142,258.2843023733138,,,
2020-12-07,0.4375,35.91049778316121,,,
2020-12-08,0.4107142857142857,41.97136843826218,,,
2020-12-09,0.3839285714285714,128.94773715255553,,,
2020-12-10,0.3571428571428571,1195.898615713979,,,
2020-12-11,0.3303571428571428,188.4703778302324,,,
2020-12-12,0.3035714285714285,44.28473263192238,,,
2020-12-13,0.2767857142857142,139.9980617398051,,,
2020-12-14,0.25,262.0664436314071,,,
2020-12-15,0.2232142857142857,99.99865105198104,,,
2020-12-16,0.1964285714285714,61.51166922432131,,,
2020-12-17,0.1696428571428571,61.344750741418366,,,
2020-12-18,0.14285714285714285,133.457984363208,,,
2020-12-19,0.16666666666666666,107.18728224174976,,,
2020-12-20,0.19047619047619047,58.24153589632004,,,
2020-12-21,0.21428571428571427,94.45557574569284,,,
2020-12-22,0.23809523809523808,48.31542514102428,,,
2020-12-23,0.26190476190476186,53.79886310358309,,,
2020-12-24,0.2857142857142857,66.58353666228453,,,
2020-12-25,0.2857142857142857,47.40335040076656,,,
2020-12-26,0.2857142857142857,53.65240537036485,,,
2020-12-27,0.2857142857142857,185.8283094097125,,,
2020-12-28,0.2857142857142857,108.52868498135828,,,
2020-12-29,0.2857142857142857,632.5545175996225,,,
2020-12-30,0.2857142857142857,71.31299959446712,,,
2020-12-31,0.2857142857142857,37.40446358192344,,,
2021-01-01,0.2857142857142857,52.27908483173407,,,
2021-01-02,0.2857142857142857,45.2343761719718,,,
2021-01-03,0.2857142857142857,38.92375699135735,,,
2021-01-04,0.2857142857142857,63.10663117885253,,,
2021-01-05,0.2857142857142857,82.34069307189264,,,
2021-01-06,0.2857142857142857,201.8744501353458,,,
2021-01-07,0.2857142857142857,117.84402220418544,,,
2021-01-08,0.2857142857142857,441.0952211251597,,,
2021-01-09,0.2857142857142857,45.30598712626757,,,
2021-01-10,0.2857142857142857,104.66915238667224,,,
2021-01-11,0.2857142857142857,60.20084137936418,,,
2021-01-12,0.2857142857142857,125.00739898781411,,,
2021-01-13,0.3571428571428571,94.53402732202797,1277.00064,14.9999904,259.00041600000003
2021-01-14,0.42857142857142855,85.29899629097109,,,
2021-01-15,0.41883116883116883,55.50468904149204,,,
2021-01-16,0.40909090909090906,61.84599732608302,,,
2021-01-17,0.39935064935064934,132.4647652711046,,,
2021-01-18,0.3896103896103896,203.6085250010911,,,
2021-01-19,0.37987012987012986,133.87151104990895,,,
2021-01-20,0.3701298701298701,63.45338155633247,,,
2021-01-21,0.36038961038961037,66.811713000051,,,
2021-01-22,0.35064935064935066,356.73495182814565,,,
2021-01-23,0.3409090909090909,83.12624960296486,,,
2021-01-24,0.3311688311688311,1121.9898011191056,,,
2021-01-25,0.3214285714285714,110.4408168004945,,,
2021-01-26,0.3116883116883117,49.4724332951553,,,
2021-01-27,0.30194805194805197,357.4599521151424,,,
2021-01-28,0.2922077922077922,56.777270890908426,,,
2021-01-29,0.2824675324675324,76.3605828098159,,,
2021-01-30,0.2727272727272727,100.33759048698067,,,
2021-01-31,0.262987012987013,103.41242584719242,,,
2021-02-01,0.2532467532467532,39.98049650922302,,,
2021-02-02,0.24350649350649348,47.73163639705185,,,
2021-02-03,0.23376623376623373,140.2699071146656,,,
2021-02-04,0.22402597402597402,72.90766199372302,,,
2021-02-05,0.21428571428571427,62.09595751070915,,,
2021-02-06,0.20714285714285713,54.95880128727224,,,
2021-02-07,0.19999999999999998,78.8239746204828,,,
2021-02-08,0.19285714285714284,245.09848082192235,,,
2021-02-09,0.1857142857142857,43.62176221378494,,,
2021-02-10,0.17857142857142855,43.84417223994439,,,
2021-02-11,0.17142857142857143,95.3087137578487,,,
2021-02-12,0.16428571428571428,112.65223370080756,,,
2021-02-13,0.15714285714285714,52.41608519642966,,,
2021-02-14,0.15,54.396714958579366,,,
2021-02-15,0.14285714285714285,427.28166754144655,,,
2021-02-16,0.14285714285714285,171.00029280055838,,,
2021-02-17,0.14285714285714285,93.53000933377582,,,
2021-02-18,0.14285714285714285,416.4822110770958,1070.99712,13.9999968,259.00041600000003
2021-02-19,0.14285714285714285,96.42735993790016,,,
2021-02-20,0.14285714285714285,69.31759592687196,,,
2021-02-21,0.14285714285714285,64.49927048305118,,,
2021-02-22,0.14285714285714285,123.19480758386209,,,
2021-02-23,0.14285714285714285,76.97212735091111,,,
2021-02-24,0.14285714285714285,134.02500221755048,,,
2021-02-25,0.14285714285714285,53.43432185033544,,,
2021-02-26,0.14285714285714285,84.81795677995507,,,
2021-02-27,0.14285714285714285,146.2545956533472,,,
2021-02-28,0.14285714285714285,56.82110421380519,,,
2021-03-01,0.14285714285714285,108.21340570123502,,,
2021-03-02,0.14285714285714285,101.25685256232796,,,
2021-03-03,0.14285714285714285,85.65222575834004,,,
2021-03-04,0.14285714285714285,24365.76322951635,,,
2021-03-05,0.14285714285714285,800.9927329994504,,,
2021-03-06,0.14285714285714285,2044.2737057308389,,,
2021-03-07,0.14285714285714285,844.5637769855712,,,
2021-03-08,0.14285714285714285,149.35645763818664,,,
2021-03-09,0.14285714285714285,115.9605579275368,,,
2021-03-10,0.14285714285714285,90.34823595705076,,,
2021-03-11,0.14285714285714285,378.0007231816879,,,
2021-03-12,0.14285714285714285,487.1239140172754,,,
2021-03-13,0.14285714285714285,949.9202966479536,,,
2021-03-14,0.14285714285714285,74.27755106439868,,,
2021-03-15,0.14285714285714285,362.7558952482689,,,
2021-03-16,0.14285714285714285,111.48754032548916,,,
2021-03-17,0.14285714285714285,85.59712665102292,,,
2021-03-18,0.14285714285714285,110.10244213960551,,,
2021-03-19,0.14285714285714285,1613.608209732366,,,
2021-03-20,0.14285714285714285,135.14052770914793,,,
2021-03-21,0.14285714285714285,75.76887441726743,,,
2021-03-22,0.14285714285714285,414.93871563950177,,,
2021-03-23,0.14285714285714285,71.32842743256516,,,
2021-03-24,0.14285714285714285,129.8510643710584,,,
2021-03-25,0.16326530612244897,246.9843782721186,1655.0006400000002,16.9999776,270.0
2021-03-26,0.18367346938775508,159.23709434765965,,,
2021-03-27,0.20408163265306123,187.15710669018023,,,
2021-03-28,0.22448979591836732,77.1068877481881,,,
2021-03-29,0.24489795918367346,79.09460371556706,,,
2021-03-30,0.26530612244897955,64.64365041988351,,,
2021-03-31,0.2857142857142857,64.08522798801323,,,
2021-04-01,0.2727272727272727,252.66767764239103,,,
2021-04-02,0.2597402597402597,171.7692749063481,,,
2021-04-03,0.24675324675324672,112.31594409014834,,,
2021-04-04,0.23376623376623376,76.41439280124132,,,
2021-04-05,0.22077922077922077,2578.794830143073,,,
2021-04-06,0.20779220779220778,151.17162571010778,,,
2021-04-07,0.19480519480519481,89.13234681764278,,,
2021-04-08,0.18181818181818182,47.60035282338935,,,
2021-04-09,0.16883116883116883,71.36568440721717,,,
2021-04-10,0.15584415584415584,143.0528092328629,,,
2021-04-11,0.14285714285714285,266.5891346393952,,,
2021-04-12,0.5,274.8518751317023,,,
2021-04-13,0.49240121580547114,74.96645234310422,,,
2021-04-14,0.4848024316109423,443.2113283724026,,,
2021-04-15,0.47720364741641336,126.83574337001782,,,
2021-04-16,0.4696048632218845,56.62247535741935,,,
2021-04-17,0.46200607902735563,74.12089610415364,,,
2021-04-18,0.45440729483282677,184.0268530332831,,,
2021-04-19,0.44680851063829785,36.10014672512065,,,
2021-04-20,0.439209726443769,389.5190498728622,,,
2021-04-21,0.4316109422492401,119.59252494816414,,,
2021-04-22,0.42401215805471126,82.49375132344306,,,
2021-04-23,0.4164133738601824,95.98502369914472,,,
2021-04-24,0.4088145896656535,116.26076313639302,,,
2021-04-25,0.4012158054711246,254.0051571956596,,,
2021-04-26,0.39361702127659576,92.86723686009805,,,
2021-04-27,0.38601823708206684,236.47132132318703,,,
2021-04-28,0.378419452887538,405.4653766261213,,,
2021-04-29,0.3708206686930091,1234.114742499138,,,
2021-04-30,0.36322188449848025,81.07605132232742,1723.9996800000001,13.000003200000002,151.000416
2021-05-01,0.3556231003039514,52.945342011429695,,,
2021-05-02,0.3480243161094225,244.03677875230903,,,
2021-05-03,0.3404255319148936,59.24141430473755,,,
2021-05-04,0.33282674772036475,143.96926416331797,,,
2021-05-05,0.32522796352583583,60.55660622068779,,,
2021-05-06,0.31762917933130697,100.07409267920087,,,
2021-05-07,0.3100303951367781,57.37196505591078,,,
2021-05-08,0.30243161094224924,53.430851573903546,,,
2021-05-09,0.2948328267477204,46.33509964613626,,,
2021-05-10,0.2872340425531915,50.97428706401135,,,
2021-05-11,0.2796352583586626,51.24044318880864,,,
2021-05-12,0.27203647416413373,99.85304189749156,,,
2021-05-13,0.2644376899696048,72.35579001416141,,,
2021-05-14,0.25683890577507595,111.52775175860246,,,
2021-05-15,0.2492401215805471,108.84492294975968,,,
2021-05-16,0.24164133738601823,115.93543264636212,,,
2021-05-17,0.23404255319148937,112.69520028011856,,,
2021-05-18,0.2264437689969605,313.296623443969,,,
2021-05-19,0.21884498480243159,111.63980929827632,,,
2021-05-20,0.21124620060790272,142.29603967520296,,,
2021-05-21,0.20364741641337386,92.7350129879556,,,
2021-05-22,0.196048632218845,576.2514556592366,,,
2021-05-23,0.18844984802431608,756.5812279247131,,,
2021-05-24,0.18085106382978722,237.62298666248608,,,
2021-05-25,0.17325227963525835,169.87689861478356,,,
2021-05-26,0.1656534954407295,286.53998513126794,,,
2021-05-27,0.15805471124620057,279.2418799766282,,,
2021-05-28,0.1504559270516717,103.30084847671722,,,
2021-05-29,0.14285714285714285,69.61859114640389,,,
2021-05-30,0.14285714285714285,119.00266843227962,,,
2021-05-31,0.14285714285714285,70.29339585717456,,,
2021-06-01,0.14285714285714285,326.07597103499864,,,
2021-06-02,0.14285714285714285,55.46476967237634,,,
2021-06-03,0.14285714285714285,98.59159939309936,,,
2021-06-04,0.14285714285714285,59.20537656425639,,,
2021-06-05,0.14285714285714285,337.68070931495686,,,
2021-06-06,0.14285714285714285,155.5321652748843,,,
2021-06-07,0.14285714285714285,262.08468407604647,,,
2021-06-08,0.14285714285714285,435.1580651679442,,,
2021-06-09,0.14285714285714285,304.570015740179,,,
2021-06-10,0.14285714285714285,145.7676302992891,,,
2021-06-11,0.14285714285714285,167.35441256613123,,,
2021-06-12,0.14285714285714285,64.82658421158294,,,
2021-06-13,0.14285714285714285,64.64042045833416,,,
2021-06-14,0.14285714285714285,76.84786720951111,,,
2021-06-15,0.14285714285714285,185.3332091634311,,,
2021-06-16,0.14285714285714285,132.83258793647474,1156.9996800000001,8.899977600000001,252.99993600000002
2021-06-17,0.14285714285714285,421.855180118412,,,
2021-06-18,0.14285714285714285,332.5810231927752,,,
2021-06-19,0.14285714285714285,181.2462218246444,,,
2021-06-20,0.14285714285714285,353.383315627008,,,
2021-06-21,0.14285714285714285,140.82177712143132,,,
2021-06-22,0.14285714285714285,118.34524390658152,,,
2021-06-23,0.14285714285714285,118.57739486135064,,,
2021-06-24,0.14285714285714285,478.7432915327543,,,
2021-06-25,0.14285714285714285,64.19434187826307,,,
2021-06-26,0.14285714285714285,68.66886192258384,,,
2021-06-27,0.14285714285714285,70.26201410537483,,,
2021-06-28,0.14285714285714285,69.49676437374987,,,
2021-06-29,0.14285714285714285,100.62867883965104,,,
2021-06-30,0.14285714285714285,1768.3871879073115,,,
2021-07-01,0.14285714285714285,127.3688295081638,,,
2021-07-02,0.14285714285714285,218.68870617422112,,,
2021-07-03,0.14285714285714285,72.16663968067724,,,
2021-07-04,0.14285714285714285,115.70364719841795,,,
2021-07-05,0.17857142857142855,128.03979576765855,,,
2021-07-06,0.21428571428571427,196.1449164087877,,,
2021-07-07,0.25,124.8052588696028,,,
2021-07-08,0.2857142857142857,75.89770257554709,,,
2021-07-09,0.3333333333333333,75.07049143802033,,,
2021-07-10,0.38095238095238093,92.43722009933556,,,
2021-07-11,0.42857142857142855,164.4144048251834,,,
2021-07-12,0.5,253.61395154812337,,,
2021-07-13,0.5714285714285714,121.60357348801222,,,
2021-07-14,0.6428571428571429,62.92949359222424,,,
2021-07-15,0.7142857142857143,241.82358274390228,,,
2021-07-16,0.8571428571428571,133.92858498936363,,,
2021-07-17,0.9047619047619048,235.65218742147067,,,
2021-07-18,0.9523809523809523,147.9658946687095,,,
2021-07-19,1.0,326.08412508021445,,,
2021-07-20,0.9464285714285714,80.42603504199623,1038.00096,21.0000384,358.99977600000005
2021-07-21,0.8928571428571428,135.7425005929996,,,
2021-07-22,0.8392857142857143,103.8107307141376,,,
2021-07-23,0.7857142857142857,90.06290097918037,,,
2021-07-24,0.7321428571428571,119.67807140738434,,,
2021-07-25,0.6785714285714286,130.43375359300558,,,
2021-07-26,0.625,,,,
2021-07-27,0.5714285714285714,,,,
2021-07-28,0.5178571428571428,,,,
2021-07-29,0.4642857142857142,,,,
2021-07-30,0.4107142857142857,,,,
2021-07-31,0.3571428571428571,,,,
2021-08-01,0.3035714285714285,,,,
2021-08-02,0.25,,,,
2021-08-03,0.1964285714285714,,,,
2021-08-04,0.14285714285714285,,815.9996160000001,27.0,424.99987200000004
2021-08-05,0.14795918367346939,,,,
2021-08-06,0.15306122448979592,,,,
2021-08-07,0.15816326530612243,,,,
2021-08-08,0.16326530612244897,80.59805017206477,,,
2021-08-09,0.1683673469387755,87.02592873449869,,,
2021-08-10,0.17346938775510204,59.40189439338396,,,
2021-08-11,0.17857142857142855,50.977652105089454,,,
2021-08-12,0.18367346938775508,90.9818513251639,1389.00096,12.000009600000002,454.99968000000007
2021-08-13,0.18877551020408162,126.4521688499191,,,
2021-08-14,0.19387755102040816,120.78241919418248,,,
2021-08-15,0.1989795918367347,117.03980178484667,,,
2021-08-16,0.20408163265306123,151.62614778189013,,,
2021-08-17,0.20918367346938774,124.13183595422696,,,
2021-08-18,0.21428571428571427,103.9073092932996,,,
2021-08-19,0.21428571428571427,1912.92833023177,,,
2021-08-20,0.21428571428571427,230.92304891447424,,,
2021-08-21,0.21428571428571427,431.1419871054519,,,
2021-08-22,0.21428571428571427,180.73351684981,,,
2021-08-23,0.21428571428571427,665.7179255633931,,,
2021-08-24,0.21428571428571427,140.90329313152233,,,
2021-08-25,0.21428571428571427,119.54333130861714,,,
2021-08-26,0.21428571428571427,155.41665314186076,,,
2021-08-27,0.21428571428571427,170.22454865024903,,,
2021-08-28,0.21428571428571427,179.02254813509109,,,
2021-08-29,0.21428571428571427,185.2712719223862,,,
2021-08-30,0.21428571428571427,214.2962334177205,,,
2021-08-31,0.21428571428571427,352.4134662575287,,,
2021-09-01,0.21428571428571427,146.2020252306336,,,
2021-09-02,0.21428571428571427,586.4379403827376,,,
2021-09-03,0.21428571428571427,210.59297499474025,,,
2021-09-04,0.21428571428571427,306.3950008376888,,,
2021-09-05,0.21428571428571427,260.3228608222783,,,
2021-09-06,0.21428571428571427,125.45894257999144,,,
2021-09-07,0.21428571428571427,251.8613781551425,,,
2021-09-08,0.21428571428571427,124.98320332779224,,,
2021-09-09,0.21428571428571427,1019.59859026417,,,
2021-09-10,0.21428571428571427,114.09245397616765,,,
2021-09-11,0.21428571428571427,171.0304053379196,,,
2021-09-12,0.21428571428571427,499.6672413173916,,,
2021-09-13,0.21428571428571427,99.36538458525976,,,
2021-09-14,0.21428571428571427,,,,
2021-09-15,0.42857142857142855,,,,
2021-09-16,0.45238095238095233,198.67271431953884,,,
2021-09-17,0.47619047619047616,301.879549650765,,,
2021-09-18,0.5,113.10551025146516,,,
2021-09-19,0.5238095238095237,585.8876274565952,,,
2021-09-20,0.5476190476190476,378.2340970569516,,,
2021-09-21,0.5714285714285714,49.39117431744116,,,682.000128
2021-09-22,0.5476190476190476,50.142029410387146,,,
2021-09-23,0.5238095238095237,147.2302672771688,,,
2021-09-24,0.5,82.9319831618909,,,
2021-09-25,0.47619047619047616,60.957718831496685,,,
2021-09-26,0.45238095238095233,45.83978035080077,,,
2021-09-27,0.42857142857142855,112.949678516766,,,
2021-09-28,0.40476190476190477,124.28223668899042,,,
2021-09-29,0.38095238095238093,62.27121380723577,1713.00096,37.0000224,520.000128
2021-09-30,0.3571428571428571,52.93039986621062,,,
2021-10-01,0.3333333333333333,44.626031161452914,,,
2021-10-02,0.30952380952380953,,,,
2021-10-03,0.2857142857142857,44.52238938740269,,,
2021-10-04,0.2755102040816326,96.4284972053176,,,
2021-10-05,0.26530612244897955,45.56249645803489,,,
2021-10-06,0.25510204081632654,,,,
2021-10-07,0.24489795918367346,82.5920048182325,,,
2021-10-08,0.2346938775510204,71.48847356961001,,,
2021-10-09,0.22448979591836732,630.919408277838,,,
2021-10-10,0.21428571428571427,50.82944389148263,,,
2021-10-11,0.20833333333333331,127.80305461197923,,,
2021-10-12,0.20238095238095238,188.47164044768627,,,
2021-10-13,0.19642857142857142,131.30530158346846,,,
2021-10-14,0.19047619047619047,48.74468037459658,756.9996480000001,10.0000224,267.000192
2021-10-15,0.1845238095238095,62.49746154924216,,,
2021-10-16,0.17857142857142855,,,,
2021-10-17,0.17261904761904762,97.75739836402678,,,
2021-10-18,0.16666666666666666,71.33376923856316,,,
2021-10-19,0.1607142857142857,71.30320472671104,,,
2021-10-20,0.15476190476190477,,,,
2021-10-21,0.1488095238095238,,,,
2021-10-22,0.14285714285714285,,,,
2021-10-23,0.21428571428571427,,,,
2021-10-24,0.2857142857142857,65.70631505584967,,,
2021-10-25,0.3571428571428571,77.61061726023226,,,
2021-10-26,0.42857142857142855,98.06165825677392,,,
2021-10-27,0.49999999999999994,160.92977786124894,,,
2021-10-28,0.5714285714285714,232.6937445602772,,,
2021-10-29,0.6428571428571428,74.0586136542069,,,
2021-10-30,1.2857142857142858,,,,
2021-10-31,1.4285714285714286,107.24990490133266,,,
2021-11-01,1.5714285714285714,46.21150621937811,,,
2021-11-02,1.4615384615384615,131.9135257041533,2712.0009600000003,38.000016,680.9996160000001
2021-11-03,1.3516483516483517,321.98878851515565,,,
2021-11-04,1.2417582417582418,,,,
2021-11-05,1.1318681318681318,97.10516976088182,,,
2021-11-06,1.021978021978022,92.689921732218,,,
2021-11-07,0.9120879120879121,91.4931471158038,,,
2021-11-08,0.8021978021978022,,,,
2021-11-09,0.6923076923076923,,,,
2021-11-10,0.5824175824175823,,,,
2021-11-11,0.4725274725274724,,,,
2021-11-12,0.3626373626373627,,,,
2021-11-13,0.25274725274725274,,,,
2021-11-14,0.14285714285714285,131.19630374014304,,,
2021-11-15,0.2857142857142857,,,,
2021-11-16,0.2698412698412698,,,,
2021-11-17,0.25396825396825395,,,,
2021-11-18,0.23809523809523808,,1416.00096,18.9999648,483.99984
2021-11-19,0.2222222222222222,,,,
2021-11-20,0.20634920634920634,40.16615976211836,,,
2021-11-21,0.19047619047619047,80.51574413815182,,,
2021-11-22,0.1746031746031746,44.75299919382221,,,
2021-11-23,0.15873015873015872,51.94803506314424,,,
2021-11-24,0.14285714285714285,51.200022281205946,,,
2021-11-25,0.19047619047619047,55.048351436917365,,,
2021-11-26,0.23809523809523808,98.543344988135,,,
2021-11-27,0.2857142857142857,77.86060658242361,,,
2021-11-28,0.2857142857142857,128.22945484577122,,,
2021-11-29,0.2857142857142857,46.99389628404829,,,
2021-11-30,0.2857142857142857,59.81787687682051,,,
2021-12-01,0.2857142857142857,32.78692957870811,,,
2021-12-02,0.4285714285714286,33.43930264895603,,,
2021-12-03,0.5714285714285715,55.6683176015633,,,
2021-12-04,0.5357142857142858,49.16011845068322,,,
2021-12-05,0.5000000000000001,73.0011093282157,,,
2021-12-06,0.46428571428571436,146.70567474068594,,,
2021-12-07,0.4285714285714286,164.29390188129435,,,
2021-12-08,0.3928571428571429,140.71372576420757,,,
2021-12-09,0.3571428571428572,66.16142296256348,,,
2021-12-10,0.32142857142857145,78.48892906418753,,,
2021-12-11,0.28571428571428575,33.712307018064465,,,
2021-12-12,0.25000000000000006,100.39456957135629,,,
2021-12-13,0.2142857142857143,26.71648672394861,,,
2021-12-14,0.1785714285714286,,,,
2021-12-15,0.14285714285714285,115.55729540049056,,,
2021-12-16,0.17142857142857143,149.51218011164022,,,
2021-12-17,0.19999999999999998,52.946061916490194,,,
2021-12-18,0.22857142857142856,57.84481319339893,,,
2021-12-19,0.2571428571428571,41.27385249439367,,,
2021-12-20,0.2857142857142857,272.5351685745882,1606.0032,27.0,348.99984
2021-12-21,0.42857142857142855,53.19843586975696,,,
2021-12-22,0.40909090909090906,46.95959598658871,,,
2021-12-23,0.3896103896103896,45.40581267378722,,,
2021-12-24,0.3701298701298701,162.3566621718268,,,
2021-12-25,0.35064935064935066,73.45911029184882,,,
2021-12-26,0.3311688311688311,61.79547637335745,,,
2021-12-27,0.3116883116883117,35.65953857390013,,,
2021-12-28,0.2922077922077922,35.38787702936654,,,
2021-12-29,0.2727272727272727,62.46008555992523,,,
2021-12-30,0.2532467532467532,49.82738992092366,,,
2021-12-31,0.23376623376623373,1110.0373316921566,,,
2022-01-01,0.21428571428571427,,,,
2022-01-02,0.42857142857142855,,,,
2022-01-03,0.4193548387096774,,,,
2022-01-04,0.41013824884792627,,,,
2022-01-05,0.4009216589861751,,,,
2022-01-06,0.39170506912442393,,,,
2022-01-07,0.38248847926267276,,,,
2022-01-08,0.37327188940092165,,,,
2022-01-09,0.3640552995391705,84.12648468460412,,,
2022-01-10,0.3548387096774193,82.21802234640828,,,
2022-01-11,0.34562211981566815,45.60232138239196,1058.9961600000001,19.9999584,296.000352
2022-01-12,0.33640552995391704,675.7632765669729,,,
2022-01-13,0.32718894009216587,72.53033937399317,,,
2022-01-14,0.3179723502304147,65.16814318828554,,,
2022-01-15,0.3087557603686636,171.73216137125425,,,
2022-01-16,0.2995391705069124,469.6741703651748,,,
2022-01-17,0.29032258064516125,207.73517416343665,,,
2022-01-18,0.28110599078341014,77.80033054386142,,,
2022-01-19,0.271889400921659,46.47662843663985,,,
2022-01-20,0.2626728110599078,86.76047089947751,,,
2022-01-21,0.2534562211981567,71.17334743721273,,,
2022-01-22,0.2442396313364055,41.71171139663212,,,
2022-01-23,0.23502304147465436,,,,
2022-01-24,0.2258064516129032,352.0523330570609,,,
2022-01-25,0.21658986175115205,2500.416221809908,,,
2022-01-26,0.2073732718894009,2508.885172059951,,,
2022-01-27,0.19815668202764974,2502.2156677890766,1471.0032,24.000019200000004,289.99987200000004
2022-01-28,0.1889400921658986,2483.936731435015,,,
2022-01-29,0.17972350230414744,2486.1000266338137,,,
2022-01-30,0.1705069124423963,2483.0636780227705,,,
2022-01-31,0.16129032258064513,2490.0840201398246,,,
2022-02-01,0.15207373271889396,2476.887559876462,,,
2022-02-02,0.14285714285714285,2480.827258048054,,,
2022-02-03,0.42857142857142855,2493.0058902677806,,,
2022-02-04,0.5,2485.1254617465283,,,
2022-02-05,0.5714285714285714,2483.686895600741,,,
2022-02-06,0.6428571428571428,,,,
2022-02-07,0.7142857142857143,77.53156245957135,,,
2022-02-08,0.6428571428571429,2477.0876064514327,,,
2022-02-09,0.5714285714285714,2508.8346067431225,,,
2022-02-10,0.5,2480.370928011213,,,
2022-02-11,0.42857142857142855,2480.572753261774,,,
2022-02-12,0.3571428571428571,2513.94207014911,,,
2022-02-13,0.2857142857142857,2704.5051638899395,,,
2022-02-14,0.28125,2863.062829853964,,,
2022-02-15,0.27678571428571425,2480.179892364999,,,
2022-02-16,0.27232142857142855,2533.439002719105,,,
2022-02-17,0.26785714285714285,2817.1939072920945,,,
2022-02-18,0.26339285714285715,2485.5195803675306,,,
2022-02-19,0.2589285714285714,2484.303937615739,,,
2022-02-20,0.2544642857142857,70.82193490650683,,,
2022-02-21,0.25,90.96700298387636,,,
2022-02-22,0.24553571428571427,54.346962225149774,,,
2022-02-23,0.24107142857142855,84.60718425538096,,,
2022-02-24,0.23660714285714285,120.0099634107058,1568.99808,24.000019200000004,331.000128
2022-02-25,0.23214285714285712,73.75695829361433,,,
2022-02-26,0.22767857142857142,87.48696640158964,,,
2022-02-27,0.2232142857142857,769.4250092658049,,,
2022-02-28,0.21875,130.73309838309743,,,
2022-03-01,0.21428571428571427,78.96543628564314,,,
2022-03-02,0.20982142857142855,458.9369558192787,,,
2022-03-03,0.20535714285714285,77.87148801661509,,,
2022-03-04,0.20089285714285715,110.13174920704807,,,
2022-03-05,0.19642857142857142,386.2171805899195,,,
2022-03-06,0.1919642857142857,118.90203656531564,,,
2022-03-07,0.1875,105.26152984569792,,,
2022-03-08,0.18303571428571427,239.5398736389212,,,
2022-03-09,0.17857142857142855,3016.8773065944224,,,
2022-03-10,0.17410714285714285,746.0894440650299,,,
2022-03-11,0.16964285714285715,203.2630844934571,,,
2022-03-12,0.16517857142857142,460.7437940114863,,,
2022-03-13,0.1607142857142857,562.1056161578049,,,
2022-03-14,0.15625,274.78296590936475,,,
2022-03-15,0.15178571428571427,270.5714067452115,,,
2022-03-16,0.14732142857142858,194.5925789925353,1192.00032,5.8999968,117.999936
2022-03-17,0.14285714285714285,60.70004238450964,,,
2022-03-18,0.3142857142857143,53.10543136031593,,,
2022-03-19,0.4857142857142857,154.33836669317526,,,
2022-03-20,0.657142857142857,208.44769861356232,,,
2022-03-21,0.8285714285714285,182.14070007046573,,,
2022-03-22,1.0,161.57790138602547,,,
2022-03-23,0.9642857142857143,203.3124827465252,,,
2022-03-24,0.9285714285714286,142.4263965765828,,,
2022-03-25,0.8928571428571429,6724.049723487338,,,
2022-03-26,0.8571428571428572,176.650819215039,,,
2022-03-27,0.8214285714285714,188.1959652199432,,,
2022-03-28,0.7857142857142857,192.9787993306965,,,
2022-03-29,0.75,298.8501854032201,,,
2022-03-30,0.7142857142857143,321.4779667711622,,,
2022-03-31,0.6785714285714286,302.48423403227986,,,
2022-04-01,0.6428571428571429,405.9316565378653,,,
2022-04-02,0.6071428571428572,369.9577635124917,,,
2022-04-03,0.5714285714285714,436.6425535451425,,,
2022-04-04,0.5357142857142858,211.836710156438,,,
2022-04-05,0.5,178.4303877768485,,,
2022-04-06,0.4642857142857143,196.4751414855342,,,
2022-04-07,0.4285714285714286,260.3515997052,,,
2022-04-08,0.3928571428571429,185.10715906379352,,,
2022-04-09,0.3571428571428572,117.56613722628931,,,
2022-04-10,0.3214285714285715,86.91439068675486,,,
2022-04-11,0.2857142857142858,97.97474683043043,,,
2022-04-12,0.25,263.95769207380243,,,
2022-04-13,0.21428571428571427,314.8568125068202,,,
2022-04-14,0.2125,108.37131053928805,,,
2022-04-15,0.21071428571428572,87.57020424063144,,,
2022-04-16,0.2089285714285714,121.32136434121084,,,
2022-04-17,0.20714285714285713,101.42832181747552,,,
2022-04-18,0.20535714285714285,107.37043350525596,,,
2022-04-19,0.20357142857142857,97.78394871333772,,,
2022-04-20,0.20178571428571426,194.96672370760325,,,
2022-04-21,0.19999999999999998,144.06123570766707,,,
2022-04-22,0.1982142857142857,161.1536383676686,,,
2022-04-23,0.19642857142857142,105.14842808115664,,,
2022-04-24,0.19464285714285712,97.29415730451538,,,
2022-04-25,0.19285714285714284,91.9489090499507,,,
2022-04-26,0.19107142857142856,122.2442891367608,,,
2022-04-27,0.18928571428571428,182.9246962278395,,,
2022-04-28,0.1875,100.42505225624788,,,
2022-04-29,0.1857142857142857,90.11308942108047,,,
2022-04-30,0.1839285714285714,98.44356492324954,,,
2022-05-01,0.18214285714285713,164.32896247597782,,,
2022-05-02,0.18035714285714285,141.01271135066935,,,
2022-05-03,0.17857142857142855,243.88454805991472,,,
2022-05-04,0.17678571428571427,246.83692235305853,,,
2022-05-05,0.175,168.42641800825223,,,
2022-05-06,0.1732142857142857,172.80245866520283,,,
2022-05-07,0.17142857142857143,132.91914834325937,,,
2022-05-08,0.16964285714285712,350.3828942407675,,,
2022-05-09,0.16785714285714284,156.9141356177666,,,
2022-05-10,0.16607142857142856,225.2514660033904,,,
2022-05-11,0.16428571428571428,397.84261786472206,,,
2022-05-12,0.16249999999999998,399.28905110133735,1317.00384,6.9999984,199.99958400000003
2022-05-13,0.1607142857142857,255.8539086111153,,,
2022-05-14,0.15892857142857142,234.67794123116315,,,
2022-05-15,0.15714285714285714,307.5620646638711,,,
2022-05-16,0.15535714285714286,356.78644092222555,,,
2022-05-17,0.15357142857142855,332.431859757927,,,
2022-05-18,0.15178571428571427,365.7843957307836,,,
2022-05-19,0.15,248.8639441573728,,,
2022-05-20,0.1482142857142857,292.61209020294734,,,
2022-05-21,0.1464285714285714,266.8919323032621,,,
2022-05-22,0.14464285714285713,258.67954274357913,,,
2022-05-23,0.14285714285714285,225.0140353158932,,,
2022-05-24,0.17857142857142855,209.6994078732625,,,
2022-05-25,0.21428571428571427,154.58761718629336,,,
2022-05-26,0.25,168.34851549567475,,,
2022-05-27,0.2857142857142857,155.573682816017,,,
2022-05-28,0.28125,134.1225438881708,,,
2022-05-29,0.27678571428571425,193.1798358806974,,,
2022-05-30,0.27232142857142855,242.5823309746009,,,
2022-05-31,0.26785714285714285,135.37391228740825,,,
2022-06-01,0.26339285714285715,137.68090932916076,,,
2022-06-02,0.2589285714285714,104.43645457455708,,,
2022-06-03,0.2544642857142857,83.20675965283749,,,
2022-06-04,0.25,146.11744191629094,,,
2022-06-05,0.24553571428571427,75.25881233135053,,,
2022-06-06,0.24107142857142855,127.97234521536916,,,
2022-06-07,0.23660714285714285,381.10271898300647,,,
2022-06-08,0.23214285714285712,435.8351764221656,,,
2022-06-09,0.22767857142857142,702.0908641167775,,,
2022-06-10,0.2232142857142857,896.1594683209488,,,
2022-06-11,0.21875,348.46025485589576,,,
2022-06-12,0.21428571428571427,208.0940517391276,,,
2022-06-13,0.20982142857142855,245.92646802393912,,,
2022-06-14,0.20535714285714285,152.2391729724697,,,
2022-06-15,0.20089285714285715,119.48549508112238,,,
2022-06-16,0.19642857142857142,120.89026022483289,,,
2022-06-17,0.1919642857142857,123.3537571540908,,,
2022-06-18,0.1875,120.31539429443318,,,
2022-06-19,0.18303571428571427,170.26979634101457,,,
2022-06-20,0.17857142857142855,147.99560256738172,,,
2022-06-21,0.17410714285714285,133.02369971046045,,,
2022-06-22,0.16964285714285715,114.9542822001624,917.80128,7.299996480000001,108.90028800000002
2022-06-23,0.16517857142857142,126.38968380007186,918.0000000000001,6.9999984,108.99964800000001
2022-06-24,0.1607142857142857,102.65002821160216,,,
2022-06-25,0.15625,150.8514489270862,,,
2022-06-26,0.15178571428571427,131.3960685878215,,,
2022-06-27,0.14732142857142858,103.5908800153964,,,
2022-06-28,0.14285714285714285,96.52223281214532,,,
2022-06-29,0.14285714285714285,118.75686592595252,,,
2022-06-30,0.14285714285714285,104.65739060245916,,,
2022-07-01,0.14285714285714285,137.4079451223635,,,
2022-07-02,0.14285714285714285,100.75164303135465,,,
2022-07-03,0.14285714285714285,93.67616447282488,,,
2022-07-04,0.14285714285714285,78.0585270041508,,,
2022-07-05,0.14285714285714285,318.19246494250524,,,
2022-07-06,0.14285714285714285,93.7366909085618,,,
2022-07-07,0.14285714285714285,98.863456875895,,,
2022-07-08,0.14285714285714285,128.62019052112532,,,
2022-07-09,0.14285714285714285,104.01284646536077,,,
2022-07-10,0.14285714285714285,95.39742239248882,,,
2022-07-11,0.14285714285714285,135.50021567822398,,,
2022-07-12,0.14285714285714285,191.1741101528758,,,
2022-07-13,0.14285714285714285,85.74502216505434,,,
2022-07-14,0.14285714285714285,111.37198015607552,,,
2022-07-15,0.14285714285714285,109.8207863656676,,,
2022-07-16,0.14285714285714285,99.2731960565319,,,
2022-07-17,0.14285714285714285,86.90598951409125,,,
2022-07-18,0.14285714285714285,97.93338293886583,,,
2022-07-19,0.14285714285714285,107.69218645848724,,,
2022-07-20,0.14285714285714285,106.77766639685052,,,
2022-07-21,0.14285714285714285,89.90903891554697,,,
2022-07-22,0.14285714285714285,106.92542360233809,1501.09632,4.399997760000001,170.399808
2022-07-23,0.14285714285714285,92.9155960300964,,,
2022-07-24,0.14285714285714285,127.66449658033096,,,
2022-07-25,0.14285714285714285,368.1295294317976,,,
2022-07-26,0.14285714285714285,1590.6730954862496,,,
2022-07-27,0.14285714285714285,90.57887472932433,,,
2022-07-28,0.14285714285714285,82.70177301663891,,,
2022-07-29,0.14285714285714285,85.50685263815377,,,
2022-07-30,0.14285714285714285,92.36075365220007,,,
2022-07-31,0.14285714285714285,91.69200756500388,,,
2022-08-01,0.14285714285714285,88.90158950334646,,,
2022-08-02,0.14285714285714285,67.37457600849145,,,
2022-08-03,0.14285714285714285,68.76927124481399,,,
2022-08-04,0.14285714285714285,82.99437789194938,,,
2022-08-05,0.14285714285714285,,,,
2022-08-06,0.14285714285714285,,,,
2022-08-07,0.14285714285714285,,,,
2022-08-08,0.14285714285714285,,,,
2022-08-09,0.14285714285714285,,,,
2022-08-10,0.14285714285714285,,,,
2022-08-11,0.14285714285714285,,1732.50144,3.8000016000000003,188.05996800000003
2022-08-12,0.14285714285714285,,,,
2022-08-13,0.14285714285714285,,,,
2022-08-14,0.14285714285714285,,,,
2022-08-15,0.14285714285714285,,,,
2022-08-16,0.14285714285714285,,,,
2022-08-17,0.14285714285714285,,,,
2022-08-18,0.14285714285714285,,,,
2022-08-19,0.14285714285714285,,,,
2022-08-20,0.14285714285714285,,,,
2022-08-21,0.14285714285714285,,,,
2022-08-22,0.14285714285714285,,,,
2022-08-23,0.14285714285714285,,,,
2022-08-24,0.14285714285714285,,,,
2022-08-25,0.14285714285714285,,,,
2022-08-26,0.14285714285714285,,,,
2022-08-27,0.2857142857142857,,,,
2022-08-28,0.28253968253968254,,,,
2022-08-29,0.27936507936507937,,,,
2022-08-30,0.27619047619047615,,,,
2022-08-31,0.273015873015873,,,,
2022-09-01,0.2698412698412698,,,,
2022-09-02,0.26666666666666666,,,,
2022-09-03,0.2634920634920635,,,,
2022-09-04,0.2603174603174603,,,,
2022-09-05,0.2571428571428571,,,,
2022-09-06,0.25396825396825395,,,,
2022-09-07,0.2507936507936508,,,,
2022-09-08,0.2476190476190476,,,,
2022-09-09,0.24444444444444444,,,,
2022-09-10,0.24126984126984125,,,,
2022-09-11,0.23809523809523808,,,,
2022-09-12,0.23492063492063492,,,,
2022-09-13,0.23174603174603173,,,,
2022-09-14,0.22857142857142856,,,,
2022-09-15,0.22539682539682537,,,,
2022-09-16,0.2222222222222222,,,,
2022-09-17,0.21904761904761905,,,,
2022-09-18,0.21587301587301586,162.4825764452903,,,
2022-09-19,0.21269841269841266,153.34202125788394,,,
2022-09-20,0.2095238095238095,,,,
2022-09-21,0.20634920634920634,,,,
2022-09-22,0.20317460317460317,,,,
2022-09-23,0.19999999999999998,,,,
2022-09-24,0.1968253968253968,,,,
2022-09-25,0.19365079365079363,,,,
2022-09-26,0.19047619047619047,,,,
2022-09-27,0.1873015873015873,,,,
2022-09-28,0.1841269841269841,,,,
2022-09-29,0.18095238095238092,,,,
2022-09-30,0.17777777777777776,,,,
2022-10-01,0.1746031746031746,,,,
2022-10-02,0.17142857142857143,,,,
2022-10-03,0.16825396825396824,,,,
2022-10-04,0.16507936507936505,,,,
2022-10-05,0.16190476190476188,,,,
2022-10-06,0.15873015873015872,,,,217.11974400000003
2022-10-07,0.15555555555555553,,,,
2022-10-08,0.15238095238095237,,,,
2022-10-09,0.1492063492063492,,,,
2022-10-10,0.146031746031746,,,,
2022-10-11,0.14285714285714285,,,,
2022-10-12,0.2857142857142857,,,,
2022-10-13,0.28273809523809523,,,,
2022-10-14,0.27976190476190477,,,,
2022-10-15,0.27678571428571425,,,,
2022-10-16,0.2738095238095238,,,,
2022-10-17,0.2708333333333333,,,,
2022-10-18,0.26785714285714285,,,,
2022-10-19,0.2648809523809524,,,,
2022-10-20,0.26190476190476186,,,,
2022-10-21,0.2589285714285714,,,,
2022-10-22,0.25595238095238093,,,,
2022-10-23,0.25297619047619047,,,,
2022-10-24,0.25,,,,
2022-10-25,0.2470238095238095,,,,
2022-10-26,0.24404761904761904,,,,
2022-10-27,0.24107142857142855,,,,
2022-10-28,0.23809523809523808,,,,
2022-10-29,0.23511904761904762,,,,
2022-10-30,0.23214285714285712,,,,
2022-10-31,0.22916666666666666,,,,
2022-11-01,0.22619047619047616,,,,
2022-11-02,0.2232142857142857,,,,
2022-11-03,0.22023809523809523,,,,
2022-11-04,0.21726190476190477,,,,
2022-11-05,0.21428571428571427,,,,
2022-11-06,0.21130952380952378,,,,
2022-11-07,0.20833333333333331,,,,
2022-11-08,0.20535714285714285,,,,
2022-11-09,0.20238095238095238,,,,
2022-11-10,0.1994047619047619,,,,
2022-11-11,0.19642857142857142,,,,
2022-11-12,0.19345238095238093,,,,
2022-11-13,0.19047619047619047,,,,
2022-11-14,0.1875,,,,
2022-11-15,0.1845238095238095,,,,
2022-11-16,0.18154761904761904,,,,
2022-11-17,0.17857142857142855,,,,
2022-11-18,0.17559523809523808,,,,
2022-11-19,0.17261904761904762,,,,
2022-11-20,0.16964285714285715,,,,
2022-11-21,0.16666666666666666,,,,
2022-11-22,0.16369047619047616,,,,
2022-11-23,0.1607142857142857,,,,
2022-11-24,0.15773809523809523,,,,
2022-11-25,0.15476190476190477,,,,
2022-11-26,0.15178571428571427,,,,
2022-11-27,0.1488095238095238,,,,
2022-11-28,0.14583333333333331,,,,
2022-11-29,0.14285714285714285,,,,
2022-11-30,0.14285714285714285,,,,
2022-12-01,0.14285714285714285,,,,
2022-12-02,0.14285714285714285,,,,
2022-12-03,0.14285714285714285,,,,
2022-12-04,0.14285714285714285,183.689951039886,,,
2022-12-05,0.14285714285714285,,,,
2022-12-06,0.14285714285714285,,787.0003200000001,4.00000032,237.000384
2022-12-07,0.14285714285714285,,,,
2022-12-08,0.14285714285714285,,,,
2022-12-09,0.14285714285714285,,,,
2022-12-10,0.14285714285714285,,,,
2022-12-11,0.14285714285714285,,,,
2022-12-12,0.14285714285714285,,,,
2022-12-13,0.14285714285714285,,,,
2022-12-14,0.14285714285714285,,,,
2022-12-15,0.14285714285714285,,,,
2022-12-16,0.14285714285714285,,,,
2022-12-17,0.14285714285714285,,,,
2022-12-18,0.14285714285714285,,,,
2022-12-19,0.14285714285714285,,,,
2022-12-20,0.14285714285714285,,,,
2022-12-21,0.14285714285714285,,,,
2022-12-22,0.14285714285714285,,,,
2022-12-23,0.14285714285714285,,,,
2022-12-24,0.14285714285714285,,,,
2022-12-25,0.14285714285714285,,,,
2022-12-26,0.14285714285714285,,,,
2022-12-27,0.14285714285714285,,,,
2022-12-28,0.14285714285714285,,,,
2022-12-29,0.14285714285714285,,,,
2022-12-30,0.14285714285714285,,,,
2022-12-31,0.14285714285714285,,,,
2023-01-01,0.14285714285714285,,,,
2023-01-02,0.14285714285714285,,,,
2023-01-03,0.14285714285714285,,,,
2023-01-04,0.14285714285714285,,,,
2023-01-05,0.14285714285714285,,,,
2023-01-06,0.14285714285714285,,,,
2023-01-07,0.14285714285714285,,,,
2023-01-08,0.14285714285714285,,,,
2023-01-09,0.14285714285714285,,,,
2023-01-10,0.14285714285714285,,,,
2023-01-11,0.14285714285714285,,,,
2023-01-12,0.14285714285714285,,,,
2023-01-13,0.14285714285714285,,,,
2023-01-14,0.14285714285714285,,,,
2023-01-15,0.14285714285714285,,704.999808,1.0000022400000002,
2023-01-16,0.14285714285714285,,,,
2023-01-17,0.14285714285714285,,,,
2023-01-18,0.14285714285714285,,,,
2023-01-19,0.14285714285714285,,,,
2023-01-20,0.14285714285714285,,,,
2023-01-21,0.14285714285714285,,,,
2023-01-22,0.14285714285714285,,,,
2023-01-23,0.14285714285714285,,,,
2023-01-24,0.14285714285714285,,,,
2023-01-25,0.14285714285714285,,,,
2023-01-26,0.14285714285714285,,,,
2023-01-27,0.14285714285714285,,,,
2023-01-28,0.14285714285714285,,,,
2023-01-29,0.14285714285714285,,,,
2023-01-30,0.14285714285714285,,,,
2023-01-31,0.14285714285714285,,,,
2023-02-01,0.14285714285714285,,,,
2023-02-02,0.14285714285714285,,,,
2023-02-03,0.1461038961038961,,,,
2023-02-04,0.14935064935064934,,,,
2023-02-05,0.1525974025974026,,,,
2023-02-06,0.15584415584415584,,,,
2023-02-07,0.1590909090909091,,1282.9968000000001,1.69999776,
2023-02-08,0.16233766233766234,,,,
2023-02-09,0.16558441558441558,,,,
2023-02-10,0.16883116883116883,,,,
2023-02-11,0.17207792207792208,,,,
2023-02-12,0.17532467532467533,,,,
2023-02-13,0.17857142857142855,,,,
2023-02-14,0.18181818181818182,,,,
2023-02-15,0.18506493506493504,,,,
2023-02-16,0.1883116883116883,,,,
2023-02-17,0.19155844155844154,,,,
2023-02-18,0.1948051948051948,,,,
2023-02-19,0.19805194805194803,,,,
2023-02-20,0.20129870129870128,,,,
2023-02-21,0.20454545454545453,,,,
2023-02-22,0.20779220779220778,,,,
2023-02-23,0.21103896103896103,,,,
2023-02-24,0.21428571428571427,,,,
2023-02-25,0.2857142857142857,,,,
2023-02-26,0.3571428571428571,,,,
2023-02-27,0.42857142857142855,,,,
2023-02-28,0.4232142857142857,,,,
2023-03-01,0.4178571428571428,,,,
2023-03-02,0.4125,,,,
2023-03-03,0.40714285714285714,,,,
2023-03-04,0.40178571428571425,,,,
2023-03-05,0.3964285714285714,,,,
2023-03-06,0.39107142857142857,,,,
2023-03-07,0.3857142857142857,,,,
2023-03-08,0.38035714285714284,,,,
2023-03-09,0.375,,1601.0006400000002,1.49999904,
2023-03-10,0.3696428571428571,,,,
2023-03-11,0.36428571428571427,,,,
2023-03-12,0.3589285714285714,,,,
2023-03-13,0.35357142857142854,,,,
2023-03-14,0.3482142857142857,,,,
2023-03-15,0.34285714285714286,,,,
2023-03-16,0.33749999999999997,,,,
2023-03-17,0.33214285714285713,,,,
2023-03-18,0.32678571428571423,,,,
2023-03-19,0.3214285714285714,,,,
2023-03-20,0.31607142857142856,,,,
2023-03-21,0.3107142857142857,,,,
2023-03-22,0.3053571428571428,,,,
2023-03-23,0.3,,,,
2023-03-24,0.2946428571428571,,,,
2023-03-25,0.28928571428571426,,,,
2023-03-26,0.2839285714285714,,,,
2023-03-27,0.2785714285714286,,,,
2023-03-28,0.2732142857142857,,,,
2023-03-29,0.2678571428571428,,,,
2023-03-30,0.26249999999999996,,,,
2023-03-31,0.2571428571428571,,,,
2023-04-01,0.2517857142857143,,,,
2023-04-02,0.2464285714285714,,,,
2023-04-03,0.24107142857142855,,,,
2023-04-04,0.23571428571428568,,,,
2023-04-05,0.23035714285714284,,,,
2023-04-06,0.22499999999999998,,,,
2023-04-07,0.2196428571428571,,,,
2023-04-08,0.21428571428571427,,,,
2023-04-09,0.5714285714285715,,,,
2023-04-10,0.5459183673469389,,,,
2023-04-11,0.5204081632653061,,,,
2023-04-12,0.4948979591836735,,,,
2023-04-13,0.4693877551020409,,,,
2023-04-14,0.4438775510204082,,,,
2023-04-15,0.41836734693877553,,,,
2023-04-16,0.3928571428571429,,,,
2023-04-17,0.3673469387755103,,,,
2023-04-18,0.3418367346938776,,,,
2023-04-19,0.3163265306122449,,,,
2023-04-20,0.2908163265306123,,,,
2023-04-21,0.2653061224489796,,,,
2023-04-22,0.23979591836734698,,,,
2023-04-23,0.21428571428571427,,,,
2023-04-24,0.21262458471760795,,,,
2023-04-25,0.21096345514950166,,,,
2023-04-26,0.20930232558139533,,1273.00032,1.30000032,
2023-04-27,0.20764119601328904,,,,
2023-04-28,0.2059800664451827,,,,
2023-04-29,0.2043189368770764,,,,
2023-04-30,0.2026578073089701,,,,
2023-05-01,0.20099667774086377,,,,
2023-05-02,0.19933554817275748,,,,
2023-05-03,0.19767441860465115,,,,
2023-05-04,0.19601328903654483,,,,
2023-05-05,0.19435215946843853,,,,
2023-05-06,0.1926910299003322,,,,
2023-05-07,0.19102990033222592,,,,
2023-05-08,0.1893687707641196,,,,
2023-05-09,0.18770764119601327,,,,
2023-05-10,0.18604651162790697,,,,
2023-05-11,0.18438538205980065,,,,
2023-05-12,0.18272425249169433,,,,
2023-05-13,0.18106312292358803,,,,
2023-05-14,0.1794019933554817,,,,
2023-05-15,0.1777408637873754,,,,
2023-05-16,0.1760797342192691,,,,
2023-05-17,0.17441860465116277,,,,
2023-05-18,0.17275747508305647,,,,
2023-05-19,0.17109634551495015,,,,
2023-05-20,0.16943521594684385,,,,
2023-05-21,0.16777408637873753,,,,
2023-05-22,0.1661129568106312,,,,
2023-05-23,0.1644518272425249,,,,
2023-05-24,0.1627906976744186,,,,
2023-05-25,0.1611295681063123,,,,
2023-05-26,0.15946843853820597,,,,
2023-05-27,0.15780730897009965,,,,
2023-05-28,0.15614617940199335,,,,
2023-05-29,0.15448504983388703,,,,
2023-05-30,0.15282392026578073,,,,
2023-05-31,0.1511627906976744,,,,
2023-06-01,0.1495016611295681,,,,
2023-06-02,0.1478405315614618,,,,
2023-06-03,0.1461794019933555,,,,
2023-06-04,0.14451827242524917,,,,
2023-06-05,0.14285714285714285,,,,
2023-06-06,0.19999999999999998,,,,
2023-06-07,0.2571428571428571,,,,
2023-06-08,0.3142857142857143,,,,
2023-06-09,0.37142857142857144,,,,
2023-06-10,0.42857142857142855,,,,
2023-06-11,0.7142857142857143,,,,
2023-06-12,0.8571428571428571,,916.9977600000001,0.7000041600000001,
2023-06-13,0.8354978354978354,,,,
2023-06-14,0.8138528138528138,,,,
2023-06-15,0.7922077922077921,,,,
2023-06-16,0.7705627705627706,,,,
2023-06-17,0.7489177489177489,,,,
2023-06-18,0.7272727272727273,,,,
2023-06-19,0.7056277056277056,,,,
2023-06-20,0.6839826839826839,,,,
2023-06-21,0.6623376623376623,,,,
2023-06-22,0.6406926406926408,,,,
2023-06-23,0.6190476190476191,,,,
2023-06-24,0.5974025974025974,,,,
2023-06-25,0.5757575757575757,,,,
2023-06-26,0.5541125541125541,,,,
2023-06-27,0.5324675324675325,,,,
2023-06-28,0.5108225108225108,,,,
2023-06-29,0.4891774891774892,,,,
2023-06-30,0.4675324675324676,,,,
2023-07-01,0.44588744588744594,,,,
2023-07-02,0.4242424242424243,,,,
2023-07-03,0.4025974025974026,,,,
2023-07-04,0.380952380952381,,,,
2023-07-05,0.35930735930735935,,,,
2023-07-06,0.33766233766233766,,,,
2023-07-07,0.3160173160173161,,,,
2023-07-08,0.2943722943722944,,,,
2023-07-09,0.2727272727272728,,,,
2023-07-10,0.25108225108225113,,,,
2023-07-11,0.22943722943722955,,,,
2023-07-12,0.20779220779220786,,,,
2023-07-13,0.18614718614718628,,,,
2023-07-14,0.1645021645021646,,,,
2023-07-15,0.14285714285714285,,,,
2023-07-16,0.24999999999999997,,,,
2023-07-17,0.3571428571428571,,1817.0006400000002,,
2023-07-18,0.34374999999999994,,,,
2023-07-19,0.3303571428571428,,,,
2023-07-20,0.3169642857142857,,,,
2023-07-21,0.30357142857142855,,,,
2023-07-22,0.2901785714285714,,,,
2023-07-23,0.27678571428571425,,,,
2023-07-24,0.2633928571428571,,,,
2023-07-25,0.24999999999999997,,,,
2023-07-26,0.23660714285714285,,,,
2023-07-27,0.2232142857142857,,,,
2023-07-28,0.20982142857142855,,,,
2023-07-29,0.1964285714285714,,,,
2023-07-30,0.18303571428571427,,,,
2023-07-31,0.16964285714285712,,,,
2023-08-01,0.15625,,,,
2023-08-02,0.14285714285714285,,,,
2023-08-03,0.14285714285714285,,,,
2023-08-04,0.14285714285714285,,,,
2023-08-05,0.14285714285714285,,,,
2023-08-06,0.14285714285714285,,,,
2023-08-07,0.14285714285714285,,,,
2023-08-08,0.14285714285714285,,,,
2023-08-09,0.14285714285714285,,,,
2023-08-10,0.14285714285714285,,,,
2023-08-11,0.14285714285714285,,,,
2023-08-12,0.14285714285714285,,,,
2023-08-13,0.14285714285714285,,,,
2023-08-14,0.14285714285714285,,,,
2023-08-15,0.14285714285714285,,,,
2023-08-16,0.14285714285714285,,,,
2023-08-17,0.14285714285714285,,,,
2023-08-18,0.14285714285714285,,,,
2023-08-19,0.14285714285714285,,,,
2023-08-20,0.14285714285714285,,,,
2023-08-21,0.14285714285714285,,,,
2023-08-22,0.14285714285714285,,,,
2023-08-23,0.14285714285714285,,,,
2023-08-24,0.14285714285714285,,,,
2023-08-25,0.14285714285714285,,,,
2023-08-26,0.14285714285714285,,,,
2023-08-27,0.14285714285714285,,,,
2023-08-28,0.14285714285714285,,,,
2023-08-29,0.14285714285714285,,,,
2023-08-30,0.14285714285714285,,,,
2023-08-31,0.14285714285714285,,,,
2023-09-01,0.14285714285714285,,,,
2023-09-02,0.14285714285714285,,,,
2023-09-03,0.14285714285714285,,,,
2023-09-04,0.14285714285714285,,,,
2023-09-05,0.14285714285714285,,,,
2023-09-06,0.14285714285714285,,,,
2023-09-07,0.14285714285714285,,,,
2023-09-08,0.14285714285714285,,,,
2023-09-09,0.14285714285714285,,,,
2023-09-10,0.14285714285714285,,,,
2023-09-11,0.14285714285714285,,,,
2023-09-12,0.14285714285714285,,,,
2023-09-13,0.14285714285714285,,1792.9987200000003,,
2023-09-14,0.14285714285714285,,,,
2023-09-15,0.14285714285714285,,,,
2023-09-16,0.14285714285714285,,,,
2023-09-17,0.14285714285714285,,,,
2023-09-18,0.14285714285714285,,,,
2023-09-19,0.14285714285714285,,,,
2023-09-20,0.14285714285714285,,,,
2023-09-21,0.14285714285714285,,,,
2023-09-22,0.14285714285714285,,,,
2023-09-23,0.14285714285714285,,,,
2023-09-24,0.14285714285714285,,,,
2023-09-25,0.14285714285714285,,,,
2023-09-26,0.14285714285714285,,,,
2023-09-27,0.14285714285714285,,,,
2023-09-28,0.14285714285714285,,,,
2023-09-29,0.14285714285714285,,,,
2023-09-30,0.14285714285714285,,,,
2023-10-01,0.14285714285714285,,,,
2023-10-02,0.14285714285714285,,,,
2023-10-03,0.14285714285714285,,,,
2023-10-04,0.14285714285714285,,,,
2023-10-05,0.14285714285714285,,,,
2023-10-06,0.14285714285714285,,,,
2023-10-07,0.14285714285714285,,,,
2023-10-08,0.14285714285714285,,,,
2023-10-09,0.14285714285714285,,,,
2023-10-10,0.14285714285714285,,,,
2023-10-11,0.14285714285714285,,,,
2023-10-12,0.14285714285714285,,,,
2023-10-13,0.14285714285714285,,,,
2023-10-14,0.14285714285714285,,,,
2023-10-15,0.14285714285714285,,,,
2023-10-16,0.14285714285714285,,,,
2023-10-17,0.14285714285714285,,,,
2023-10-18,0.14285714285714285,,,,
2023-10-19,0.14285714285714285,,,,
2023-10-20,0.14285714285714285,,,,
2023-10-21,0.14285714285714285,,,,
2023-10-22,0.14285714285714285,,,,
2023-10-23,0.14285714285714285,,,,
2023-10-24,0.14285714285714285,,,,
2023-10-25,0.14285714285714285,,,,
2023-10-26,0.14285714285714285,,,,
2023-10-27,0.14285714285714285,,,,
2023-10-28,0.14285714285714285,,,,
2023-10-29,0.14285714285714285,,,,
2023-10-30,0.14285714285714285,,,,
2023-10-31,0.14285714285714285,,,,
2023-11-01,0.14285714285714285,,,,
2023-11-02,0.14285714285714285,,,,
2023-11-03,0.14285714285714285,,,,
2023-11-04,0.14285714285714285,,,,
2023-11-05,0.14285714285714285,,,,
2023-11-06,0.14285714285714285,,,,
2023-11-07,0.14285714285714285,,,,
2023-11-08,0.14285714285714285,,,,
2023-11-09,0.14285714285714285,,449.28000000000003,,103.000032
2023-11-10,0.17857142857142855,,,,
2023-11-11,0.21428571428571425,,,,
2023-11-12,0.24999999999999997,,,,
2023-11-13,0.2857142857142857,,,,
2023-11-14,0.3214285714285714,,,,
2023-11-15,0.3571428571428571,,,,
2023-11-16,0.37499999999999994,,,,
2023-11-17,0.3928571428571428,,,,
2023-11-18,0.4107142857142857,,,,
2023-11-19,0.42857142857142855,,,,
2023-11-20,0.42084942084942084,,,,
2023-11-21,0.4131274131274131,,,,
2023-11-22,0.4054054054054054,,,,
2023-11-23,0.39768339768339767,,,,
2023-11-24,0.38996138996138996,,,,
2023-11-25,0.3822393822393822,,,,
2023-11-26,0.3745173745173745,,,,
2023-11-27,0.3667953667953668,,,,
2023-11-28,0.359073359073359,,,,
2023-11-29,0.3513513513513513,,,,
2023-11-30,0.3436293436293436,,,,
2023-12-01,0.3359073359073359,,,,
2023-12-02,0.3281853281853282,,,,
2023-12-03,0.32046332046332043,,,,
2023-12-04,0.3127413127413127,,,,
2023-12-05,0.305019305019305,,,,
2023-12-06,0.29729729729729726,,,,
2023-12-07,0.28957528957528955,,,,
2023-12-08,0.28185328185328185,,,,
2023-12-09,0.27413127413127414,,,,
2023-12-10,0.26640926640926643,,,,
2023-12-11,0.25868725868725867,,,,
2023-12-12,0.25096525096525096,,,,
2023-12-13,0.24324324324324323,,,,
2023-12-14,0.23552123552123552,,,,
2023-12-15,0.2277992277992278,,,,
2023-12-16,0.22007722007722008,,,,
2023-12-17,0.21235521235521235,,,,
2023-12-18,0.20463320463320464,,,,
2023-12-19,0.1969111969111969,,,,
2023-12-20,0.1891891891891892,,,,
2023-12-21,0.18146718146718147,,,,
2023-12-22,0.17374517374517373,,,,
2023-12-23,0.16602316602316602,,,,
2023-12-24,0.15830115830115832,,,,
2023-12-25,0.15057915057915056,,,,
2023-12-26,0.14285714285714285,,,,
2023-12-27,0.3571428571428571,,,,
2023-12-28,0.5714285714285714,,,,
2023-12-29,0.6428571428571428,,,,
2023-12-30,0.7142857142857143,,,,
2023-12-31,0.6285714285714286,,,,
2024-01-01,0.5428571428571429,,,,
2024-01-02,0.4571428571428572,,,,
2024-01-03,0.37142857142857144,,,,
2024-01-04,0.2857142857142857,,,,
2024-01-05,0.2755102040816326,,,,
2024-01-06,0.26530612244897955,,,,
2024-01-07,0.25510204081632654,,,,
2024-01-08,0.24489795918367346,,,,
2024-01-09,0.2346938775510204,,,,
2024-01-10,0.22448979591836732,,,,
2024-01-11,0.21428571428571427,,,,
2024-01-12,0.20408163265306123,,,,
2024-01-13,0.19387755102040816,,,,
2024-01-14,0.18367346938775508,,,,
2024-01-15,0.17346938775510204,,,,
2024-01-16,0.16326530612244897,,,,
2024-01-17,0.15306122448979592,,,,
2024-01-18,0.14285714285714285,,,,
2024-01-19,0.2857142857142857,,,,
2024-01-20,0.2815126050420168,,,,
2024-01-21,0.27731092436974786,,,,
2024-01-22,0.27310924369747897,,,,
2024-01-23,0.2689075630252101,,1114.5600000000002,20.736,397.44
2024-01-24,0.2647058823529412,,,,
2024-01-25,0.26050420168067223,,,,
2024-01-26,0.25630252100840334,,,,
2024-01-27,0.25210084033613445,,,,
2024-01-28,0.24789915966386553,,,,
2024-01-29,0.24369747899159663,,,,
2024-01-30,0.2394957983193277,,,,
2024-01-31,0.23529411764705882,,,,
2024-02-01,0.2310924369747899,,,,
2024-02-02,0.22689075630252098,,,,
2024-02-03,0.2226890756302521,,,,
2024-02-04,0.2184873949579832,,,,
2024-02-05,0.21428571428571427,,,,
2024-02-06,0.21088435374149658,,,,
2024-02-07,0.2074829931972789,,,,
2024-02-08,0.2040816326530612,,,,
2024-02-09,0.20068027210884354,,,,
2024-02-10,0.19727891156462585,,,,
2024-02-11,0.19387755102040816,,,,
2024-02-12,0.19047619047619047,,,,
2024-02-13,0.18707482993197277,,,,
2024-02-14,0.18367346938775508,,,,
2024-02-15,0.1802721088435374,,,,
2024-02-16,0.1768707482993197,,,,
2024-02-17,0.17346938775510204,,,,
2024-02-18,0.17006802721088435,,,,
2024-02-19,0.16666666666666666,,,,
2024-02-20,0.16326530612244897,,,,
2024-02-21,0.15986394557823128,,,,
2024-02-22,0.1564625850340136,,,,
2024-02-23,0.15306122448979592,,,,
2024-02-24,0.14965986394557823,,,,
2024-02-25,0.14625850340136054,,,,
2024-02-26,0.14285714285714285,,,,
2024-02-27,0.2857142857142857,,,,
2024-02-28,0.2714285714285714,,,,
2024-02-29,0.2571428571428571,,1054.08,25.056,345.6
2024-03-01,0.24285714285714283,,,,
2024-03-02,0.22857142857142856,,,,
2024-03-03,0.21428571428571427,,,,
2024-03-04,0.19999999999999998,,,,
2024-03-05,0.18571428571428572,,,,
2024-03-06,0.17142857142857143,,,,
2024-03-07,0.15714285714285714,,,,
2024-03-08,0.14285714285714285,,,,
2024-03-09,0.2857142857142857,,,,
2024-03-10,0.42857142857142855,,,,
2024-03-11,0.39999999999999997,,,,
2024-03-12,0.3714285714285714,,,,
2024-03-13,0.34285714285714286,,,,
2024-03-14,0.3142857142857143,,,,
2024-03-15,0.2857142857142857,,,,
2024-03-16,0.2571428571428571,,,,
2024-03-17,0.22857142857142856,,,,
2024-03-18,0.19999999999999998,,,,
2024-03-19,0.17142857142857143,,,,
2024-03-20,0.14285714285714285,,,,
2024-03-21,0.2857142857142857,,,,
2024-03-22,0.2755102040816326,,,,
2024-03-23,0.26530612244897955,,,,
2024-03-24,0.25510204081632654,,,,
2024-03-25,0.24489795918367346,,,,
2024-03-26,0.2346938775510204,,1373.7600000000002,19.008000000000003,423.36000000000007
2024-03-27,0.22448979591836732,,,,
2024-03-28,0.21428571428571427,,,,
2024-03-29,0.20408163265306123,,,,
2024-03-30,0.19387755102040816,,,,
2024-03-31,0.18367346938775508,,,,
2024-04-01,0.17346938775510204,,,,
2024-04-02,0.16326530612244897,,,,
2024-04-03,0.15306122448979592,,,,
2024-04-04,0.14285714285714285,,,,
2024-04-05,0.14285714285714285,,,,
2024-04-06,0.14285714285714285,,,,
2024-04-07,0.14285714285714285,,,,
2024-04-08,0.14285714285714285,,,,
2024-04-09,0.14285714285714285,,,,
2024-04-10,0.14285714285714285,,,,
2024-04-11,0.14285714285714285,,,,
2024-04-12,0.14285714285714285,,,,
2024-04-13,0.17142857142857143,,,,
2024-04-14,0.19999999999999998,,,,
2024-04-15,0.22857142857142856,,,,
2024-04-16,0.2571428571428571,,,,
2024-04-17,0.2857142857142857,,,,
2024-04-18,0.2792207792207792,,,,
2024-04-19,0.2727272727272727,,,,
2024-04-20,0.2662337662337662,,,,
2024-04-21,0.2597402597402597,,,,
2024-04-22,0.2532467532467532,,,,
2024-04-23,0.24675324675324672,,,,
2024-04-24,0.24025974025974026,,,,
2024-04-25,0.23376623376623376,,,,
2024-04-26,0.22727272727272727,,,,
2024-04-27,0.22077922077922077,,,,
2024-04-28,0.21428571428571427,,,,
2024-04-29,0.20779220779220778,,,,
2024-04-30,0.20129870129870128,,1434.2400000000002,12.096000000000002,483.84
2024-05-01,0.19480519480519481,,,,
2024-05-02,0.18831168831168832,,,,
2024-05-03,0.18181818181818182,,,,
2024-05-04,0.17532467532467533,,,,
2024-05-05,0.16883116883116883,,,,
2024-05-06,0.16233766233766234,,,,
2024-05-07,0.15584415584415584,,,,
2024-05-08,0.14935064935064934,,,,
2024-05-09,0.14285714285714285,,,,
2024-05-10,0.21428571428571427,,,,
2024-05-11,0.2857142857142857,,,,
2024-05-12,0.2857142857142857,,,,
2024-05-13,0.2857142857142857,,,,
2024-05-14,0.2857142857142857,,,,
2024-05-15,0.2857142857142857,,,,
2024-05-16,0.2857142857142857,,,,
2024-05-17,0.2857142857142857,,,,
2024-05-18,0.2857142857142857,,,,
2024-05-19,0.3142857142857143,,,,
2024-05-20,0.34285714285714286,,,,
2024-05-21,0.37142857142857144,,,,
2024-05-22,0.39999999999999997,,,,
2024-05-23,0.42857142857142855,,,,
2024-05-24,0.7142857142857143,,,,
2024-05-25,0.6992481203007519,,,,
2024-05-26,0.6842105263157895,,1935.36,43.2,1105.92
2024-05-27,0.6691729323308271,,,,
2024-05-28,0.6541353383458647,,,,
2024-05-29,0.6390977443609023,,,,
2024-05-30,0.6240601503759399,,,,
2024-05-31,0.6090225563909775,,2609.28,50.112,1797.1200000000001
2024-06-01,0.5939849624060151,,,,
2024-06-02,0.5789473684210527,,,,
2024-06-03,0.5639097744360902,,,,
2024-06-04,0.5488721804511278,,,,
2024-06-05,0.5338345864661654,,,,
2024-06-06,0.518796992481203,,,,
2024-06-07,0.5037593984962406,,,,
2024-06-08,0.4887218045112782,,,,
2024-06-09,0.4736842105263158,,,,
2024-06-10,0.4586466165413534,,1969.9200000000003,29.376000000000005,1157.7600000000002
2024-06-11,0.443609022556391,,,,
2024-06-12,0.4285714285714286,,,,
2024-06-13,0.4135338345864662,,,,
2024-06-14,0.3984962406015038,,,,
2024-06-15,0.3834586466165414,,,,
2024-06-16,0.368421052631579,,,,
2024-06-17,0.3533834586466166,,,,
2024-06-18,0.33834586466165417,,,,
2024-06-19,0.32330827067669177,,,,
2024-06-20,0.30827067669172936,,,,
2024-06-21,0.29323308270676696,,,,
2024-06-22,0.27819548872180455,,,,
2024-06-23,0.26315789473684215,,,,
2024-06-24,0.24812030075187974,,,,
2024-06-25,0.23308270676691734,,,,
2024-06-26,0.21804511278195493,,,,
2024-06-27,0.20300751879699253,,,,
2024-06-28,0.18796992481203012,,,,
2024-06-29,0.17293233082706772,,,,
2024-06-30,0.1578947368421053,,,,
2024-07-01,0.14285714285714285,,,,
2024-07-02,0.14285714285714285,,,,
2024-07-03,0.14285714285714285,,,,
2024-07-04,0.14285714285714285,,,,
2024-07-05,0.14285714285714285,,,,
2024-07-06,0.14285714285714285,,,,
2024-07-07,0.14285714285714285,,,,
2024-07-08,0.14285714285714285,,,,
2024-07-09,0.14285714285714285,,,,
2024-07-10,0.14285714285714285,,,,
2024-07-11,0.14285714285714285,,1382.4,16.416,993.6
2024-07-12,0.14285714285714285,,,,
2024-07-13,0.14285714285714285,,,,
2024-07-14,0.14285714285714285,,,,
2024-07-15,0.16666666666666666,,,,
2024-07-16,0.19047619047619047,,,,
2024-07-17,0.21428571428571427,,1494.7200000000003,12.096000000000002,432.0
2024-07-18,0.23809523809523808,,,,
2024-07-19,0.26190476190476186,,,,
2024-07-20,0.2857142857142857,,,,
2024-07-21,0.26785714285714285,,,,
2024-07-22,0.25,,,,
2024-07-23,0.23214285714285712,,,,
2024-07-24,0.21428571428571427,,,,
2024-07-25,0.19642857142857142,,,,
2024-07-26,0.17857142857142855,,,,
2024-07-27,0.1607142857142857,,,,
2024-07-28,0.14285714285714285,,,,
2024-07-29,0.21428571428571427,,,,
2024-07-30,0.2857142857142857,,,,
2024-07-31,0.3571428571428571,,,,
2024-08-01,0.42857142857142855,,,,
2024-08-02,0.5714285714285714,,,,
2024-08-03,0.5178571428571428,,,,
2024-08-04,0.46428571428571425,,,,
2024-08-05,0.4107142857142857,,,,
2024-08-06,0.3571428571428571,,,,
2024-08-07,0.30357142857142855,,,,
2024-08-08,0.25,,,,
2024-08-09,0.1964285714285714,,,,
2024-08-10,0.14285714285714285,,,,
2024-08-11,0.15,,,,
2024-08-12,0.15714285714285714,,,,
2024-08-13,0.16428571428571428,,2583.36,31.968,2756.16
2024-08-14,0.17142857142857143,,,,
2024-08-15,0.17857142857142855,,,,
2024-08-16,0.18571428571428572,,,,
2024-08-17,0.19285714285714284,,,,
2024-08-18,0.19999999999999998,,,,
2024-08-19,0.20714285714285713,,,,
2024-08-20,0.21428571428571427,,,,
2024-08-21,0.2571428571428571,,,,
2024-08-22,0.3,,,,
2024-08-23,0.34285714285714286,,,,
2024-08-24,0.3857142857142857,,,,
2024-08-25,0.42857142857142855,,,,
2024-08-26,0.38095238095238093,,,,
2024-08-27,0.3333333333333333,,,,
2024-08-28,0.2857142857142857,,,,
2024-08-29,0.3214285714285714,,,,
2024-08-30,0.3571428571428571,,,,
2024-08-31,0.39285714285714285,,,,
2024-09-01,0.42857142857142855,,,,
2024-09-02,0.5,,,,
2024-09-03,0.5714285714285715,,,,
2024-09-04,0.5703819989534276,,,,
2024-09-05,0.5693354264782837,,,,
2024-09-06,0.5682888540031398,,,,
2024-09-07,0.5672422815279959,,,,
2024-09-08,0.566195709052852,,,,
2024-09-09,0.565149136577708,,,,
2024-09-10,0.5641025641025642,,,,
