pew,nstates,,mean_fit_time,std_fit_time,mean_score_time,std_score_time,param_clf__modelfile,param_discretize__bins,params,split0_test_average_precision,split1_test_average_precision,split2_test_average_precision,mean_test_average_precision,std_test_average_precision,rank_test_average_precision,split0_test_aic,split1_test_aic,split2_test_aic,mean_test_aic,std_test_aic,rank_test_aic,split0_test_log_loss,split1_test_log_loss,split2_test_log_loss,mean_test_log_loss,std_test_log_loss,rank_test_log_loss,split0_test_roc_auc,split1_test_roc_auc,split2_test_roc_auc,mean_test_roc_auc,std_test_roc_auc,rank_test_roc_auc,split0_test_mod_roc_auc,split1_test_mod_roc_auc,split2_test_mod_roc_auc,mean_test_mod_roc_auc,std_test_mod_roc_auc,rank_test_mod_roc_auc,split0_test_mod_roc_auc_no_pew,split1_test_mod_roc_auc_no_pew,split2_test_mod_roc_auc_no_pew,mean_test_mod_roc_auc_no_pew,std_test_mod_roc_auc_no_pew,rank_test_mod_roc_auc_no_pew
10,2,2,0.08475987116495769,0.01912445642638162,1.2789117495218914,0.4372838604030655,fully_connected_model_2_states.xdsl,"[0, 95, 100]","{'clf__modelfile': 'fully_connected_model_2_states.xdsl', 'discretize__bins': [0, 95, 100]}",0.10019946753479184,0.013501283395375097,0.018957011300884848,0.04421925407701726,0.03964660108027963,1,247.7051285049578,247.78500909153388,247.846747938613,247.7789618450349,0.057973803796019935,3,-0.14743574752110677,-0.10749545423305616,-0.07662603069349826,-0.11051907748255374,0.02898690189801482,3,0.8848699763593381,0.5767682263329706,0.7994660564454615,0.7537014197125901,0.12987808019779246,1,0.9347946427235294,0.7668845315904139,0.906483316319382,0.8693874968777751,0.07339630426761747,1,0.9623287671232876,0.7885747938751473,0.9403100775193799,0.8970712128392716,0.07724338318586434,1
10,2,1,0.07683300971984863,0.023707785412641923,1.359432061513265,0.5011976784380036,fully_connected_model_2_states.xdsl,"[0, 50, 100]","{'clf__modelfile': 'fully_connected_model_2_states.xdsl', 'discretize__bins': [0, 50, 100]}",0.07106802670999297,0.017564067524683157,0.006499303162758091,0.031710465799144744,0.028194212801383886,3,247.75435321990517,247.86954121455406,247.85716080297672,247.82701841247865,0.05163003845638654,2,-0.12282339004741245,-0.06522939272297415,-0.0714195985116396,-0.08649079376067541,0.02581501922819054,2,0.8401891252955083,0.686398258977149,0.3837528604118994,0.6367800815615189,0.18961362226514158,2,0.9090981171128512,0.8099128540305012,0.6509838067215117,0.789998259288288,0.10631146887019959,2,0.9550000000000001,0.8331381733021077,0.7220496894409938,0.8367292875810338,0.09513546087450812,2
10,2,0,0.07909099260965984,0.01973019181661245,1.3160796165466309,0.4762893224426744,fully_connected_model_2_states.xdsl,"[0, 5, 100]","{'clf__modelfile': 'fully_connected_model_2_states.xdsl', 'discretize__bins': [0, 5, 100]}",0.0430807123217519,0.04807692307692308,0.00759312733366786,0.032916920910780946,0.018022419765941485,2,247.77800577753888,247.88701598603785,247.90446056936605,247.85649411098095,0.05595469737061823,1,-0.11099711123056054,-0.056492006981067294,-0.04776971531697895,-0.07175294450953558,0.02797734868530919,1,0.6443262411347518,0.8922742110990207,0.33768115942028987,0.6247605372180208,0.2268339713239616,3,0.7770467286596319,0.732824427480916,0.6233011069076643,0.7110574210160707,0.06462600601308649,3,0.8221830985915494,0.7733026467203682,0.7147286821705426,0.7700714758274868,0.043927540724083586,3
10,3,0,0.09012134869893391,0.0251623006376274,1.2738684018452961,0.48067093323510257,fully_connected_model_3_states.xdsl,"[0, 5, 95, 100]","{'clf__modelfile': 'fully_connected_model_3_states.xdsl', 'discretize__bins': [0, 5, 95, 100]}",0.1054079754557112,0.013614880968549627,0.02635727932069086,0.04846004524831723,0.04060289189307271,1,1451.7572712079818,1451.807425408617,1451.8253517691712,1451.7966827952566,0.028813116334095727,2,-0.12136439600905853,-0.09628729569141262,-0.08732411541438324,-0.10165860237161813,0.014406558167044897,2,0.8950354609929079,0.5837867247007617,0.8528604118993135,0.7772275325309943,0.13786271744510076,1,0.9415212187911506,0.7690631808278867,0.9266898857062792,0.8790914284417721,0.07803697228453305,1,0.9607508532423208,0.7905882352941177,0.9472868217054263,0.8995419700806216,0.0772377596742789,1
10,3,1,0.09076436360677083,0.020258973771413134,1.3226017157236736,0.45218357962304545,fully_connected_model_3_states.xdsl,"[0, 33, 66, 100]","{'clf__modelfile': 'fully_connected_model_3_states.xdsl', 'discretize__bins': [0, 33, 66, 100]}",0.09708354808228174,0.014045023402210251,0.004375463453103707,0.03850134497919857,0.041611544773940704,2,1451.7371401756616,1451.866774214896,1451.8068354578418,1451.8035832827998,0.052972813869832304,1,-0.13142991216917949,-0.06661289255207026,-0.09658227107912848,-0.09820835860012607,0.02648640693488692,1,0.8891252955082742,0.5992383025027204,0.047520976353928254,0.5119615247883076,0.3490820194462144,2,0.9329955845750079,0.7780854316287387,0.5,0.7370270054012488,0.17913800981100553,2,0.9664429530201342,0.830546265328874,0.5,0.7656630727830027,0.19587347721040782,2
10,3,2,0.09529463450113933,0.018661398441682173,1.2702823479970295,0.4055891188648727,fully_connected_model_3_states.xdsl,"[0, 25, 75, 100]","{'clf__modelfile': 'fully_connected_model_3_states.xdsl', 'discretize__bins': [0, 25, 75, 100]}",0.01926648908934786,0.015715144885298668,0.004550493136432472,0.013177375703693,0.006270052553521708,3,1451.681560347615,1451.8458464593305,1451.822253190023,1451.7832199989896,0.07252665775350746,3,-0.15921982619245462,-0.07707677033472948,-0.08887340498849744,-0.10839000050522718,0.03626332887674144,3,0.35390070921985817,0.64069640914037,0.0954233409610984,0.3633401531071088,0.22270684325076998,3,0.6073072226918381,0.7500444840844599,0.5,0.6191172355920993,0.10242124880054328,3,0.6950354609929078,0.8427638737758434,0.5,0.679266444922917,0.14037631493552677,3
10,4,1,0.10353469848632812,0.02303527019307748,1.6573808193206787,0.6237437904512627,fully_connected_model_4_states.xdsl,"[0, 5, 50, 95, 100]","{'clf__modelfile': 'fully_connected_model_4_states.xdsl', 'discretize__bins': [0, 5, 50, 95, 100]}",0.107877249077229,0.015430666149763956,0.009648051667162115,0.04431865563138502,0.045004672040238655,1,5455.772252019706,5455.817698296346,5455.746392951433,5455.778781089161,0.029474108572857625,4,-0.11387399014711087,-0.09115085182712046,-0.12680352428355132,-0.11060945541926089,0.014737054286466477,4,0.9011820330969267,0.6411316648531011,0.5918382913806255,0.711383996443551,0.1357078484715882,1,0.9374930498450359,0.7805010893246187,0.7783182209411716,0.832104120036942,0.07452655510248839,1,0.9634551495016611,0.8018757327080891,0.8299689440993788,0.865099942103043,0.07048695977927552,1
10,4,2,0.10400390625,0.023201186147418076,1.640577793121338,0.6201354019123947,fully_connected_model_4_states.xdsl,"[0, 10, 50, 90, 100]","{'clf__modelfile': 'fully_connected_model_4_states.xdsl', 'discretize__bins': [0, 10, 50, 90, 100]}",0.043237794135401644,0.01853270557761523,0.0075316570625799245,0.023100718925198934,0.014930552917280291,4,5455.788490555107,5455.863856128639,5455.761593803472,5455.804646829073,0.04328328914221947,1,-0.1057547224465773,-0.06807193568067951,-0.11920309826394841,-0.09767658546373507,0.021641644571124777,1,0.7295508274231678,0.697170837867247,0.47383676582761247,0.6335194770393424,0.11368389544656107,2,0.7967959457005835,0.826797385620915,0.5711591532579651,0.7315841615264879,0.11409691511397965,3,0.863013698630137,0.8472222222222223,0.7722095671981777,0.827481829350179,0.039611529502869905,2
10,4,3,0.09157903989156087,0.019861497482542397,1.5513851642608643,0.5918500396733032,fully_connected_model_4_states.xdsl,"[0, 20, 50, 80, 100]","{'clf__modelfile': 'fully_connected_model_4_states.xdsl', 'discretize__bins': [0, 20, 50, 80, 100]}",0.05283343862874247,0.031574959397636534,0.004254490254624512,0.02955429609366784,0.01988367615951686,2,5455.761506894646,5455.877389358952,5455.742008558772,5455.793634937457,0.059755884594493866,3,-0.11924655267688439,-0.0613053205239412,-0.12899572061426107,-0.10318253127169556,0.029877942297249632,3,0.7848699763593381,0.8284004352557127,0.019755911517925294,0.5443421077109921,0.37136391239157424,3,0.8594890974280787,0.9030463292562185,0.5,0.7541784755614325,0.1806088428809303,2,0.9100346020761246,0.9362637362637363,0.5,0.782099446113287,0.19976163294140578,3
10,4,0,0.10236605008443196,0.025958088147407812,1.604777495066325,0.6185249882723571,fully_connected_model_4_states.xdsl,"[0, 25, 50, 75, 100]","{'clf__modelfile': 'fully_connected_model_4_states.xdsl', 'discretize__bins': [0, 25, 50, 75, 100]}",0.05876243570629697,0.010554984732601812,0.0042093655723864,0.024508928670428393,0.024359033626478243,3,5455.762723238297,5455.837723013985,5455.787550752731,5455.795999001672,0.031195846635017767,2,-0.11863838085136942,-0.08113849300739827,-0.10622462363490683,-0.10200049916455817,0.015597923317616197,2,0.8059101654846336,0.464417845484222,0.009000762776506455,0.42644292458178734,0.3264431752432222,4,0.9006857415659405,0.6967638660552047,0.5,0.6991498692070484,0.16358796946768908,4,0.9498269896193772,0.7675585284280936,0.5,0.7391285060158236,0.18473815664029172,4
10,5,1,0.12635294596354166,0.0253923441053167,2.254082679748535,0.8435183113662906,fully_connected_model_5_states.xdsl,"[0, 5, 20, 80, 95, 100]","{'clf__modelfile': 'fully_connected_model_5_states.xdsl', 'discretize__bins': [0, 5, 20, 80, 95, 100]}",0.07235345497992292,0.02643690353697465,0.004821582620540187,0.034537313712479256,0.028158491079951404,1,15619.7834797817,15619.880347086068,15619.793349904992,15619.819058924253,0.04352419953235938,1,-0.10826010914981019,-0.05982645696647096,-0.10332504750360814,-0.09047053787329644,0.02176209976589273,1,0.8432624113475178,0.794341675734494,0.14042715484363083,0.592677080641881,0.3204120327865584,1,0.8990103647584886,0.8893249079442458,0.5,0.7627784242342447,0.1858544721024126,1,0.9489795918367346,0.9364035087719298,0.5,0.7951277002028881,0.20874994456940996,1
10,5,2,0.13018393516540527,0.026523724355164164,2.2305777867635093,0.8166025692459072,fully_connected_model_5_states.xdsl,"[0, 5, 25, 75, 95, 100]","{'clf__modelfile': 'fully_connected_model_5_states.xdsl', 'discretize__bins': [0, 5, 25, 75, 95, 100]}",0.0673359053579081,0.014803386392354156,0.004276167688225216,0.028805153146162485,0.027582237435390004,2,15619.777861530847,15619.843908868748,15619.80543457238,15619.809068323992,0.02708586130612899,2,-0.11106923457647917,-0.07804556562607663,-0.09728271381046055,-0.09546583800433879,0.013542930652991328,2,0.8245862884160756,0.6088139281828074,0.027917620137299804,0.4871059455787276,0.33643212938762335,2,0.9042827533972785,0.7844884774018632,0.5,0.7295904102663805,0.16955133835121078,2,0.9484536082474226,0.8178770949720671,0.5,0.7554435677398299,0.1883279385885643,2
10,5,0,0.13248801231384277,0.035391843376313036,2.1982571283976235,0.8300161509106848,fully_connected_model_5_states.xdsl,"[0, 20, 40, 60, 80, 100]","{'clf__modelfile': 'fully_connected_model_5_states.xdsl', 'discretize__bins': [0, 20, 40, 60, 80, 100]}",0.03859542346434378,0.01968930781078103,0.0042031038571558165,0.020829278377426878,0.0140637254822553,3,15619.71913732447,15619.868940684728,15619.804866351948,15619.79764812038,0.06136958441214513,3,-0.14043133776561978,-0.06552965763639279,-0.09756682402630046,-0.10117593980943768,0.03068479220610026,3,0.6955082742316785,0.7232861806311208,0.007475209763539259,0.47542322154211286,0.3310834832451619,3,0.7715279852742583,0.8322566437216385,0.5,0.7012615429986323,0.14445679632528513,3,0.8425605536332179,0.8991228070175439,0.5,0.7472277868835873,0.17633492012360175,3
20,2,2,0.08922966321309407,0.018754590351068027,1.26517653465271,0.4367944785229276,fully_connected_model_2_states.xdsl,"[0, 95, 100]","{'clf__modelfile': 'fully_connected_model_2_states.xdsl', 'discretize__bins': [0, 95, 100]}",0.07071185060991467,0.02753231612446628,0.030154081610511863,0.04279941611496427,0.019766072163214885,3,247.18890313422526,247.71502114168254,247.7723268025969,247.55875035950157,0.26256581679856367,3,-0.40554843288737163,-0.14248942915872664,-0.11383659870154642,-0.2206248202492149,0.13128290839928417,3,0.6953995157384987,0.6246149614961496,0.7297655649500385,0.6832600140615623,0.04377737602462796,1,0.6051245776988117,0.7544052863436123,0.8611088810032275,0.7402129150152171,0.10498589885473214,1,0.8571428571428572,0.7717647058823529,0.9596899224806202,0.8628658285019434,0.07682680113631837,1
20,2,1,0.08366131782531738,0.0180915099422138,1.2808014551798503,0.43610196257920497,fully_connected_model_2_states.xdsl,"[0, 50, 100]","{'clf__modelfile': 'fully_connected_model_2_states.xdsl', 'discretize__bins': [0, 50, 100]}",0.0855481918159641,0.03449340362586528,0.01147361278978168,0.04383840274387035,0.03095434886908109,2,247.5526015599714,247.7719517938281,247.77725879739674,247.70060405039874,0.10467598881386503,2,-0.22369922001428996,-0.1140241030859478,-0.11137060130162617,-0.14969797480062133,0.05233799440693149,2,0.734685230024213,0.7049504950495049,0.34842428900845507,0.5960200046940577,0.17549694666936203,3,0.8095826356594864,0.7654185022026432,0.5789752565070088,0.7179921314563794,0.09993960279927469,2,0.9636963696369638,0.8305898491083676,0.743798449612403,0.8460282227859115,0.09043425362894911,2
20,2,0,0.08372759819030762,0.01723810234385593,1.3130559921264648,0.4749383865182248,fully_connected_model_2_states.xdsl,"[0, 5, 100]","{'clf__modelfile': 'fully_connected_model_2_states.xdsl', 'discretize__bins': [0, 5, 100]}",0.0659532782441705,0.07782101167315175,0.01972589686213708,0.05450006225981977,0.025061826330289447,1,247.61601523203672,247.8035451132469,247.83136966290186,247.7503100027285,0.09563773825306894,1,-0.1919923839816413,-0.09822744337654117,-0.0843151685490736,-0.12484499863575203,0.047818869126533145,1,0.6158595641646489,0.8487348734873488,0.389815526518063,0.6181366547233536,0.18735995767815194,2,0.6980267171141048,0.74090407938258,0.6139388879076414,0.684289894801442,0.05273559946882311,3,0.8221830985915494,0.7733026467203682,0.7523255813953488,0.7826037755690888,0.029267745905686485,3
20,3,0,0.09893043835957845,0.031895141322971714,1.368613878885905,0.4795700697132428,fully_connected_model_3_states.xdsl,"[0, 5, 95, 100]","{'clf__modelfile': 'fully_connected_model_3_states.xdsl', 'discretize__bins': [0, 5, 95, 100]}",0.07215726078582493,0.026529925143946777,0.04550113121524206,0.04806277238167126,0.018715144376383344,1,1451.313191574717,1451.7100117425916,1451.7399636717957,1451.5877223297014,0.19450729393355637,2,-0.34340421264152476,-0.14499412870416659,-0.13001816410215575,-0.20613883514928236,0.09725364696677112,2,0.6876513317191283,0.608910891089109,0.8081475787855495,0.7015699338645957,0.08193131287985524,1,0.6752171142053575,0.7466960352422908,0.8944292975976662,0.7721141490151048,0.09127999312639322,1,0.9090909090909091,0.7626025791324736,0.9648377125193199,0.8788437335809008,0.08528747861887975,1
20,3,1,0.09367012977600098,0.017852310105153948,1.3536701202392578,0.4624460420789601,fully_connected_model_3_states.xdsl,"[0, 33, 66, 100]","{'clf__modelfile': 'fully_connected_model_3_states.xdsl', 'discretize__bins': [0, 33, 66, 100]}",0.06100054937597193,0.023782104045620762,0.008116130967630399,0.030966261463074362,0.022179562904412677,2,1451.5493929011814,1451.7662651971016,1451.6883594423996,1451.6680058468944,0.08969986927498608,1,-0.22530354940927422,-0.11686740144922522,-0.15582027880025112,-0.16599707655291687,0.04484993463746561,1,0.6056900726392251,0.5467546754675467,0.02655649500384319,0.39300041437020505,0.2602296483113603,2,0.7370863390821369,0.6605256437045808,0.5,0.6325373275955726,0.09879268671922982,2,0.9664429530201343,0.7731326644370123,0.5,0.7465252058190489,0.19135172631590544,2
20,3,2,0.09311771392822266,0.017845191295051167,1.3148001035054524,0.43737786145333624,fully_connected_model_3_states.xdsl,"[0, 25, 75, 100]","{'clf__modelfile': 'fully_connected_model_3_states.xdsl', 'discretize__bins': [0, 25, 75, 100]}",0.027064125032431594,0.020296666740671602,0.014416339856160922,0.020592377209754705,0.00516766878307921,3,1451.2910633256495,1451.7139129427537,1451.7476732400294,1451.5842165028107,0.20774829061132974,3,-0.35446833717530485,-0.14304352862317413,-0.12616337998535085,-0.20789174859460993,0.10387414530566778,3,0.11404358353510895,0.4661716171617162,0.47252113758647196,0.350912112761099,0.1675114010163067,3,0.44525490804686896,0.5843445992914067,0.6358644165770162,0.5551546413050973,0.08050687929594567,3,0.6441281138790036,0.7658296943231441,0.7701863354037267,0.7267147145352916,0.05842462401161078,3
20,4,1,0.10725768407185872,0.024076777577225407,1.6604952812194824,0.5677368763839307,fully_connected_model_4_states.xdsl,"[0, 5, 50, 95, 100]","{'clf__modelfile': 'fully_connected_model_4_states.xdsl', 'discretize__bins': [0, 5, 50, 95, 100]}",0.13084873555251192,0.02986837466695698,0.021779699109186874,0.060832269776218584,0.04961912116595011,1,5455.437335180705,5455.734935437291,5455.65177132109,5455.608013979695,0.12537279575831026,4,-0.2813324096471982,-0.13253228135457754,-0.1741143394552271,-0.19599301015233428,0.06268639787906907,4,0.7702179176755448,0.6604510451045105,0.5802843966179861,0.6703177864660138,0.0778532810019446,1,0.822087910057706,0.7555066079295154,0.7929719488109958,0.7901888222660723,0.027252850533416886,1,0.9870967741935485,0.7726204465334899,0.9573312645461598,0.9056828284243994,0.09487076998740224,1
20,4,2,0.10458612442016602,0.02525637724132148,1.6047120094299316,0.5663798103252884,fully_connected_model_4_states.xdsl,"[0, 10, 50, 90, 100]","{'clf__modelfile': 'fully_connected_model_4_states.xdsl', 'discretize__bins': [0, 10, 50, 90, 100]}",0.051610638010622496,0.03218625033985736,0.01457769859559759,0.032791528982025815,0.01512469111762232,2,5455.5751166101,5455.760273315932,5455.680427757164,5455.671939227733,0.0758278435122476,1,-0.21244169495015944,-0.11986334203384484,-0.15978612141832327,-0.16403038613410917,0.03791392175624211,1,0.5667070217917676,0.6807480748074808,0.4743274404304381,0.5739275123432288,0.08442539581195534,2,0.5912374539184438,0.7627986348122867,0.7362272997318519,0.6967544628208607,0.07539623482099418,2,0.8435483870967742,0.778648974668275,0.9344961240310077,0.852231161932019,0.06391987914700793,2
20,4,3,0.09904209772745769,0.0175394351823379,1.6200992266337078,0.5919363242539575,fully_connected_model_4_states.xdsl,"[0, 20, 50, 80, 100]","{'clf__modelfile': 'fully_connected_model_4_states.xdsl', 'discretize__bins': [0, 20, 50, 80, 100]}",0.0455966235162221,0.030676945530372264,0.008449993896322186,0.02824118764763885,0.015262540425870129,3,5455.529265101266,5455.776652632688,5455.694424174803,5455.666780636252,0.10286972860030122,2,-0.2353674493671357,-0.11167368365617261,-0.15278791259822816,-0.16660968187384548,0.0514348643002063,2,0.4860774818401937,0.6573157315731574,0.059146810146041486,0.40084667451979755,0.2515283052695855,3,0.7106158816263988,0.7270437185112952,0.3485765667399926,0.5954120556258955,0.17466785124217188,3,0.8961937716262975,0.846325167037862,0.5403100775193799,0.7609430053945131,0.1573337981870917,3
20,4,0,0.10257903734842937,0.022213528580476084,1.6508991718292236,0.633745249109425,fully_connected_model_4_states.xdsl,"[0, 25, 50, 75, 100]","{'clf__modelfile': 'fully_connected_model_4_states.xdsl', 'discretize__bins': [0, 25, 50, 75, 100]}",0.04888568826118915,0.015694613819297255,0.008740541562748762,0.02444028121441172,0.017517100682843248,4,5455.545994833431,5455.677271907055,5455.7513971686385,5455.6582213030415,0.08493026143895509,3,-0.2270025832846044,-0.16136404647249347,-0.12430141568052741,-0.17088934847920845,0.04246513071960354,3,0.5188861985472155,0.2888888888888889,0.11506533435818603,0.3076134739314302,0.16539000403562315,4,0.7769953450775134,0.5069536346961994,0.3907175773535221,0.5582221857090783,0.16181054086323216,4,0.9480968858131488,0.6499442586399108,0.5725368502715283,0.7235259982415293,0.16190952077442533,4
20,5,1,0.1299431324005127,0.02823775225603559,2.267516295115153,0.8362096084980039,fully_connected_model_5_states.xdsl,"[0, 5, 20, 80, 95, 100]","{'clf__modelfile': 'fully_connected_model_5_states.xdsl', 'discretize__bins': [0, 5, 20, 80, 95, 100]}",0.049909639941578605,0.15655025040364048,0.011660919209682968,0.07270693651830068,0.06130805886049753,1,15619.539891271574,15619.812559605323,15619.725000789826,15619.692483888908,0.11366622685574883,1,-0.2300543642134127,-0.0937201973383674,-0.13749960508735062,-0.1537580555463769,0.056833113427969276,1,0.5031476997578692,0.9435643564356436,0.35322828593389705,0.59998011404247,0.2505414887478708,1,0.696127925752064,0.9228059594909007,0.5762777180108866,0.7317372010846172,0.1436928921997418,1,0.9308681672025724,0.9778617710583153,0.730411171450737,0.8797137032372082,0.107301861429102,1
20,5,2,0.13386321067810059,0.03542398368192056,2.206949551900228,0.7937270560551938,fully_connected_model_5_states.xdsl,"[0, 5, 25, 75, 95, 100]","{'clf__modelfile': 'fully_connected_model_5_states.xdsl', 'discretize__bins': [0, 5, 25, 75, 95, 100]}",0.039678592839062915,0.01781502748781904,0.012530927238017468,0.023341515854966476,0.01175175141984401,3,15619.500938366753,15619.675761245051,15619.765847895304,15619.6475158357,0.10997762481877718,3,-0.2495308166232278,-0.1621193774747431,-0.11707605234827943,-0.17624208214875012,0.05498881240922223,3,0.42832929782082324,0.38393839383938394,0.4022674865488086,0.40484505940300525,0.018213932404185527,3,0.7377777949429506,0.6063824847345081,0.620803159973667,0.6549878132170418,0.05883663696609762,2,0.9505119453924915,0.6777277840269966,0.7556332556332557,0.7946243283509146,0.11472583982905919,2
20,5,0,0.12396454811096191,0.027441640238523995,2.2360242207845054,0.8526388928282681,fully_connected_model_5_states.xdsl,"[0, 20, 40, 60, 80, 100]","{'clf__modelfile': 'fully_connected_model_5_states.xdsl', 'discretize__bins': [0, 20, 40, 60, 80, 100]}",0.03806619635133203,0.03201188201088758,0.009225923388621495,0.026434667250280364,0.01241690593519884,2,15619.434596470808,15619.778762205544,15619.742721436738,15619.652026704362,0.15444883532944348,2,-0.28270176459559676,-0.11061889722762952,-0.1286392816308833,-0.17398664781803652,0.07722441766470489,2,0.41404358353510895,0.6590759075907591,0.15576479631053036,0.40962809581213283,0.20549962057289953,2,0.6150410641236698,0.7117666179099627,0.4212816519211933,0.5826964446516085,0.1207753001044183,3,0.8344827586206897,0.8474387527839644,0.6050387596899225,0.7623200903648589,0.11134040051526284,3
30,2,1,0.07994556427001953,0.014935325917374924,1.3241883913675945,0.4650138990047437,fully_connected_model_2_states.xdsl,"[0, 50, 100]","{'clf__modelfile': 'fully_connected_model_2_states.xdsl', 'discretize__bins': [0, 50, 100]}",0.083551643629557,0.07356523226310241,0.015647808132231704,0.05758822800829704,0.029935277043765664,3,247.31901895165439,247.6808082445099,247.686877588775,247.56223492831307,0.1719975149267938,2,-0.34049052417281267,-0.15959587774504505,-0.1565612056125025,-0.2188825358434534,0.08599875746340056,2,0.5817204301075268,0.7378939562476826,0.3029176349083398,0.5408440070878497,0.17991527913741234,3,0.6690927667051826,0.7633630289532294,0.5365394696165271,0.6563317550916464,0.09303893210405068,2,0.9638157894736843,0.8248626373626373,0.7999999999999999,0.8628928089454405,0.07208154494822609,1
30,2,2,0.08872421582539876,0.017661966245233078,1.260501464207967,0.4265626331622889,fully_connected_model_2_states.xdsl,"[0, 95, 100]","{'clf__modelfile': 'fully_connected_model_2_states.xdsl', 'discretize__bins': [0, 95, 100]}",0.12179615715877394,0.06189618316435203,0.035881204028512394,0.07319118145054612,0.03597246662432816,1,246.61168703466367,247.67485755690697,247.69451603599916,247.32702020918995,0.5058806030961701,3,-0.6941564826681683,-0.16257122154650808,-0.15274198200042735,-0.3364898954050346,0.25294030154808755,3,0.7419354838709677,0.7292361883574342,0.5471081848696101,0.6727599523660039,0.08900034843699915,1,0.7978723404255319,0.7605790645879733,0.7638274707993387,0.7740929586042813,0.016866777712001926,1,0.8111111111111111,0.7752941176470589,0.9608527131782946,0.8490859806454881,0.0803723257968641,2
30,2,0,0.09041953086853027,0.024854622669374604,1.2554030418395996,0.4574418247520947,fully_connected_model_2_states.xdsl,"[0, 5, 100]","{'clf__modelfile': 'fully_connected_model_2_states.xdsl', 'discretize__bins': [0, 5, 100]}",0.07005667380326103,0.11673151750972763,0.027893780013816705,0.07156065710893512,0.036283443195539423,2,247.46388164897647,247.7306441549357,247.7698238364614,247.65478321345782,0.1359321334396815,1,-0.26805917551176267,-0.13467792253215535,-0.11508808176930402,-0.17260839327107402,0.06796606671983695,1,0.48081058726220016,0.764182424916574,0.4517041053446941,0.5655657058411561,0.1409450191732368,2,0.5981988256497788,0.7491638795986622,0.5926154921437116,0.6466593991307175,0.07251744521268626,3,0.8221830985915494,0.7733026467203682,0.7635658914728682,0.7863505455949286,0.025647351928014667,3
30,3,0,0.1006792386372884,0.020159470241806216,1.2897377014160156,0.4277353840426985,fully_connected_model_3_states.xdsl,"[0, 5, 95, 100]","{'clf__modelfile': 'fully_connected_model_3_states.xdsl', 'discretize__bins': [0, 5, 95, 100]}",0.09372801030267984,0.04646947469080763,0.04577234107246424,0.0619899420219839,0.0224440078486151,1,1450.8871218534457,1451.6364785579244,1451.631516353456,1451.3850389216088,0.3520863634056386,2,-0.5564390732771628,-0.1817607210377852,-0.18424182327205993,-0.3074805391956693,0.17604318170282132,2,0.6576095947063689,0.678605858361142,0.6342112057836302,0.6568088862837137,0.018132882559098278,1,0.6324665037192384,0.7488864142538976,0.7869373349561124,0.7227634176430827,0.06571208736957092,1,0.8925081433224755,0.7617096018735363,0.97544128933231,0.8765530115094405,0.0879819421979011,1
30,3,2,0.09157927831013997,0.01999661982711306,1.2354033788045247,0.42274046929281484,fully_connected_model_3_states.xdsl,"[0, 25, 75, 100]","{'clf__modelfile': 'fully_connected_model_3_states.xdsl', 'discretize__bins': [0, 25, 75, 100]}",0.039984775642265616,0.02506087752755583,0.029163417492679353,0.03140302355416693,0.006295107106186968,3,1450.8256831126207,1451.5833550740517,1451.7144764197442,1451.3745048688058,0.39175008348895285,3,-0.58715844368961,-0.20832246297409313,-0.1427617901278792,-0.31274756559719413,0.19587504174447565,3,0.10537634408602152,0.35698924731182796,0.623444358378518,0.3619366499254559,0.21152931152712395,2,0.360990152073424,0.5022527354644926,0.7101986647079006,0.5244805174152724,0.14342757066880926,2,0.625,0.6911928651059086,0.8996925441967718,0.7386284697675602,0.11705155816002973,2
30,3,1,0.09367076555887859,0.019765793522031422,1.3674990336100261,0.468097145203754,fully_connected_model_3_states.xdsl,"[0, 33, 66, 100]","{'clf__modelfile': 'fully_connected_model_3_states.xdsl', 'discretize__bins': [0, 33, 66, 100]}",0.05370878502835695,0.030120065072959598,0.012518406503533126,0.03211575220161656,0.01687500905858882,2,1451.2949172529295,1451.5578965073162,1451.6059219283877,1451.4862452295445,0.13670261212806661,1,-0.3525413735352059,-0.22105174634193583,-0.19703903580618368,-0.25687738522777515,0.06835130606399874,1,0.39090157154673283,0.4698924731182796,0.0894913503743868,0.3167617983464664,0.16390806981118766,3,0.5142130535176507,0.5589221977336116,0.5,0.5243784170837541,0.025105873267199236,3,0.8518518518518519,0.717391304347826,0.5,0.6897477187332259,0.14496679454762085,3
30,4,1,0.10250210762023926,0.022081627025812452,1.6673719088236492,0.6011820010379243,fully_connected_model_4_states.xdsl,"[0, 5, 50, 95, 100]","{'clf__modelfile': 'fully_connected_model_4_states.xdsl', 'discretize__bins': [0, 5, 50, 95, 100]}",0.11648951196129728,0.15791166097502696,0.03774043453988856,0.10404720249207094,0.04984234621569177,1,5455.137616217593,5455.6653975237805,5455.541400229459,5455.448137990278,0.22533184526107064,4,-0.4311918912034238,-0.16730123810959097,-0.22929988527058134,-0.2759310048611987,0.11266592263051636,4,0.6866004962779158,0.7018539117538006,0.4872192099147947,0.6252245393155037,0.09778299060732609,1,0.737912481481293,0.7260579064587973,0.7266710565539052,0.7302138148313319,0.005449531441644052,1,0.9983870967741935,0.778846153846154,0.9919106317411402,0.9230479607871626,0.10200034965175372,1
30,4,3,0.09381874402364095,0.02137276072351118,1.554559548695882,0.5501412083561529,fully_connected_model_4_states.xdsl,"[0, 20, 50, 80, 100]","{'clf__modelfile': 'fully_connected_model_4_states.xdsl', 'discretize__bins': [0, 20, 50, 80, 100]}",0.04755537513565799,0.08311839548402405,0.022187527954112295,0.050953766191264786,0.024990724290051232,3,5455.2818834178215,5455.727367289481,5455.626106870216,5455.545119192506,0.19067113561096694,1,-0.35905829108903625,-0.13631635525949062,-0.18694656489212458,-0.22744040374688382,0.09533556780540954,1,0.30562448304383794,0.7310344827586206,0.38551510457010063,0.47405802345751974,0.18461365664211823,3,0.573766733787675,0.6509917887304714,0.6520684789051718,0.6256090004744393,0.036660653538903513,4,0.8719723183391004,0.8145879732739422,0.9830899308224442,0.8898834074784956,0.06994680245271553,2
30,4,0,0.10818990071614583,0.016958945514384104,1.650307575861613,0.6064238419598248,fully_connected_model_4_states.xdsl,"[0, 25, 50, 75, 100]","{'clf__modelfile': 'fully_connected_model_4_states.xdsl', 'discretize__bins': [0, 25, 50, 75, 100]}",0.0510199689623783,0.02301295724266919,0.03878676464996146,0.037606563618336315,0.01146422935986156,4,5455.098067441381,5455.546554189855,5455.70612243847,5455.450248023236,0.257408725788062,3,-0.4509662793091825,-0.22672290507263193,-0.1469387807649932,-0.27487598838226923,0.1287043628940058,3,0.35401157981803144,0.32647385984427146,0.4512780790085205,0.37725450622360784,0.053536271201374976,4,0.6324916303401252,0.596662830840046,0.6805513169288622,0.6365685927030111,0.034368452017799374,3,0.8944636678200691,0.6948955916473317,0.9969395562356541,0.8620996052343517,0.1254145487210239,3
30,4,2,0.10550268491109212,0.023855102428891887,1.6297931671142578,0.6256360596119415,fully_connected_model_4_states.xdsl,"[0, 10, 50, 90, 100]","{'clf__modelfile': 'fully_connected_model_4_states.xdsl', 'discretize__bins': [0, 10, 50, 90, 100]}",0.0648848878683371,0.0683071801589632,0.027934833416460934,0.053708967147920415,0.0182785392986053,2,5455.306179380517,5455.711507679114,5455.6040837787805,5455.540590279471,0.17145713896253562,2,-0.3469103097412312,-0.1442461604428747,-0.19795811060975743,-0.2297048602646211,0.08572856948121428,2,0.4985938792390405,0.775342973674453,0.48427575522850497,0.5860708693806661,0.13396317719593412,2,0.49432519156738997,0.7678173719376391,0.7151134088763521,0.6590853241271271,0.11847321185657113,2,0.8080645161290323,0.7809579439252337,0.9803240740740741,0.8564488447094467,0.08828928172684845,4
30,5,1,0.1218571662902832,0.02501523386831078,2.223452885945638,0.7727549030905957,fully_connected_model_5_states.xdsl,"[0, 5, 20, 80, 95, 100]","{'clf__modelfile': 'fully_connected_model_5_states.xdsl', 'discretize__bins': [0, 5, 20, 80, 95, 100]}",0.04892056535697352,0.1828134606985046,0.043916317806154556,0.09188344795387755,0.06432967711557394,1,15619.312684748205,15619.750932109675,15619.645202630632,15619.569606496172,0.18672844653473245,1,-0.34365762589720356,-0.12453394516254064,-0.17739868468407108,-0.21519675191460508,0.09336422326726514,1,0.31927212572373864,0.9093437152391547,0.5814613994319648,0.6033590801316194,0.24139283544094736,1,0.4997815831331246,0.905956685231685,0.775980834119279,0.7272397008280295,0.1693641578514189,1,0.8741935483870967,0.9800215982721382,0.986610558530987,0.946941901730074,0.05151113656229543,1
30,5,2,0.12165562311808269,0.023861430050381254,2.168855905532837,0.7687608402003573,fully_connected_model_5_states.xdsl,"[0, 5, 25, 75, 95, 100]","{'clf__modelfile': 'fully_connected_model_5_states.xdsl', 'discretize__bins': [0, 5, 25, 75, 95, 100]}",0.046899169761311435,0.02566614739508051,0.05544366294478466,0.04266966003372554,0.012519096678808362,3,15619.10566316676,15619.503611034239,15619.716247220094,15619.441840473699,0.2530677421282204,3,-0.4471684166202083,-0.2481944828808058,-0.14187638995318735,-0.27907976315140054,0.12653387106399389,3,0.2792390405293631,0.3822395253985911,0.6335398915569326,0.43167281916162886,0.14880638686766123,3,0.5356270686392417,0.6685845799769851,0.7888321945312344,0.6643479477158204,0.10341396016071276,2,0.8310580204778157,0.7246932515337423,0.9881316998468607,0.8479609906194728,0.10821040249474848,2
30,5,0,0.12877702713012695,0.026826238540988475,2.2463866074879966,0.7747359516031826,fully_connected_model_5_states.xdsl,"[0, 20, 40, 60, 80, 100]","{'clf__modelfile': 'fully_connected_model_5_states.xdsl', 'discretize__bins': [0, 20, 40, 60, 80, 100]}",0.048869914738007655,0.08894407166284592,0.018698915387658173,0.052170967262837244,0.028772303880180213,2,15619.173685793534,15619.73713814188,15619.70159229682,15619.537472077413,0.2576447451152667,2,-0.41315710323328453,-0.1314309290599915,-0.14920385158955385,-0.23126396129427662,0.12882237255783255,2,0.3164598842018197,0.7636262513904338,0.40180738445649367,0.4939645066829157,0.1938369441376908,2,0.47094998945199157,0.6742993115016286,0.5641143760658488,0.5697878923398231,0.083113890875493,3,0.803448275862069,0.8270089285714286,0.8516819571865445,0.827379720540014,0.019693063390286085,3
40,2,1,0.08422160148620605,0.010516102530877973,1.2490886847178142,0.4430528907024991,fully_connected_model_2_states.xdsl,"[0, 50, 100]","{'clf__modelfile': 'fully_connected_model_2_states.xdsl', 'discretize__bins': [0, 50, 100]}",0.0856417736520029,0.225253887431273,0.018584923599985027,0.109826861561087,0.08608795506400087,3,247.16091166413545,247.59688030770843,247.45782568646842,247.4052058861041,0.1818310517806775,2,-0.4195441679322713,-0.20155984614578892,-0.27108715676579076,-0.2973970569479503,0.09091552589033615,2,0.48559160305343513,0.7425759280089989,0.22842505854800937,0.48553086320348116,0.20990121789208352,3,0.4800136237926287,0.7556306306306306,0.45783760295590525,0.5644939524597216,0.13545692127436668,3,0.9183006535947712,0.812242090784044,0.800462249614792,0.8436683313312024,0.052991689973259606,1
40,2,2,0.08477131525675456,0.01543684863960354,1.2737481594085693,0.4479160141138671,fully_connected_model_2_states.xdsl,"[0, 95, 100]","{'clf__modelfile': 'fully_connected_model_2_states.xdsl', 'discretize__bins': [0, 95, 100]}",0.17504275514805662,0.1308780439817474,0.0332294837515957,0.1130500942937999,0.05925159817028039,2,246.00877713437103,247.6378909281606,247.59796154844165,247.08154320365773,0.7587352934987095,3,-0.9956114328144843,-0.18105453591969572,-0.2010192257791721,-0.4592283981711174,0.37936764674935647,3,0.7534351145038167,0.7882030371203599,0.46301717408274784,0.6682184419023082,0.1457917975443833,1,0.7757352941176471,0.7584459459459459,0.6629884498198543,0.7323898966278158,0.04957923627440092,1,0.7788104089219331,0.7703180212014133,0.9627906976744186,0.8373063759325884,0.08879852256486512,2
40,2,0,0.0894625186920166,0.014899716528480695,1.3506005605061848,0.4867106998908829,fully_connected_model_2_states.xdsl,"[0, 5, 100]","{'clf__modelfile': 'fully_connected_model_2_states.xdsl', 'discretize__bins': [0, 5, 100]}",0.08575827655519566,0.5128205128205128,0.030087210929602388,0.2095553334351036,0.21564190016123272,1,247.3323636018209,247.66717010904327,247.71213933501272,247.57055768195895,0.16942623307442942,1,-0.3338181990895481,-0.1664149454783681,-0.1439303324936445,-0.21472115902052025,0.0847131165372121,1,0.4478053435114504,0.9786276715410573,0.4275663544106167,0.6179997898210415,0.2551362459227817,2,0.5176094130203643,0.7576099210822999,0.45177191580069276,0.5756637499677856,0.1314330016839039,2,0.8221830985915494,0.7733026467203682,0.7046511627906977,0.7667123027008719,0.048207976234888504,3
40,3,0,0.09025788307189941,0.021135972219231563,1.3235817750295003,0.43835577628698374,fully_connected_model_3_states.xdsl,"[0, 5, 95, 100]","{'clf__modelfile': 'fully_connected_model_3_states.xdsl', 'discretize__bins': [0, 5, 95, 100]}",0.13616090115528517,0.08052744112562767,0.043346686664462765,0.08667834298179188,0.03814004717808846,1,1450.538630660909,1451.594684889228,1451.4969022783284,1451.2100726094886,0.476456418071838,2,-0.7306846695455483,-0.2026575553860222,-0.2515488608357768,-0.39496369525578245,0.23822820903592634,2,0.6959923664122137,0.7331130483689539,0.5192232630757221,0.6494428926189632,0.09331791609338329,1,0.6663402233047069,0.7612612612612613,0.6810351005583886,0.7028788617081189,0.041716210179115906,1,0.8725490196078431,0.7710280373831776,0.9850574712643678,0.8762115094184629,0.08741552118316047,1
40,3,2,0.08996446927388509,0.022113221856622147,1.2929966449737549,0.4396333876516827,fully_connected_model_3_states.xdsl,"[0, 25, 75, 100]","{'clf__modelfile': 'fully_connected_model_3_states.xdsl', 'discretize__bins': [0, 25, 75, 100]}",0.054509759216919106,0.03451870672937059,0.036925741737073345,0.04198473589445434,0.008910877671074879,3,1450.309301410568,1451.515192923589,1451.6550125725787,1451.1598356355787,0.6041212541075204,3,-0.8453492947160522,-0.2424035382055417,-0.1724937137106077,-0.4200821822107339,0.3020606270537825,3,0.14968193384223918,0.39693475815523055,0.610343481654957,0.3856533912174756,0.18823339650248117,2,0.30112721417069244,0.47560358354001114,0.655268087333083,0.4773329616812622,0.14458257749494272,3,0.6370106761565836,0.674496644295302,0.936495791889824,0.74933437078057,0.13322499168837387,2
40,3,1,0.09919985135396321,0.01922402706307089,1.382287581761678,0.44214260589708915,fully_connected_model_3_states.xdsl,"[0, 33, 66, 100]","{'clf__modelfile': 'fully_connected_model_3_states.xdsl', 'discretize__bins': [0, 33, 66, 100]}",0.06937386529326461,0.041650262729648224,0.017229409198291346,0.042751179073734734,0.02130211394764467,2,1451.0773144332638,1451.4431277508108,1451.5110903326697,1451.343844172248,0.19049637696556082,1,-0.4613427833681226,-0.278436124594597,-0.24445483366514664,-0.3280779138759554,0.09524818848279568,1,0.372264631043257,0.49112767154105735,0.1421935987509758,0.33519530044509677,0.1448432445593402,3,0.4343901320418395,0.6949941792782305,0.5,0.5431281037733567,0.11067562923640367,2,0.8466666666666667,0.7424023154848046,0.5,0.6963563273838238,0.14522309093159896,3
40,4,1,0.10854784647623698,0.017856371498856556,1.6353061993916829,0.6187196795789581,fully_connected_model_4_states.xdsl,"[0, 5, 50, 95, 100]","{'clf__modelfile': 'fully_connected_model_4_states.xdsl', 'discretize__bins': [0, 5, 50, 95, 100]}",0.12050297449224717,0.1540873060035849,0.050106558177700114,0.10823227955784405,0.04332763894819295,2,5454.832685837626,5455.623202316541,5455.3429650432345,5455.266284399134,0.3272501762097393,4,-0.583657081186891,-0.18839884172950705,-0.32851747838293477,-0.3668578004331109,0.1636250881047302,4,0.6596692111959288,0.7554133858267718,0.40430327868852456,0.6064619585704084,0.14819544669708945,1,0.6424554745614093,0.7280405405405406,0.6504693505391564,0.6736551218803687,0.038595214506276995,1,0.9158576051779935,0.7785419532324622,1.0,0.8981331861368186,0.09127443195215774,1
40,4,3,0.09616796175638835,0.018582088992178412,1.5518298943837483,0.529235951006997,fully_connected_model_4_states.xdsl,"[0, 20, 50, 80, 100]","{'clf__modelfile': 'fully_connected_model_4_states.xdsl', 'discretize__bins': [0, 20, 50, 80, 100]}",0.06277791801895681,0.30565570285632554,0.06114251964929397,0.14319204684152545,0.11488109295043097,1,5455.1239086832975,5455.709410182701,5455.5179653555415,5455.4504280738465,0.24375392614257652,1,-0.4380456583511303,-0.14529490864977074,-0.24101732222939384,-0.274785963076765,0.1218769630711948,1,0.30178117048346054,0.8020247469066367,0.4287470725995316,0.5108509966632097,0.21231533104975905,3,0.4809232536406462,0.6182450102073527,0.6521340179792945,0.5837674272757645,0.07402616316753353,4,0.8615916955017301,0.8129175946547884,0.9931192660550459,0.8892095187371881,0.07611490749325586,2
40,4,0,0.10391497611999512,0.027902472581023782,1.5786322752634685,0.6030938751066971,fully_connected_model_4_states.xdsl,"[0, 25, 50, 75, 100]","{'clf__modelfile': 'fully_connected_model_4_states.xdsl', 'discretize__bins': [0, 25, 50, 75, 100]}",0.07796279960172528,0.03384420304578878,0.08382125687440536,0.06520941984063981,0.022307143830993668,4,5454.773614235928,5455.474527292293,5455.638529905255,5455.295557144492,0.37509333426479063,3,-0.613192882036136,-0.26273635385361394,-0.1807350473723406,-0.35222142775403015,0.18754666713247106,3,0.44211195928753183,0.397244094488189,0.46733021077283377,0.4355620881828515,0.02898495624264574,4,0.640010157603346,0.59953434225844,0.6652275836561747,0.6349240278393203,0.027059219357028052,2,0.9030612244897959,0.6979166666666667,1.0,0.8669926303854876,0.1259346197568152,3
40,4,2,0.10490711530049641,0.022786716645549612,1.6338837146759033,0.6291398105356218,fully_connected_model_4_states.xdsl,"[0, 10, 50, 90, 100]","{'clf__modelfile': 'fully_connected_model_4_states.xdsl', 'discretize__bins': [0, 10, 50, 90, 100]}",0.07951042973495612,0.08390104427340996,0.05237564357836103,0.07192903919557571,0.01394204275154357,3,5455.079872457253,5455.6519122815125,5455.4931921379375,5455.408325625568,0.24112117814630846,2,-0.46006377137352633,-0.1740438592436426,-0.25340393103107695,-0.29583718721608193,0.12056058907327691,2,0.4568066157760814,0.7537682789651294,0.44783372365339574,0.5528028727982022,0.14215120835490605,2,0.44030726443198626,0.767454954954955,0.6678821792131839,0.6252147995333751,0.13692280506471216,3,0.8129032258064516,0.7774532710280374,1.0,0.8634521656114963,0.09763250186486934,4
40,5,1,0.12267486254374187,0.028619205382346642,2.2598325411478677,0.8422504610547874,fully_connected_model_5_states.xdsl,"[0, 5, 20, 80, 95, 100]","{'clf__modelfile': 'fully_connected_model_5_states.xdsl', 'discretize__bins': [0, 5, 20, 80, 95, 100]}",0.06267876086498148,0.18509486245742585,0.06232237801956965,0.10336533378065899,0.05779168709239515,2,15619.135613804161,15619.704927869227,15619.538145171997,15619.459562281794,0.23897151733311978,2,-0.43219309791983823,-0.14753606538706043,-0.23092741400123643,-0.27021885910271165,0.11948575866663891,2,0.29828244274809157,0.8687851518560179,0.5035909445745512,0.5568861797262202,0.23593589785119543,1,0.4471986884110973,0.875056139722824,0.7053570058380619,0.6758706113239944,0.17591207132508196,1,0.8847457627118644,0.9816414686825055,0.9954128440366972,0.9539333584770224,0.049245001442506375,1
40,5,2,0.12207333246866862,0.029307800061010327,2.234837532043457,0.829828324154955,fully_connected_model_5_states.xdsl,"[0, 5, 25, 75, 95, 100]","{'clf__modelfile': 'fully_connected_model_5_states.xdsl', 'discretize__bins': [0, 5, 25, 75, 95, 100]}",0.07076788618874601,0.038174251164320244,0.09215294294771975,0.06703169343359533,0.02219450598518382,3,15618.599759932362,15619.4609071885,15619.631826352648,15619.230831157838,0.45165732503389544,3,-0.7001200338191242,-0.26954640574976296,-0.1840868236762523,-0.38458442108171315,0.22582866251685127,3,0.37296437659033077,0.4720191226096738,0.5904371584699454,0.47847355255665,0.08890012172496325,3,0.5046549463413162,0.670547147846333,0.7278615836122119,0.6343545592666203,0.09464927656536543,2,0.8478964401294498,0.7246932515337423,1.0,0.8575298972210641,0.11259974558709507,2
40,5,0,0.12346704800923665,0.030694197274624035,2.2104095617930093,0.8629212460998588,fully_connected_model_5_states.xdsl,"[0, 20, 40, 60, 80, 100]","{'clf__modelfile': 'fully_connected_model_5_states.xdsl', 'discretize__bins': [0, 20, 40, 60, 80, 100]}",0.07014304287840342,0.3660607985445261,0.02470536130655391,0.15363640090982783,0.15134780971767098,1,15619.06956330989,15619.718656142268,15619.642620298844,15619.476946583667,0.2897311526071972,1,-0.4652183450556168,-0.14067192886654345,-0.17868985057777678,-0.2615267081666457,0.14486557630367014,1,0.37550890585241736,0.829021372328459,0.3702966432474629,0.5249423071427798,0.21502689805930972,2,0.3904798715553385,0.6369303706703109,0.5315200831922724,0.519643441805974,0.10096287465026871,3,0.8017241379310345,0.8197544642857143,0.8827349121466768,0.8347378381211419,0.03472811064419883,3
50,2,1,0.07506521542867024,0.0157687161746864,1.2372766335805256,0.40192518640013675,fully_connected_model_2_states.xdsl,"[0, 50, 100]","{'clf__modelfile': 'fully_connected_model_2_states.xdsl', 'discretize__bins': [0, 50, 100]}",0.10806148688390577,0.5002171127279293,0.0218010224214861,0.21002654067777374,0.20819564999044451,1,247.1195772416009,247.55897935296227,247.33529079732475,247.3379491306293,0.17939500907062986,2,-0.44021137919955566,-0.22051032351886943,-0.33235460133762434,-0.33102543468534984,0.08969750453531446,2,0.5025848563968669,0.7828896473265075,0.17418568056648306,0.4865533947632858,0.2487607761269569,3,0.3978313145659972,0.7539863325740319,0.39121487065498006,0.5143441725983363,0.16947412380826665,3,0.9253246753246753,0.8067400275103164,0.8011538461538461,0.8444061829962793,0.057263444744807095,1
50,2,2,0.08634463946024577,0.017875428644257296,1.2294496695200603,0.4136342137935444,fully_connected_model_2_states.xdsl,"[0, 95, 100]","{'clf__modelfile': 'fully_connected_model_2_states.xdsl', 'discretize__bins': [0, 95, 100]}",0.18465471408564116,0.20109359480211883,0.03416385615973831,0.13997072168249944,0.0751171475923502,2,246.0149575988373,247.59922940200983,247.46807902528352,247.0274220087102,0.7179197918399822,3,-0.9925212005813545,-0.20038529899508029,-0.2659604873582421,-0.4862889956448923,0.35895989591999483,3,0.7116187989556135,0.8237087599544937,0.40623918174665624,0.6471889135522545,0.17641545620508975,1,0.7342286417572845,0.75,0.5744006639211326,0.6862097685594724,0.07932271992825857,1,0.7788104089219331,0.7588443396226414,0.9424710424710425,0.8267085970052057,0.08226124569925243,2
50,2,0,0.09685953458150227,0.014601526291243313,1.2705309391021729,0.4097042190569707,fully_connected_model_2_states.xdsl,"[0, 5, 100]","{'clf__modelfile': 'fully_connected_model_2_states.xdsl', 'discretize__bins': [0, 5, 100]}",0.10314909734255391,0.19455252918287938,0.04081155233504717,0.11283772628682683,0.06313727973575396,3,247.22162212578075,247.60815697168525,247.65912523415855,247.49630144387484,0.1953389989844412,1,-0.3891889371096253,-0.19592151415737205,-0.17043738292072697,-0.2518492780625748,0.09766949949222192,1,0.4434986945169712,0.8503981797497155,0.4349095200629426,0.5762687981098765,0.19387045827584778,2,0.4476373149437776,0.766248574686431,0.3339589347096564,0.515948274779955,0.18297244534467888,2,0.8221830985915494,0.7733026467203682,0.6236434108527132,0.7397097187215436,0.08446247889056734,3
50,3,0,0.0913554032643636,0.02249050466701572,1.3370662530263264,0.448975923410667,fully_connected_model_3_states.xdsl,"[0, 5, 95, 100]","{'clf__modelfile': 'fully_connected_model_3_states.xdsl', 'discretize__bins': [0, 5, 95, 100]}",0.13907496306053524,0.1020648937938969,0.03842080803445644,0.09318688829629618,0.041568649783340704,1,1450.512311383199,1451.5370094358814,1451.3698397176108,1451.1397201788968,0.448863584597199,2,-0.7438443084004818,-0.23149528205930772,-0.3150801411945411,-0.43013991055144346,0.2244317922985882,2,0.6166579634464753,0.7330375426621161,0.4165853658536586,0.5887602906540833,0.13068844672764393,1,0.5906647884754211,0.7101366742596811,0.5822321205417423,0.6276778610922814,0.05840872865050225,1,0.8725490196078431,0.7152858809801634,0.9850460122699387,0.8576269709526484,0.1106334270173959,1
50,3,2,0.09257348378499348,0.018450599354417917,1.3296300570170085,0.48141919854438464,fully_connected_model_3_states.xdsl,"[0, 25, 75, 100]","{'clf__modelfile': 'fully_connected_model_3_states.xdsl', 'discretize__bins': [0, 25, 75, 100]}",0.07015737986249346,0.044108761769508315,0.04258255941175974,0.05228290034792051,0.012654513999540913,3,1450.245003266506,1451.4369212588665,1451.5793435414669,1451.0870893556132,0.5982768382312851,3,-0.8774983667469513,-0.2815393705667667,-0.21032822926651742,-0.4564553221934118,0.29913841911563993,3,0.19592689295039162,0.40957906712172926,0.5779228953579858,0.3944762851433689,0.15631444160507604,2,0.2503123811593415,0.44695919249750266,0.5899464768446108,0.429072683500485,0.1392306842164302,3,0.6365248226950355,0.6824776785714286,0.9269319051262433,0.7486448021309026,0.12745622663396403,2
50,3,1,0.10630202293395996,0.02338215250719021,1.3682911396026611,0.44782188190255445,fully_connected_model_3_states.xdsl,"[0, 33, 66, 100]","{'clf__modelfile': 'fully_connected_model_3_states.xdsl', 'discretize__bins': [0, 33, 66, 100]}",0.08815091344359292,0.05403710250636323,0.02255708779935864,0.054915034583104934,0.026785761941873532,2,1450.999671553754,1451.3588011388583,1451.4478587724539,1451.268777155022,0.19372864871734632,1,-0.5001642231229492,-0.3205994305708927,-0.27607061377307673,-0.3656114224889729,0.0968643243586557,1,0.3860052219321149,0.5051194539249148,0.17831628638867034,0.35648032074856667,0.13504040733635833,3,0.3691641147546286,0.7243816254416962,0.5,0.531181913398775,0.14668356819377273,2,0.8471760797342193,0.7744956772334294,0.5,0.7072239189892162,0.14950345520612812,3
50,4,1,0.10264301300048828,0.021591912396117227,1.6226317087809246,0.5665136742656258,fully_connected_model_4_states.xdsl,"[0, 5, 50, 95, 100]","{'clf__modelfile': 'fully_connected_model_4_states.xdsl', 'discretize__bins': [0, 5, 50, 95, 100]}",0.13481366102525788,0.14250647975020675,0.04331174624501474,0.10687729567349313,0.045057216740436286,2,5454.809110271281,5455.563926157538,5455.184636671074,5455.185891033298,0.3081535716760467,4,-0.5954448643599188,-0.21803692123124416,-0.4076816644628333,-0.4070544833513321,0.15407678583802342,4,0.6208355091383813,0.7512855517633674,0.31166797797010226,0.5612630129572836,0.18435032686510106,1,0.5936003726917671,0.7300683371298405,0.5631686015929566,0.6289457704715214,0.07257572270269284,1,0.9158576051779935,0.7778541953232462,1.0,0.8979039335004133,0.09157488876651858,1
50,4,3,0.09437219301859538,0.02187423906633262,1.6184580326080322,0.5664782735679212,fully_connected_model_4_states.xdsl,"[0, 20, 50, 80, 100]","{'clf__modelfile': 'fully_connected_model_4_states.xdsl', 'discretize__bins': [0, 20, 50, 80, 100]}",0.08274623686138305,0.576164102587334,0.0521333531218308,0.2370145641901826,0.24014036757552648,1,5455.03877455607,5455.6850240389695,5455.391147574176,5455.371648723071,0.264190275411099,1,-0.48061272196503096,-0.1574879805150955,-0.30442621291187755,-0.3141756384640013,0.13209513770566833,1,0.33932114882506526,0.8415927189988623,0.3423760818253343,0.507763316549754,0.23605632888296754,3,0.40619413751009614,0.5836427069821531,0.5657193531090485,0.5185187325337659,0.07976182311080368,3,0.8633217993079585,0.8073496659242761,0.9881498470948011,0.8862737707756786,0.07557455975619902,2
50,4,2,0.10169474283854167,0.021078769751083692,1.6135491530100505,0.6141776356385305,fully_connected_model_4_states.xdsl,"[0, 10, 50, 90, 100]","{'clf__modelfile': 'fully_connected_model_4_states.xdsl', 'discretize__bins': [0, 10, 50, 90, 100]}",0.10627747557323214,0.09416653984502417,0.043230661515125654,0.08122489231112733,0.027317148111129477,3,5454.974106622388,5455.559764420966,5455.374994254187,5455.3029550991805,0.24445994102557642,2,-0.5129466888062904,-0.2201177895171118,-0.3125028729062113,-0.3485224504098712,0.12222997051292177,2,0.4995822454308094,0.723230944254835,0.3521321793863099,0.5249817896906515,0.1525613012490214,2,0.37624772216308927,0.7642369020501139,0.5788566122014565,0.5731137454715532,0.15844796478352033,2,0.8129032258064516,0.7716627634660421,0.9938837920489296,0.8594832604404745,0.09651535665716347,3
50,4,0,0.10145314534505208,0.021031133441893293,1.5532744725545247,0.5247624666606869,fully_connected_model_4_states.xdsl,"[0, 25, 50, 75, 100]","{'clf__modelfile': 'fully_connected_model_4_states.xdsl', 'discretize__bins': [0, 25, 50, 75, 100]}",0.08654789537973062,0.04425943351170994,0.05874389624573604,0.0631837417123922,0.017547320262965134,4,5454.664798628128,5455.388587666198,5455.547777702507,5455.200387998945,0.38425455756460686,3,-0.6676006859361447,-0.30570616690108116,-0.22611114874628635,-0.39980600052783744,0.19212727878235,3,0.36657963446475195,0.42184300341296926,0.3725727773406766,0.38699847173946594,0.024759987628458723,4,0.4500976878641194,0.15320045558086562,0.573508822463123,0.392268988636036,0.1763951995919327,4,0.8806451612903226,0.5949298813376483,0.9908326967150496,0.8221359131143403,0.16683776330620753,4
50,5,1,0.13127509752909342,0.023382948311177713,2.25532333056132,0.8573161222951394,fully_connected_model_5_states.xdsl,"[0, 5, 20, 80, 95, 100]","{'clf__modelfile': 'fully_connected_model_5_states.xdsl', 'discretize__bins': [0, 5, 20, 80, 95, 100]}",0.07936327549631449,0.1704808386498814,0.055545926098486666,0.10179668008156086,0.04953081035586639,2,15619.033097302014,15619.654485667064,15619.444010211633,15619.377197726904,0.2580423817152279,2,-0.4834513489928734,-0.17275716646753375,-0.27799489418298734,-0.31140113654779816,0.1290211908576123,2,0.3083028720626632,0.8244141069397042,0.45047993705743505,0.5277323053532675,0.21766740377169053,2,0.32493732487852817,0.8423670794010517,0.6262170013398856,0.5978404685398219,0.21219065079408275,1,0.8693548387096773,0.9778138528138528,0.9954093343534812,0.9475260086256704,0.055740165632926685,1
50,5,2,0.13150413831075033,0.035081927129070226,2.128881851832072,0.744993566251801,fully_connected_model_5_states.xdsl,"[0, 5, 25, 75, 95, 100]","{'clf__modelfile': 'fully_connected_model_5_states.xdsl', 'discretize__bins': [0, 5, 25, 75, 95, 100]}",0.08702558431849294,0.050865654259884915,0.080521571587024,0.07280427005513396,0.015738544885332537,3,15618.425205144451,15619.396337106715,15619.559486690876,15619.127009647345,0.5007005871224139,3,-0.7873974277743113,-0.30183144664282574,-0.22025665456174282,-0.43649517632629325,0.25035029356115407,3,0.37608355091383816,0.5053697383390217,0.5478992918961448,0.47645086038300155,0.07306338955090601,3,0.44325149150646664,0.6725559481743227,0.6496374202621491,0.5884816199809795,0.10311856409964179,2,0.8964401294498382,0.7246932515337423,1.0,0.8737111269945269,0.11353679903369358,2
50,5,0,0.12433807055155437,0.027640327741029168,2.2617956002553306,0.7817262506333799,fully_connected_model_5_states.xdsl,"[0, 20, 40, 60, 80, 100]","{'clf__modelfile': 'fully_connected_model_5_states.xdsl', 'discretize__bins': [0, 20, 40, 60, 80, 100]}",0.10260180725760164,0.5692331636394572,0.02744962993171742,0.2330948669429254,0.23965764236891413,1,15619.036476068135,15619.696224770274,15619.57328011811,15619.435326985506,0.28646161766143874,1,-0.4817619659324411,-0.15188761486312213,-0.21335994094505092,-0.28233650724687137,0.14323080883069617,1,0.47404699738903394,0.8635039817974972,0.31076317859952785,0.5494380525953529,0.23186699820346113,1,0.30856196783816436,0.6167792339461168,0.4664322934198965,0.46392449840139255,0.12584166654611714,3,0.7802768166089966,0.8474387527839643,0.8880825057295645,0.8385993583741751,0.044453105042197676,3
60,2,2,0.0945752461751302,0.022843647627732274,1.3194719155629475,0.45389115930933566,fully_connected_model_2_states.xdsl,"[0, 95, 100]","{'clf__modelfile': 'fully_connected_model_2_states.xdsl', 'discretize__bins': [0, 95, 100]}",0.19330032704408326,0.20465888149058903,0.04055323365710947,0.14617081406392726,0.07482672943996026,3,246.02896526965452,247.55240880422835,247.348748881597,246.97670765182662,0.6752930515687209,3,-0.9855173651727382,-0.22379559788582654,-0.32562555920149144,-0.5116461740866854,0.33764652578436055,3,0.6739276139410187,0.8164556962025316,0.36428099392016916,0.6182214346879066,0.18875535162615598,2,0.6789590995414068,0.7511520737327189,0.5351277559386958,0.6550796430709405,0.08979345856125208,1,0.7788104089219331,0.7573789846517119,0.9378858024691358,0.8246917320142603,0.08051707759297629,1
60,2,1,0.07758132616678874,0.016505679314747296,1.3116695086161296,0.45538876224736247,fully_connected_model_2_states.xdsl,"[0, 50, 100]","{'clf__modelfile': 'fully_connected_model_2_states.xdsl', 'discretize__bins': [0, 50, 100]}",0.15930507182859663,0.5870277542797355,0.024666900141066525,0.25699990874979955,0.23975076425000008,2,247.09985973176504,247.5303034975982,247.18641857643942,247.27219393526755,0.18590054334281195,2,-0.45007013411748187,-0.2348482512008952,-0.4067907117802953,-0.3639030323662242,0.09295027167140985,2,0.573011617515639,0.8168296892980438,0.09390695215437483,0.4945827529893525,0.3002972261643293,3,0.3355262001795728,0.7235023041474654,0.29144118614141823,0.4501565634894855,0.19412074003496002,3,0.9218241042345277,0.7664835164835164,0.7742681047765793,0.8208585751648744,0.07146410986856438,2
60,2,0,0.08512409528096516,0.019252245568642943,1.2995459238688152,0.4684032686554382,fully_connected_model_2_states.xdsl,"[0, 5, 100]","{'clf__modelfile': 'fully_connected_model_2_states.xdsl', 'discretize__bins': [0, 5, 100]}",0.12545197187320226,0.9707758620689655,0.05761614179456859,0.38461465857891214,0.41540273014533347,1,247.12726133666695,247.55290953641844,247.61879903421786,247.43298996910107,0.21784987797043387,1,-0.4363693316665252,-0.22354523179077637,-0.19060048289107043,-0.28350501544945733,0.10892493898521727,1,0.4622654155495979,0.9955887993862677,0.5079500396510706,0.655268084862312,0.24136474855896003,1,0.38370293809355677,0.7672393269155243,0.32938416743489807,0.49344214414799303,0.19486970891691482,2,0.8221830985915494,0.7733026467203682,0.6546511627906977,0.750045636034205,0.07034393500431718,3
60,3,0,0.0969696044921875,0.022551845513011405,1.477704922358195,0.5887954999599696,fully_connected_model_3_states.xdsl,"[0, 5, 95, 100]","{'clf__modelfile': 'fully_connected_model_3_states.xdsl', 'discretize__bins': [0, 5, 95, 100]}",0.16168080269530954,0.10878389342073723,0.041322057266603436,0.10392891779421674,0.049256031722308566,1,1450.5118602632133,1451.482489854485,1451.2854186262575,1451.0932562479854,0.4189074962172603,2,-0.7440698683932974,-0.2587550727574674,-0.35729068687125287,-0.45337187600733925,0.20945374810860615,2,0.6141197497765862,0.7072688914461065,0.3895321173671689,0.5703069195299538,0.13336375687366644,1,0.5197816534493198,0.6169354838709677,0.5120268539968247,0.5495813304390375,0.04773168561194345,1,0.8725490196078431,0.6181606519208381,0.982745398773006,0.8244850234338958,0.15267202364430701,1
60,3,2,0.09221474329630534,0.021625050558333306,1.3634720643361409,0.5014151235732459,fully_connected_model_3_states.xdsl,"[0, 25, 75, 100]","{'clf__modelfile': 'fully_connected_model_3_states.xdsl', 'discretize__bins': [0, 25, 75, 100]}",0.0890017478162963,0.0516275327736374,0.04496282156916689,0.061864034053033534,0.019381197504838462,3,1450.1812078785947,1451.2379294588866,1451.502098705001,1450.9737453474943,0.570691438727442,3,-0.9093960607026542,-0.3810352705566807,-0.2489506474995543,-0.5131273262529631,0.28534571936372866,3,0.2477211796246649,0.39652857690832377,0.5242400211472376,0.38949659256007535,0.11299779948344693,2,0.23205018390688772,0.4174177391490672,0.5214591028808389,0.390309008645598,0.1196955667448327,3,0.6329787234042553,0.6774553571428571,0.924636572302984,0.7450235509500321,0.12829697532634038,2
60,3,1,0.09398746490478516,0.020801775650318783,1.383732795715332,0.4906903109885892,fully_connected_model_3_states.xdsl,"[0, 33, 66, 100]","{'clf__modelfile': 'fully_connected_model_3_states.xdsl', 'discretize__bins': [0, 33, 66, 100]}",0.11181587158513778,0.04748642135329248,0.027589488373234116,0.062297260437221454,0.03594478750358797,2,1450.9397961886932,1451.0391680890862,1451.3932735910698,1451.1240792896162,0.19462420643927547,1,-0.5301019056534292,-0.48041595545687926,-0.3033632044651034,-0.43796035519180393,0.09731210321963424,1,0.422609472743521,0.32326428845416183,0.1874041765794343,0.31109264592570574,0.09640710380910501,3,0.3118277069561286,0.6013110846245531,0.5,0.47104626386022724,0.11994136237878521,2,0.8471760797342193,0.6233671988388969,0.5,0.6568477595243721,0.1436976421582613,3
60,4,1,0.10274950663248698,0.017796180401015986,1.5835474332173665,0.5539201358542303,fully_connected_model_4_states.xdsl,"[0, 5, 50, 95, 100]","{'clf__modelfile': 'fully_connected_model_4_states.xdsl', 'discretize__bins': [0, 5, 50, 95, 100]}",0.16637248715010433,0.15066137143363414,0.04200873430062198,0.1196808642947868,0.05529574801397126,2,5454.797343852611,5455.533965619703,5455.050834351692,5455.127381274669,0.30555684741266115,4,-0.6013280736943883,-0.23301719014837916,-0.4745828241540886,-0.4363093626656187,0.1527784237064526,4,0.6381590705987489,0.7509205983889529,0.2537932857520486,0.5476243182465835,0.21280867350744662,1,0.5526269469351585,0.7327188940092166,0.4954378208566579,0.5935945539336777,0.10110831003267841,1,0.9174757281553398,0.7778541953232462,1.0,0.8984433078261954,0.09168374774756807,1
60,4,3,0.0989822546641032,0.024742937772467524,1.532398780186971,0.5162169951243242,fully_connected_model_4_states.xdsl,"[0, 20, 50, 80, 100]","{'clf__modelfile': 'fully_connected_model_4_states.xdsl', 'discretize__bins': [0, 20, 50, 80, 100]}",0.10530865015126314,0.5734349927458279,0.048616048381157934,0.242453230426083,0.2351810763576001,1,5454.964855589657,5455.643747617532,5455.2649174764565,5455.291173561215,0.2777776483307131,1,-0.5175722051714383,-0.17812619123366052,-0.36754126177178925,-0.35441321939229603,0.13888882416546897,1,0.3758266309204647,0.8564825469888762,0.2778747026169706,0.5033946268421038,0.2528529936277511,3,0.33633078259956334,0.5525103453817413,0.4944603815932968,0.46110050319153384,0.09135302204966077,3,0.8615916955017301,0.8004459308807135,0.9885321100917431,0.8835232454913955,0.07833622987380653,2
60,4,2,0.1039280891418457,0.028774011040636427,1.5809906323750813,0.5668287442693808,fully_connected_model_4_states.xdsl,"[0, 10, 50, 90, 100]","{'clf__modelfile': 'fully_connected_model_4_states.xdsl', 'discretize__bins': [0, 10, 50, 90, 100]}",0.13886013020922705,0.10403669052398093,0.04755923887225534,0.09681868653515445,0.03762125175941931,3,5454.882943566207,5455.505423889738,5455.276931615511,5455.221766357153,0.2571028880858443,2,-0.5585282168963264,-0.2472880551308426,-0.3615341922447273,-0.3891168214239655,0.1285514440429217,2,0.5458891867739053,0.7136171845032605,0.30651599259846685,0.5220074546252109,0.1670540789891952,2,0.340867172780094,0.7672811059907834,0.5206856236448154,0.5429446341385643,0.17479284552515906,2,0.8129032258064516,0.7716627634660421,0.9973262032085561,0.8606307308270166,0.0981136519916974,3
60,4,0,0.11086678504943848,0.017145813013883883,1.657380183537801,0.6032365608355267,fully_connected_model_4_states.xdsl,"[0, 25, 50, 75, 100]","{'clf__modelfile': 'fully_connected_model_4_states.xdsl', 'discretize__bins': [0, 25, 50, 75, 100]}",0.1248372497802731,0.05166853544398872,0.05599774932449014,0.07750117818291731,0.03351828634152086,4,5454.619125001545,5455.317171944342,5455.45900710023,5455.1317680153725,0.3670889516005339,3,-0.6904374992274883,-0.34141402782904323,-0.2704964498847075,-0.43411599231374637,0.18354447580041072,3,0.48168007149240394,0.4099731492136556,0.30621200105736185,0.3992884072544738,0.0720318620176745,4,0.549191734043536,0.14086021505376342,0.5087098095508017,0.3995872528827004,0.18369259943441923,4,0.9467741935483871,0.5943905070118662,0.9912146676852559,0.8441264560818365,0.17751952405071106,4
60,5,1,0.12143842379252116,0.026514939420243123,2.260808229446411,0.8043472671073398,fully_connected_model_5_states.xdsl,"[0, 5, 20, 80, 95, 100]","{'clf__modelfile': 'fully_connected_model_5_states.xdsl', 'discretize__bins': [0, 5, 20, 80, 95, 100]}",0.09850583910999008,0.7054053009527165,0.053592729803501035,0.2858346232887359,0.29724732913120583,1,15618.949300686456,15619.660132354558,15619.353932808834,15619.32112194995,0.2911217722762043,2,-0.5253496567719969,-0.1699338227209563,-0.3230335955833834,-0.33943902502544554,0.1455608861380306,2,0.3329311885612154,0.9654008438818565,0.39911445942373774,0.5658154972889365,0.2838384437719851,1,0.2994323644930464,0.9226732090374621,0.5606203202286734,0.594241964586394,0.2555452977511644,1,0.8693548387096773,0.9637681159420289,0.9946442234123948,0.9425890593547003,0.053296477733794825,1
60,5,2,0.12395540873209636,0.026035300148516887,2.1715054512023926,0.7810699545403585,fully_connected_model_5_states.xdsl,"[0, 5, 25, 75, 95, 100]","{'clf__modelfile': 'fully_connected_model_5_states.xdsl', 'discretize__bins': [0, 5, 25, 75, 95, 100]}",0.10038553516788473,0.05994178528946821,0.07398854081554926,0.0781052870909674,0.01676573740259394,3,15618.329232339382,15619.330855683995,15619.477050256963,15619.045712760111,0.510131589729479,3,-0.8353838303092292,-0.334572158002525,-0.2614748715186132,-0.47714361994345583,0.25506579486479297,3,0.3443699731903485,0.4999232834675873,0.4875892149088026,0.44396082385557945,0.07060115893275147,3,0.36651957643894506,0.6775923718712753,0.5817022186152875,0.541938055641836,0.13007039762440312,2,0.8668831168831169,0.728177641653905,1.0,0.865020252845674,0.11097883077723944,2
60,5,0,0.12512954076131186,0.027486741669820517,2.2247202396392822,0.8294802617262842,fully_connected_model_5_states.xdsl,"[0, 20, 40, 60, 80, 100]","{'clf__modelfile': 'fully_connected_model_5_states.xdsl', 'discretize__bins': [0, 20, 40, 60, 80, 100]}",0.15209432300340442,0.5249679384423609,0.030034235295276386,0.2356988322470139,0.2105265273896541,2,15619.023912266954,15619.608932650499,15619.499526988693,15619.37745730205,0.25395271028151367,1,-0.48804386652282766,-0.19553367475016556,-0.2502365056537578,-0.3112713489755837,0.126976355140658,1,0.5518319928507597,0.7894131185270425,0.2585117631509384,0.5332522915095802,0.21713738548285,2,0.27636943247497736,0.36817506126876565,0.4073786256596219,0.35064103980112166,0.054902541570457555,3,0.7785467128027681,0.6854120267260579,0.8892284186401833,0.7843957193896699,0.08331041776297969,3
70,2,2,0.09351515769958496,0.019311437237143497,1.3036308288574219,0.4303275430577431,fully_connected_model_2_states.xdsl,"[0, 95, 100]","{'clf__modelfile': 'fully_connected_model_2_states.xdsl', 'discretize__bins': [0, 95, 100]}",0.21269216245997608,0.20608693041553686,0.04508800274970841,0.15462236520840714,0.0774994180279887,3,246.05396740133466,247.4994054470382,247.23755785925155,246.9303102358748,0.6288209138511115,3,-0.9730162993326646,-0.25029727648088906,-0.38122107037422404,-0.5348448820625926,0.3144104569255544,3,0.6605076741440378,0.8017462165308499,0.35329450725134176,0.6051827993087432,0.1872126513185543,2,0.6321376683867048,0.7167832167832168,0.47318768828615604,0.6073695244853592,0.10097785595591047,1,0.7788104089219331,0.7201183431952664,0.9414483821263482,0.8134590447478492,0.09362030586988512,1
70,2,1,0.07940014203389485,0.014816938558367127,1.3039781252543132,0.45110945600495617,fully_connected_model_2_states.xdsl,"[0, 50, 100]","{'clf__modelfile': 'fully_connected_model_2_states.xdsl', 'discretize__bins': [0, 50, 100]}",0.2667027649489382,0.5777199363174783,0.02886780763777321,0.29109683630139654,0.2247309025285167,1,247.08590042944033,247.51131378978224,247.03689007359753,247.2113680976067,0.21303531387378877,2,-0.45704978527983403,-0.24434310510887766,-0.48155496320123015,-0.39431595119664725,0.10651765693689536,2,0.6434277843368752,0.8362381506735408,0.07326710060523009,0.5176443452052154,0.32393138263159593,3,0.275799976005502,0.7261072261072261,0.23712760571380448,0.4130116026088442,0.22195425977195532,3,0.9147540983606557,0.7664835164835164,0.7563412759415834,0.8125262969285852,0.07240446026789941,2
70,2,0,0.0869750181833903,0.018187897280356833,1.304524024327596,0.4741842191174967,fully_connected_model_2_states.xdsl,"[0, 5, 100]","{'clf__modelfile': 'fully_connected_model_2_states.xdsl', 'discretize__bins': [0, 5, 100]}",0.13819550545127154,0.24600652641177337,0.08193999590209752,0.15538067592171415,0.0680732652928408,2,247.0193595322193,247.4984294575083,247.58095411882059,247.3662477028494,0.2475898922593494,1,-0.49032023389035045,-0.2507852712458523,-0.20952294058971208,-0.31687614857530494,0.12379494612967513,1,0.43201495474222745,0.835498087477133,0.5681226447413498,0.6118785623202366,0.1676018990400986,1,0.32169287052497053,0.7188040689345598,0.33235301417119595,0.45761665121024203,0.18473866234722403,2,0.8221830985915494,0.7733026467203682,0.6868217054263566,0.7607691502460914,0.055967211176476704,3
70,3,0,0.09880487124125163,0.02112085227813129,1.3308873971303303,0.44273709221580226,fully_connected_model_3_states.xdsl,"[0, 5, 95, 100]","{'clf__modelfile': 'fully_connected_model_3_states.xdsl', 'discretize__bins': [0, 5, 95, 100]}",0.16914904612214693,0.10257277664826578,0.045399245296869416,0.10570702268909403,0.050569232574476874,1,1450.498682681172,1451.4217043955791,1451.2275943142195,1451.0493271303237,0.3973467528136643,1,-0.7506586594139416,-0.28914780221046893,-0.3862028428903081,-0.47533643483823956,0.1986733764068155,1,0.5658008658008659,0.6522700814901048,0.3680940961516501,0.5287216811475403,0.11894017294894371,1,0.4544990028675529,0.6152355886975911,0.4679867045027203,0.5125737653559548,0.07280140567654736,1,0.8725490196078431,0.6292067307692307,0.9792944785276074,0.8270167429682272,0.1465042637482452,1
70,3,2,0.09582559267679851,0.020055780103655853,1.3762284119923909,0.47400906456622066,fully_connected_model_3_states.xdsl,"[0, 25, 75, 100]","{'clf__modelfile': 'fully_connected_model_3_states.xdsl', 'discretize__bins': [0, 25, 75, 100]}",0.10695087190303613,0.06250271828375288,0.03908592215033506,0.06951317077904136,0.02814572417941646,3,1450.0996474456838,1451.1910658263987,1451.4215545708382,1450.9040892809735,0.5765565974540137,3,-0.9501762771581329,-0.4044670868006588,-0.2892227145809164,-0.547955359513236,0.28827829872700883,3,0.26509248327430146,0.4349243306169965,0.336382322713258,0.3454663788681853,0.06963047297521165,2,0.2213211931521791,0.3933301653446406,0.4064257042746894,0.34035902092383635,0.08434206785629245,3,0.6298932384341637,0.6729910714285715,0.9219586840091814,0.7416143312906388,0.1287307784235664,2
70,3,1,0.1031206448872884,0.022693065908640977,1.3635613918304443,0.49034833513361764,fully_connected_model_3_states.xdsl,"[0, 33, 66, 100]","{'clf__modelfile': 'fully_connected_model_3_states.xdsl', 'discretize__bins': [0, 33, 66, 100]}",0.1319874849927971,0.05575881047526876,0.033171465818580465,0.07363925376221545,0.042276345635694636,2,1450.8607816787865,1450.9180254582527,1451.322704946147,1451.033837361062,0.20559275904323296,2,-0.56960916060683,-0.5409872708736015,-0.33864752692650046,-0.48308131946897737,0.1027963795216145,2,0.42817788272333723,0.3381174122734076,0.19961173918008446,0.3219690113922764,0.09400779624343929,3,0.26919186056579136,0.5995174909529554,0.5,0.4562364505062489,0.13835989717854982,2,0.85,0.6197387518142234,0.5,0.6565795839380745,0.14524217749144203,3
70,4,1,0.1095425287882487,0.02218821527219456,1.6370048522949219,0.5734612061202999,fully_connected_model_4_states.xdsl,"[0, 5, 50, 95, 100]","{'clf__modelfile': 'fully_connected_model_4_states.xdsl', 'discretize__bins': [0, 5, 50, 95, 100]}",0.18582303118658083,0.16329903178053568,0.04144924655239466,0.13019043650650372,0.06341966957321854,2,5454.7805542824235,5455.507303037212,5454.940409073162,5455.076088797599,0.31182011787166874,3,-0.6097228587881589,-0.24634848139405446,-0.529795463418761,-0.46195560120032475,0.15591005893570087,3,0.6237701692247147,0.7561450191252287,0.2153248829507822,0.5317466904335751,0.23017796797196466,1,0.522381056449521,0.7354312354312355,0.4427823505376858,0.5668648808061474,0.12354472990082827,1,0.9174757281553397,0.7778541953232462,0.9996165644171779,0.8983154959652545,0.09154224146888613,1
70,4,3,0.09710089365641277,0.02502173087851269,1.4780589739481609,0.500132573955769,fully_connected_model_4_states.xdsl,"[0, 20, 50, 80, 100]","{'clf__modelfile': 'fully_connected_model_4_states.xdsl', 'discretize__bins': [0, 20, 50, 80, 100]}",0.12465045057699713,0.51811576832019,0.046025775235726846,0.22959733137763796,0.20652300313356553,1,5454.872301212791,5455.557274796183,5455.160919403943,5455.1968318043055,0.2807899308036989,1,-0.5638493936044825,-0.2213626019083864,-0.41954029802867965,-0.4015840978471828,0.1403949654018732,1,0.382172373081464,0.7739231664726427,0.23128925431083702,0.4624615979549813,0.22868852234731737,3,0.30764460405945027,0.49086766336464766,0.43402871956927214,0.41084699566445665,0.07657552527924437,3,0.8615916955017301,0.8040089086859689,0.988532110091743,0.884710904759814,0.07708469948395846,2
70,4,2,0.11257084210713704,0.022163347883913224,1.5990912119547527,0.5850769451262018,fully_connected_model_4_states.xdsl,"[0, 10, 50, 90, 100]","{'clf__modelfile': 'fully_connected_model_4_states.xdsl', 'discretize__bins': [0, 10, 50, 90, 100]}",0.17050890407882036,0.11454633731500953,0.04773534673206285,0.11093019604196425,0.05018727563951082,3,5454.784000635932,5455.448591131977,5455.176982113049,5455.136524626986,0.2728219663593547,2,-0.607999682034172,-0.27570443401161787,-0.4115089434755384,-0.4317376865071094,0.13641098317968067,2,0.5720582447855175,0.705188757691668,0.2608427543679342,0.51269658561504,0.1861964869021394,2,0.2971369026913646,0.7703962703962703,0.46433760634881,0.5106235931454817,0.19595986274476046,2,0.8129032258064516,0.7716627634660421,0.9973262032085561,0.8606307308270166,0.0981136519916974,3
70,4,0,0.10892987251281738,0.028061283019613397,1.6282790501912434,0.5955365474745996,fully_connected_model_4_states.xdsl,"[0, 25, 50, 75, 100]","{'clf__modelfile': 'fully_connected_model_4_states.xdsl', 'discretize__bins': [0, 25, 50, 75, 100]}",0.13621789314587227,0.06340460184933672,0.055651885939926385,0.08509146031171179,0.03629012952812787,4,5454.524781389227,5455.268113130478,5455.392506113098,5455.061800210934,0.3831103537118892,4,-0.7376093053864791,-0.3659434347610786,-0.30374694345099906,-0.46909989453285217,0.19155517685607373,4,0.44254230617866985,0.44568435057375694,0.29333104944615734,0.3938525687328614,0.07109102142336299,4,0.49054084243827034,0.12980352980352983,0.4564014899256377,0.35891528738914596,0.16260488296373113,4,0.9467741935483872,0.5943905070118662,0.991214667685256,0.8441264560818365,0.17751952405071114,4
70,5,1,0.1259456475575765,0.03271382996090357,2.2328028678894043,0.8129754791109454,fully_connected_model_5_states.xdsl,"[0, 5, 20, 80, 95, 100]","{'clf__modelfile': 'fully_connected_model_5_states.xdsl', 'discretize__bins': [0, 5, 20, 80, 95, 100]}",0.11539373754559765,0.9663721372036884,0.05052263574207999,0.377429503497122,0.41728657963100985,1,15618.847130987193,15619.657612518531,15619.245596012533,15619.250113172753,0.33089311639097135,2,-0.5764345064035686,-0.1711937407348265,-0.3772019937331724,-0.37494341362385586,0.16544655819534748,2,0.32990948445493895,0.9960751704639947,0.2831220737695558,0.5363689095628299,0.3256221226958821,1,0.2803921794714443,0.9751498501498501,0.4684336800949838,0.5746585699054261,0.2934108049056266,1,0.8693548387096773,0.9755529685681024,0.9942616679418517,0.9463898250732106,0.05500482221942989,1
70,5,2,0.1275939146677653,0.02766554628508093,2.241098721822103,0.8071982935991519,fully_connected_model_5_states.xdsl,"[0, 5, 25, 75, 95, 100]","{'clf__modelfile': 'fully_connected_model_5_states.xdsl', 'discretize__bins': [0, 5, 25, 75, 95, 100]}",0.11216537823013804,0.07126788167257991,0.07035784312565636,0.08459703434279144,0.019497302908478942,3,15618.22075706313,15619.291254604426,15619.401569244617,15618.971193637391,0.5325464730588898,3,-0.8896214684344409,-0.3543726977871286,-0.2992153776916706,-0.5144031813044133,0.2662732365292239,3,0.3068870523415978,0.5087643439215035,0.42487153134635147,0.41350764253648425,0.08280685837365499,3,0.2999103456014194,0.6797346200241254,0.4985200495191822,0.492721671714909,0.15511680706068917,2,0.86084142394822,0.728177641653905,1.0,0.8630063552007083,0.11098157150237217,2
70,5,0,0.12538250287373862,0.03133716663167249,2.2467532952626548,0.8273521804387259,fully_connected_model_5_states.xdsl,"[0, 20, 40, 60, 80, 100]","{'clf__modelfile': 'fully_connected_model_5_states.xdsl', 'discretize__bins': [0, 20, 40, 60, 80, 100]}",0.19023777946512094,0.21218641116373663,0.033173244788972434,0.14519914513927668,0.07971945546867293,2,15618.985552256321,15619.493553470957,15619.420260962539,15619.299788896606,0.2242044417051427,1,-0.5072238718397419,-0.2532232645220102,-0.2898695187301913,-0.35010555169731444,0.11210222085268545,1,0.5920503738685557,0.7138366871777815,0.2295306611853374,0.5118059074105582,0.20569793792678137,2,0.25822902977595974,0.3506537022821703,0.3691244198318829,0.32600238396333764,0.048512627256939646,3,0.7768166089965398,0.6513966480446928,0.880061115355233,0.7694247907988219,0.0934980886963449,3
80,2,2,0.08865602811177571,0.017759781832176566,1.28943928082784,0.47380664650963605,fully_connected_model_2_states.xdsl,"[0, 95, 100]","{'clf__modelfile': 'fully_connected_model_2_states.xdsl', 'discretize__bins': [0, 95, 100]}",0.2572663739695197,0.1956254021477166,0.04871857244432505,0.16720344952052046,0.0874791477004851,2,246.1242729699495,247.4373354750526,247.0934237135468,246.88501071951632,0.5559438026980111,3,-0.9378635150252519,-0.2813322624737024,-0.45328814322659877,-0.557494640241851,0.27797190134900196,3,0.6951487252124646,0.7547040636042402,0.3182614826752619,0.5893714238306555,0.1932393330004712,1,0.5897719403279972,0.7436152208544345,0.4317504593314246,0.5883792068379521,0.12732206446614477,1,0.7788104089219331,0.7646370023419204,0.941967717140661,0.8284717094681716,0.08046212020454481,1
80,2,1,0.07979774475097656,0.017605059363414517,1.309388796488444,0.4783278577599115,fully_connected_model_2_states.xdsl,"[0, 50, 100]","{'clf__modelfile': 'fully_connected_model_2_states.xdsl', 'discretize__bins': [0, 50, 100]}",0.3754336734459566,0.5373103031559822,0.032983419411396264,0.31524246533777833,0.2102437277178129,1,247.06648781917346,247.48944868251343,246.80383554326235,247.1199240149831,0.28243927305455874,2,-0.466756090413271,-0.25527565874328034,-0.5980822283688206,-0.44003799250845727,0.14121963652728092,2,0.6778328611898017,0.8273777974087161,0.07125805801772764,0.5254895722054151,0.3269409970704289,3,0.2231307029057209,0.7287735849056604,0.22065761839109113,0.39085396873415745,0.23894738511769492,3,0.8295081967213115,0.7664835164835164,0.7778631821675633,0.7912849651241304,0.027424268730074034,2
80,2,0,0.0881044864654541,0.01717499331145379,1.2776864369710286,0.48344423382026874,fully_connected_model_2_states.xdsl,"[0, 5, 100]","{'clf__modelfile': 'fully_connected_model_2_states.xdsl', 'discretize__bins': [0, 5, 100]}",0.14770014686712568,0.19875709219263063,0.10694324586511043,0.1511334949749556,0.03756138534706024,3,246.8700306208364,247.43578436694304,247.54551777610004,247.2837775879598,0.29597327567894244,1,-0.5649846895818065,-0.28210781652848244,-0.22724111194997604,-0.35811120602008834,0.14798663783947213,1,0.3916784702549575,0.6630005889281507,0.612076954069299,0.5555853377508024,0.11774945167893495,2,0.27485108583670725,0.66143264591423,0.3321237282100622,0.42280248665366643,0.17034925608417548,2,0.8221830985915494,0.7733026467203682,0.7031007751937984,0.7661955068352387,0.04887421620487797,3
80,3,0,0.10089683532714844,0.020864944093263067,1.401018222173055,0.49937848117006994,fully_connected_model_3_states.xdsl,"[0, 5, 95, 100]","{'clf__modelfile': 'fully_connected_model_3_states.xdsl', 'discretize__bins': [0, 5, 95, 100]}",0.18955494931940167,0.105963860969738,0.04899392942908853,0.11483757990607607,0.057725830405299466,1,1450.498039611096,1451.3464676446536,1451.1557274169757,1451.0000782242416,0.36343503356231927,1,-0.7509801944520152,-0.32676617767320537,-0.42213629151219917,-0.49996088787913995,0.18171751678114953,1,0.5619511331444759,0.578783863368669,0.341941982272361,0.4942256595951687,0.10789987329593384,1,0.392206891512612,0.678254976420114,0.41865904617935623,0.49637363803736073,0.12906211698391473,1,0.8725490196078431,0.799165673420739,0.9769938650306749,0.882902852686419,0.0729662836629781,1
80,3,2,0.09154399236043294,0.018866100947919514,1.3433655103047688,0.4837887082629952,fully_connected_model_3_states.xdsl,"[0, 25, 75, 100]","{'clf__modelfile': 'fully_connected_model_3_states.xdsl', 'discretize__bins': [0, 25, 75, 100]}",0.12275954685612571,0.07468350835596738,0.044492136219922485,0.08064506381067187,0.032229406856716554,3,1449.9885013376327,1451.1332968962429,1451.3609304306638,1450.8275762215133,0.6005493330096242,3,-1.0057493311836938,-0.4333515518785583,-0.31953478466816004,-0.5862118892434707,0.30027466650481416,3,0.26048158640226626,0.46600412249705536,0.3361099919419822,0.3541985669471013,0.08487353580473062,2,0.21661318750847383,0.3733463274747678,0.3468739141564667,0.3122778097132361,0.06850297863552436,3,0.6285714285714286,0.671875,0.9162203519510329,0.7388889268408204,0.12663234334963955,2
80,3,1,0.09098275502522786,0.02153768209635737,1.35777481396993,0.48132504691343875,fully_connected_model_3_states.xdsl,"[0, 33, 66, 100]","{'clf__modelfile': 'fully_connected_model_3_states.xdsl', 'discretize__bins': [0, 33, 66, 100]}",0.1495219797107416,0.0644513040080957,0.038440106070317635,0.08413779659638498,0.04743742654408617,2,1450.776214723492,1450.7336056677568,1451.2591781198778,1450.9229995037088,0.23834978411931032,2,-0.6118926382540023,-0.6331971661215544,-0.37041094006108694,-0.5385002481455479,0.11917489205966568,2,0.42011331444759203,0.3477620730270907,0.2332191780821918,0.3336981885189582,0.07694456527282383,3,0.2381039845845879,0.5989010989010989,0.5,0.4456683611618956,0.1522226103636952,2,0.8571428571428571,0.6175616835994194,0.5,0.6582348469140922,0.14861243726004753,3
80,4,1,0.10368005434672038,0.023750511021477617,1.6909387111663818,0.6391136354964458,fully_connected_model_4_states.xdsl,"[0, 5, 50, 95, 100]","{'clf__modelfile': 'fully_connected_model_4_states.xdsl', 'discretize__bins': [0, 5, 50, 95, 100]}",0.2124403457555537,0.17271590843463724,0.039336632905881005,0.14149762903202398,0.07403674572908693,2,5454.773204920958,5455.474628119229,5454.7925806635885,5455.013471234592,0.3261830866623892,2,-0.6133975395208011,-0.26268594038536813,-0.6037096682055197,-0.49326438270389633,0.16309154333110898,2,0.6278328611898016,0.7465106007067137,0.18461925866236906,0.5196542401862948,0.24180905772635836,1,0.4858978106161297,0.7376179245283019,0.39261282846813333,0.5387095212041882,0.14571418750027781,1,0.9174757281553397,0.7771664374140302,0.9869631901840491,0.8938684519178063,0.0872607089387028,1
80,4,3,0.094878355662028,0.02238141907170101,1.6100648244222004,0.5973488682109738,fully_connected_model_4_states.xdsl,"[0, 20, 50, 80, 100]","{'clf__modelfile': 'fully_connected_model_4_states.xdsl', 'discretize__bins': [0, 20, 50, 80, 100]}",0.14053952355703242,0.468485155695872,0.03818555585813661,0.21573674503701368,0.18354001015920357,1,5454.763640977795,5455.448264971732,5455.011746950477,5455.074550966668,0.2830026638341321,1,-0.6181795111022602,-0.2758675141341718,-0.49412652476151425,-0.46272451666598213,0.14150133191692116,1,0.3725920679886686,0.6803886925795052,0.1852639000805802,0.41274822021625135,0.20411847451593643,3,0.29116848091723546,0.4426409472281032,0.3678071087740349,0.36720551230645787,0.06183983856871228,3,0.8615916955017301,0.7943143812709029,0.9667431192660549,0.8742163986795627,0.07095752142137096,2
80,4,2,0.1111305554707845,0.018175212614077802,1.6313303311665852,0.6058512674859013,fully_connected_model_4_states.xdsl,"[0, 10, 50, 90, 100]","{'clf__modelfile': 'fully_connected_model_4_states.xdsl', 'discretize__bins': [0, 10, 50, 90, 100]}",0.1823649183530035,0.11985650663197767,0.042967560337944855,0.11506299510764201,0.05700958498325852,3,5454.633601012307,5455.369459835584,5455.022140952039,5455.008400599977,0.300570180273955,3,-0.6831994938464041,-0.3152700822078586,-0.4889295239804254,-0.49579970001156276,0.15028509013692537,3,0.5396954674220963,0.6836866902237927,0.21567788074133762,0.47968667946240884,0.19571893523211506,2,0.255404188915633,0.7511040106201955,0.4049787515913097,0.4704956503757127,0.20760367101639934,2,0.8122977346278317,0.7716627634660421,0.994270435446906,0.8594103111802599,0.09679269964978858,3
80,4,0,0.10862326622009277,0.01938865653047609,1.573035717010498,0.55767518694292,fully_connected_model_4_states.xdsl,"[0, 25, 50, 75, 100]","{'clf__modelfile': 'fully_connected_model_4_states.xdsl', 'discretize__bins': [0, 25, 50, 75, 100]}",0.14258349993280206,0.07605685075642751,0.0503519731784898,0.08966410795590646,0.03886327931117353,4,5454.389512452533,5455.199605907471,5455.3183935907555,5454.969170650253,0.41273910085582244,4,-0.805243773733516,-0.40019704626476976,-0.3408032046223859,-0.5154146748735572,0.20636955042793492,4,0.38711048158640227,0.47444051825677264,0.3200141015310234,0.39385503379139947,0.06322444824603396,4,0.4250259956472566,0.11757812500000002,0.40453173253470376,0.3157119510606535,0.14035137685396745,4,0.95,0.5938511326860841,0.9828113063407181,0.842220813008934,0.17613398126369997,4
80,5,1,0.13051676750183105,0.036782420660900886,2.263749281565348,0.8405842503525776,fully_connected_model_5_states.xdsl,"[0, 5, 20, 80, 95, 100]","{'clf__modelfile': 'fully_connected_model_5_states.xdsl', 'discretize__bins': [0, 5, 20, 80, 95, 100]}",0.13066983846991065,0.8812078502640895,0.04897175236134177,0.353616480365114,0.3745514068076273,1,15618.735073637643,15619.629470081281,15619.133876049806,15619.16613992291,0.36584784426412076,2,-0.6324631811787461,-0.18526495935971252,-0.43306197509681715,-0.416930038545092,0.18292392213195818,2,0.3173158640226629,0.9615871613663134,0.22544319097502016,0.5014487387879988,0.3275216765985365,1,0.26468726736747444,0.9150219053017307,0.42271976049696663,0.5341429777220572,0.27694179331508434,1,0.8693548387096773,0.9708737864077671,0.9927314460596787,0.9443200237257078,0.053754215615958584,1
80,5,2,0.12487355868021648,0.029996838762312565,2.241882085800171,0.7860642861305963,fully_connected_model_5_states.xdsl,"[0, 5, 25, 75, 95, 100]","{'clf__modelfile': 'fully_connected_model_5_states.xdsl', 'discretize__bins': [0, 5, 25, 75, 95, 100]}",0.12229567638418393,0.07257638000597672,0.06198538371788047,0.08561914670268038,0.02629218100123147,3,15618.092910155581,15619.20446982436,15619.296133546293,15618.864504508747,0.5468814276455376,3,-0.9535449222096585,-0.39776508781954806,-0.3519332268531614,-0.567747745627456,0.273440713822954,3,0.2621458923512748,0.43686690223792696,0.351027397260274,0.35001339728315856,0.07133315718475804,3,0.234337251978507,0.6343101343101343,0.42453146003339187,0.43105961544067767,0.16335348024031343,2,0.86084142394822,0.6687116564417178,0.9999999999999999,0.8431843601299792,0.13582297442236752,2
80,5,0,0.12373439470926921,0.02926963180793588,2.221637487411499,0.8294826087069325,fully_connected_model_5_states.xdsl,"[0, 20, 40, 60, 80, 100]","{'clf__modelfile': 'fully_connected_model_5_states.xdsl', 'discretize__bins': [0, 20, 40, 60, 80, 100]}",0.21622461747980262,0.12845361597869243,0.03667797508596633,0.1271187361814871,0.0733056870316793,2,15618.931083432624,15619.373227727789,15619.342118337203,15619.215476499206,0.2014969160808764,1,-0.534458283687722,-0.31338613610597227,-0.32894083139843266,-0.3922617503973756,0.1007484580403252,1,0.6020892351274787,0.6729829210836279,0.21430298146655924,0.49645837922588854,0.20160229833454496,2,0.24743693073885936,0.354230377166157,0.33016514790289037,0.31061081860263556,0.045738305578163004,3,0.7913793103448277,0.6425364758698092,0.8770053475935828,0.7703070446027399,0.09687429393973658,3
90,2,2,0.08676528930664062,0.015710780875548194,1.2831433614095051,0.4457687098853759,fully_connected_model_2_states.xdsl,"[0, 95, 100]","{'clf__modelfile': 'fully_connected_model_2_states.xdsl', 'discretize__bins': [0, 95, 100]}",0.34335240057986266,0.18733350875547122,0.054309583741644886,0.19499849769232624,0.11812564365396268,3,246.21952635789532,247.37864090258944,246.99708696628534,246.8650847422567,0.4823242839223036,3,-0.8902368210523394,-0.3106795487052866,-0.5014565168573258,-0.5674576288716505,0.24116214196114966,3,0.7431486880466472,0.6991060786650773,0.3027619821283509,0.5816722496133585,0.1980372706364524,2,0.549576724465093,0.7109046337941851,0.4194279484972415,0.5599697689188399,0.11922157536197477,1,0.7788104089219331,0.7712378640776699,0.9447429009976975,0.8315970579991001,0.08006589869081604,1
90,2,1,0.0886670748392741,0.009170672975200751,1.3554686705271404,0.5155665131086143,fully_connected_model_2_states.xdsl,"[0, 50, 100]","{'clf__modelfile': 'fully_connected_model_2_states.xdsl', 'discretize__bins': [0, 50, 100]}",0.3821915271567129,0.5071836590740512,0.037141662597144846,0.30883894960930297,0.19878014670758848,1,247.02212764863484,247.4654617088158,246.6539919618795,247.04719377311005,0.33175495022216783,2,-0.4889361756825849,-0.2672691455920994,-0.6730040190602392,-0.4764031134449745,0.16587747511108053,2,0.6609977324263039,0.8152430141703085,0.07004242260131781,0.5154277230659767,0.32116864846740334,3,0.21226319986768474,0.7315035799522673,0.1979874276915356,0.38058473583716257,0.24820552744868143,3,0.8506493506493507,0.7664835164835164,0.7776497695852534,0.7982608789060402,0.037323676853375023,2
90,2,0,0.0909876823425293,0.01874541001639861,1.2625240484873455,0.465015146554095,fully_connected_model_2_states.xdsl,"[0, 5, 100]","{'clf__modelfile': 'fully_connected_model_2_states.xdsl', 'discretize__bins': [0, 5, 100]}",0.15369925159787207,0.44542403253278984,0.13521817390767238,0.2447804860127781,0.14207688558956116,2,246.67514958850867,247.36532720039568,247.51719661582166,247.1858911349087,0.3664321449234072,1,-0.6624252057456581,-0.3173363998021524,-0.24140169208916576,-0.4070544325456587,0.18321607246170354,1,0.34318108195659214,0.7339027943318766,0.6716490658001624,0.5829109806962104,0.1714092567342962,1,0.2680995297498284,0.6048155255352198,0.4183803413122118,0.43043179886575333,0.13772761445769335,2,0.8221830985915494,0.7733026467203683,0.7453488372093023,0.7802781941737399,0.03175289621692846,3
90,3,0,0.09312216440836589,0.020372159781095314,1.3946415583292644,0.4792473560461087,fully_connected_model_3_states.xdsl,"[0, 5, 95, 100]","{'clf__modelfile': 'fully_connected_model_3_states.xdsl', 'discretize__bins': [0, 5, 95, 100]}",0.22863554121924912,0.09628490429814246,0.054475330737461115,0.12646525875161757,0.07423424670131804,1,1450.4840231197627,1451.265885494787,1451.1072066055324,1450.9523717400273,0.3374488307399323,1,-0.7579884401186072,-0.3670572526065593,-0.4463966972338011,-0.5238141299863226,0.1687244153699327,1,0.5988176222870101,0.47743345252284464,0.3302012817041249,0.4688174521713266,0.1098312681755615,1,0.298886081799761,0.49540879392548115,0.421253310560638,0.40518272876196004,0.08103082456622364,2,0.8496732026143792,0.6452380952380952,0.9777777777777779,0.8242296918767508,0.13694570528714436,1
90,3,2,0.0920878251393636,0.023597692858041613,1.2952516078948975,0.4468970094622089,fully_connected_model_3_states.xdsl,"[0, 25, 75, 100]","{'clf__modelfile': 'fully_connected_model_3_states.xdsl', 'discretize__bins': [0, 25, 75, 100]}",0.13398557495626898,0.08632881662811716,0.05446339845554242,0.0915925966799762,0.03267746087829692,3,1449.850774677612,1451.055313201834,1451.3264193967798,1450.7441690920753,0.6413474498169859,3,-1.0746126611940527,-0.4723433990829653,-0.3367903016100514,-0.6279154539623565,0.32067372490853596,3,0.22853903466148365,0.4838696861342868,0.3794114992327828,0.36394007334285106,0.10481081101897284,2,0.20616536770148478,0.3510091304754287,0.3126879129914797,0.28995413705613104,0.06127831225829474,3,0.6232142857142857,0.6651735722284434,0.9150726855394031,0.7344868478273773,0.12883731089455377,2
90,3,1,0.10169212023417155,0.015590297924876125,1.3793339729309082,0.49529852554430726,fully_connected_model_3_states.xdsl,"[0, 33, 66, 100]","{'clf__modelfile': 'fully_connected_model_3_states.xdsl', 'discretize__bins': [0, 33, 66, 100]}",0.16000019731367204,0.07420918368134716,0.044210065978094085,0.0928064823243711,0.04906616802027621,2,1450.6835356583729,1450.6721443000301,1451.1945580902163,1450.8500793495398,0.24362764326570094,2,-0.658232170813535,-0.663927849984891,-0.40272095489181964,-0.5749603252300818,0.12181382163284138,2,0.383738257207645,0.37606939478214807,0.2608538676775882,0.3402205065557937,0.0562079495435946,3,0.24555123272213386,0.5995055624227441,0.5,0.4483522650482927,0.14904481042667098,1,0.8609271523178809,0.6168359941944848,0.5,0.6592543821707886,0.15036974883921936,3
90,4,1,0.11317284901936848,0.019689991441721098,1.633931318918864,0.5999992792611966,fully_connected_model_4_states.xdsl,"[0, 5, 50, 95, 100]","{'clf__modelfile': 'fully_connected_model_4_states.xdsl', 'discretize__bins': [0, 5, 50, 95, 100]}",0.2409098694390401,0.16000735185266243,0.04212453167630452,0.14768058432266903,0.08162052244243924,1,5454.7507913541,5455.429966928343,5454.681796500844,5454.954184927763,0.3376057429420432,2,-0.6246043229499039,-0.2850165358284639,-0.6591017495778035,-0.5229075361187238,0.16880287147105869,2,0.635341755749919,0.7225797907561913,0.16146764148388842,0.506463062663333,0.24653464822620183,1,0.41143254183813227,0.7392601431980907,0.3551227874015934,0.5019384908126056,0.16937900721834578,1,0.9158576051779935,0.7757909215955984,0.9861963190184049,0.8926149485973323,0.08745579313709376,1
90,4,3,0.09694965680440266,0.017575023415009695,1.553609291712443,0.5764255237872475,fully_connected_model_4_states.xdsl,"[0, 20, 50, 80, 100]","{'clf__modelfile': 'fully_connected_model_4_states.xdsl', 'discretize__bins': [0, 20, 50, 80, 100]}",0.1554596380968975,0.1420939461660396,0.04105750340320995,0.11287036255538235,0.0510716848159197,3,5454.661591067497,5455.282456376398,5454.933433333152,5454.959160259016,0.2541191833043184,1,-0.6692044662512884,-0.3587718118009974,-0.5332833334241049,-0.5204198704921302,0.12705959165214606,1,0.3573696145124716,0.5642166600450271,0.16283058037729034,0.361472284978263,0.16389085833051995,4,0.29123063207570954,0.3616769328250459,0.3369284983038529,0.3299453544015361,0.029180399202053835,3,0.8615916955017301,0.7733853006681515,0.963302752293578,0.86609324948782,0.07759878692862544,2
90,4,2,0.10354820887247722,0.024649449648230185,1.646658182144165,0.640398282068034,fully_connected_model_4_states.xdsl,"[0, 10, 50, 90, 100]","{'clf__modelfile': 'fully_connected_model_4_states.xdsl', 'discretize__bins': [0, 10, 50, 90, 100]}",0.18645047188985853,0.1279353465559641,0.04553026794086768,0.11997202879556344,0.057805344577418497,2,5454.388176216911,5455.279474494356,5454.930586335,5454.866079015423,0.36671883012577766,3,-0.8059118915445903,-0.36026275282216735,-0.5347068324999488,-0.5669604922889021,0.1833594150629586,3,0.47769679300291545,0.6588134021983842,0.18876252369347413,0.4417575729649246,0.19357285923481762,2,0.1954446850875901,0.7219400283013394,0.367356119969785,0.42824694445290484,0.21921086649786395,2,0.814516129032258,0.7704918032786885,0.9938884644766998,0.8596321322625488,0.09661989915544128,3
90,4,0,0.10988354682922363,0.025673331806926145,1.6499176025390625,0.6056528550038013,fully_connected_model_4_states.xdsl,"[0, 25, 50, 75, 100]","{'clf__modelfile': 'fully_connected_model_4_states.xdsl', 'discretize__bins': [0, 25, 50, 75, 100]}",0.14484043354332485,0.08744755591324453,0.056894431444509196,0.09639414030035952,0.036456877270167186,4,5454.175474262622,5455.022274984752,5455.281939949252,5454.826563065541,0.4724362005697015,4,-0.9122628686889757,-0.48886250762412264,-0.35903002537423256,-0.5867184672291104,0.23621810028472767,4,0.3115322319403952,0.4873261819626539,0.3543370340283419,0.384398482643797,0.07484938759826,3,0.32357119827098024,0.1064240254574384,0.3714360598576598,0.2671437611953595,0.11531373533518138,4,0.9377049180327869,0.5938511326860841,0.9816653934300993,0.8377404813829901,0.1733871230419379,4
90,5,1,0.12747891743977866,0.02771590939913411,2.1749680042266846,0.7816561941715207,fully_connected_model_5_states.xdsl,"[0, 5, 20, 80, 95, 100]","{'clf__modelfile': 'fully_connected_model_5_states.xdsl', 'discretize__bins': [0, 5, 20, 80, 95, 100]}",0.14385342791135494,0.8381751394011031,0.05086416354993989,0.3442975769541326,0.35128149760369315,1,15618.632028386537,15619.561959585059,15619.062444627132,15619.085477532908,0.37999201268560306,2,-0.6839858067318059,-0.21902020747068413,-0.46877768643429385,-0.4572612335455946,0.18999600634296981,2,0.29659863945578235,0.949410674082903,0.20642657279537863,0.48414529544468804,0.33104547000975887,1,0.2687333295298767,0.9054684138680736,0.38922252141225655,0.5211414216034024,0.2761760779859156,1,0.8713826366559485,0.9692556634304207,0.9927258805513017,0.9444547268792237,0.052550677446468574,1
90,5,2,0.12521672248840332,0.03421804124488556,2.26639461517334,0.8401729858911745,fully_connected_model_5_states.xdsl,"[0, 5, 25, 75, 95, 100]","{'clf__modelfile': 'fully_connected_model_5_states.xdsl', 'discretize__bins': [0, 5, 25, 75, 95, 100]}",0.13048257591705972,0.08095776493176843,0.06559212294880833,0.09234415459921215,0.027687904986959725,3,15617.935202451628,15619.074474941672,15619.256230687031,15618.755302693442,0.58462642927607,3,-1.0323987741858898,-0.46276252916458577,-0.37188465648409763,-0.6223486532781911,0.29231321463805054,3,0.21059280855199225,0.4309362998278374,0.3659897102626591,0.33583960621416287,0.09244668776294247,3,0.2065371943537148,0.6186650185414091,0.38600433332960893,0.40373551540824426,0.1687169858685447,2,0.854368932038835,0.6476923076923077,1.0,0.8340204132437142,0.14454693396416138,2
90,5,0,0.13016215960184732,0.03278220125894157,2.223393758138021,0.8327697040165982,fully_connected_model_5_states.xdsl,"[0, 20, 40, 60, 80, 100]","{'clf__modelfile': 'fully_connected_model_5_states.xdsl', 'discretize__bins': [0, 20, 40, 60, 80, 100]}",0.24167185767155439,0.11789109021630996,0.04037824846925015,0.13331373211903816,0.0828982214882295,2,15618.873229821877,15619.285566593026,15619.268187447648,15619.142327954183,0.19041334386316164,1,-0.5633850890614911,-0.357216703486937,-0.3659062761759038,-0.4288360229081107,0.09520667193160806,1,0.6043407839326206,0.6153489604025957,0.20058669555013992,0.4734254799617854,0.19297849050557733,2,0.22990381112774202,0.2936606039201836,0.29145651547209006,0.2716736435066719,0.02954943512370052,3,0.7810344827586208,0.6179775280898877,0.8663101604278075,0.7551073904254387,0.10302567530672511,3
100,2,2,0.08977723121643066,0.019549949872122087,1.2939105033874512,0.45171740953977585,fully_connected_model_2_states.xdsl,"[0, 95, 100]","{'clf__modelfile': 'fully_connected_model_2_states.xdsl', 'discretize__bins': [0, 95, 100]}",0.473753175245638,0.1826462070460862,0.05967792560872514,0.23869243596681644,0.17362884346145582,2,246.31561410978162,247.32535355182407,246.95882779897838,246.86659848686136,0.4173512666920847,3,-0.8421929451091869,-0.33732322408796456,-0.5205861005108142,-0.5667007565693218,0.2086756333460419,3,0.7861111111111111,0.657394451145959,0.28350532350532354,0.5756702952541312,0.21317015531554806,1,0.5099809665510266,0.6718863695898943,0.40713913488633924,0.5296688236757534,0.10897548152196916,1,0.7788104089219331,0.7691373025516404,0.9497699386503067,0.8325725500412934,0.08296510579471271,1
100,2,1,0.0849311351776123,0.00911420951052543,1.2820768356323242,0.3947384559153914,fully_connected_model_2_states.xdsl,"[0, 50, 100]","{'clf__modelfile': 'fully_connected_model_2_states.xdsl', 'discretize__bins': [0, 50, 100]}",0.3763104121218438,0.4888741340907677,0.0410047635256559,0.30206310324608915,0.19023010702666765,1,246.9646561925944,247.44218275264254,246.50022081502536,246.96901992008745,0.3845667298559102,2,-0.5176719037028028,-0.27890862367873265,-0.7498895924873226,-0.515490039956286,0.19228336492795517,2,0.6248798798798799,0.8072557297949337,0.06769041769041767,0.4999420091217437,0.31458577672790095,3,0.20922050683963617,0.7342995169082125,0.1792023422562049,0.3742407886680179,0.2548947343351751,3,0.8506493506493507,0.7664835164835164,0.7745775729646697,0.7972368133658456,0.03791264337813433,2
100,2,0,0.09852488835652669,0.022370161411924182,1.2316594123840332,0.46690053109611906,fully_connected_model_2_states.xdsl,"[0, 5, 100]","{'clf__modelfile': 'fully_connected_model_2_states.xdsl', 'discretize__bins': [0, 5, 100]}",0.16570378777786443,0.1813256115688074,0.15991065191764456,0.16898001708810548,0.009044349362454431,3,246.51648731949024,247.30859192490192,247.48956620541026,247.1048818166008,0.422566748750123,1,-0.7417563402548817,-0.3457040375490476,-0.2552168972948763,-0.4475590916996019,0.21128337437505953,1,0.2937687687687688,0.6087756332931242,0.7256142506142507,0.5427195508920479,0.18238271951078122,2,0.2604323186028488,0.5579189800604915,0.5360683159874772,0.4514732048836058,0.13538052064042982,2,0.8221830985915494,0.7733026467203683,0.7794573643410853,0.7916477032176675,0.021737493189221076,3
100,3,0,0.09172145525614421,0.018971798156449227,1.3304465611775715,0.48329524211467784,fully_connected_model_3_states.xdsl,"[0, 5, 95, 100]","{'clf__modelfile': 'fully_connected_model_3_states.xdsl', 'discretize__bins': [0, 5, 95, 100]}",0.2818395205700487,0.0895400355166423,0.05945964920447684,0.14361306843038926,0.09850929385430407,1,1450.5058175573827,1451.2101265801782,1451.0596506955792,1450.9251982777132,0.3028430720139609,1,-0.7470912213086558,-0.3949367099109303,-0.47017465221042143,-0.5374008611433357,0.15142153600696215,1,0.6403903903903904,0.3712303980699638,0.32323505323505325,0.4449519472318024,0.13957799988929712,1,0.2679279970827313,0.4114396872059066,0.43452255041296517,0.3712967449005344,0.07369770761936616,1,0.8186274509803921,0.6192443919716647,0.9793103448275863,0.8057273959265477,0.14727905749925851,1
100,3,2,0.0930310885111491,0.01804477365854921,1.3188677628835042,0.4400426428673213,fully_connected_model_3_states.xdsl,"[0, 25, 75, 100]","{'clf__modelfile': 'fully_connected_model_3_states.xdsl', 'discretize__bins': [0, 25, 75, 100]}",0.1397438974199625,0.10049835451257008,0.06563615304588628,0.10195946832613961,0.03027199568617293,2,1449.6438246445466,1451.0601487546367,1451.3039935200588,1450.669322306414,0.7319376832661894,3,-1.1780876777266598,-0.4699256226816378,-0.34800323997052757,-0.6653388467929416,0.3659688416331,3,0.1439039039039039,0.5044993968636912,0.41982800982800983,0.35607710353186833,0.15395975865121933,2,0.19936883127885796,0.43969690795665123,0.3220234223297684,0.32036305385509256,0.09812055077816469,3,0.6214285714285714,0.8479955456570156,0.9150726855394032,0.7948322675416635,0.125635629349219,2
100,3,1,0.10425988833109538,0.02451125803017367,1.361650864283244,0.4857267002335232,fully_connected_model_3_states.xdsl,"[0, 33, 66, 100]","{'clf__modelfile': 'fully_connected_model_3_states.xdsl', 'discretize__bins': [0, 33, 66, 100]}",0.16323633120756753,0.07792644628688354,0.049335122737269935,0.09683263341057367,0.04838356646917448,3,1450.5402045077242,1450.6488993689284,1451.1446726845484,1450.7779255204005,0.2630985303658853,2,-0.7298977461378993,-0.6755503155358135,-0.4276636577258394,-0.6110372397998507,0.13154926518292873,2,0.3142042042042042,0.35214716525934864,0.26916461916461915,0.31183866287605727,0.03391875173039592,3,0.23995671443522007,0.2650648582045386,0.5,0.33500719087991954,0.11711696437575178,2,0.8588039867109635,0.6694537346711259,0.5,0.676085907127363,0.14655616557833673,3
100,4,1,0.11314686139424641,0.017742246073406978,1.7208153406778972,0.6261548125969947,fully_connected_model_4_states.xdsl,"[0, 5, 50, 95, 100]","{'clf__modelfile': 'fully_connected_model_4_states.xdsl', 'discretize__bins': [0, 5, 50, 95, 100]}",0.25349524133724993,0.17222021229957207,0.04512957115737747,0.1569483415980665,0.08574763613231359,1,5454.720350969869,5455.401118704784,5454.602552289769,5454.9080073214745,0.35198319990260185,1,-0.6398245150654515,-0.29944064760806594,-0.6987238551155255,-0.5459963392630143,0.17599159995138222,1,0.6111411411411412,0.7221471652593486,0.14529893529893528,0.4928624138998084,0.24990780045247044,1,0.37559042904621437,0.7433574879227054,0.3233353150423366,0.48076107733708545,0.1869051548677888,1,0.9158576051779935,0.7771664374140302,0.9858019953952418,0.8929420126624219,0.08670271929141042,1
100,4,0,0.1021276315053304,0.022603342008651127,1.6576097806294758,0.6161920367056665,fully_connected_model_4_states.xdsl,"[0, 25, 50, 75, 100]","{'clf__modelfile': 'fully_connected_model_4_states.xdsl', 'discretize__bins': [0, 25, 50, 75, 100]}",0.14680092074789913,0.08611958481698818,0.06433571882905366,0.09908540813131365,0.034892327834283934,4,5453.979305692973,5454.875300056389,5455.250349539483,5454.701651762948,0.5332312895914195,4,-1.010347153513734,-0.5623499718052436,-0.37482523025864267,-0.6491741185258735,0.26661564479575794,4,0.22423423423423422,0.41530759951749097,0.39122031122031115,0.3435873816573454,0.08496638438908277,3,0.27101168735904113,0.26277032336932793,0.34185675073995936,0.29187958715610945,0.03549899228633496,3,0.9375,0.6620267260579065,0.9809014514896868,0.8601427258491977,0.14120524902384732,2
100,4,2,0.10526903470357259,0.02404369892852229,1.5940032800038655,0.5925388406353427,fully_connected_model_4_states.xdsl,"[0, 10, 50, 90, 100]","{'clf__modelfile': 'fully_connected_model_4_states.xdsl', 'discretize__bins': [0, 10, 50, 90, 100]}",0.18992891474583204,0.1280728158448966,0.0483463053268288,0.12211601197251916,0.057954128163309665,2,5454.188351002411,5455.1908944736615,5454.861883641563,5454.747043039212,0.4172646050154669,3,-0.90582449879471,-0.40455276316908884,-0.5690581792187186,-0.6264784803941725,0.20863230250784998,3,0.41894894894894896,0.6198431845597104,0.1706060606060606,0.40313273137157335,0.18374096429190362,2,0.11802458404071471,0.6899122695640081,0.3361810994686338,0.38137265102445217,0.23564887504125562,2,0.8048387096774194,0.7622950819672132,0.9938884644766998,0.8536740853737775,0.10065632666024084,3
100,4,3,0.09708484013875325,0.01944358331734022,1.5498700141906738,0.5169259692180881,fully_connected_model_4_states.xdsl,"[0, 20, 50, 80, 100]","{'clf__modelfile': 'fully_connected_model_4_states.xdsl', 'discretize__bins': [0, 20, 50, 80, 100]}",0.15485031125071233,0.12284293739406443,0.04421779869009117,0.10730368244495597,0.0464828967983497,3,5454.465592622808,5455.150919389748,5454.988399510051,5454.868303840868,0.2923872109473934,2,-0.7672036885958566,-0.4245403051257288,-0.5058002449743559,-0.5658480795653138,0.14619360547369195,2,0.26102102102102104,0.47088057901085645,0.14931203931203932,0.29373787978130556,0.13330260329131544,4,0.29618333545134923,0.25909324640296494,0.31144190791384246,0.2889061632560522,0.021982015631952567,4,0.8563829787234042,0.6649944258639912,0.9606269113149848,0.8273347719674601,0.12242682263372692,4
100,5,1,0.13431247075398764,0.027117871385576066,2.230205694834391,0.8169740403275932,fully_connected_model_5_states.xdsl,"[0, 5, 20, 80, 95, 100]","{'clf__modelfile': 'fully_connected_model_5_states.xdsl', 'discretize__bins': [0, 5, 20, 80, 95, 100]}",0.15164912716535592,0.9999009900990099,0.0607441278982369,0.40409808172086753,0.4229276998470137,1,15618.459270796267,15619.522109009898,15619.183528910504,15619.054969572224,0.4433222264395329,2,-0.7703646018660225,-0.23894549505086998,-0.4082355447483161,-0.47251521388840284,0.2216611132195916,2,0.24312312312312317,0.9999879372738238,0.34145782145782144,0.5281896272849228,0.3360185135826412,1,0.2724502336211437,0.8894444444444445,0.3635395552979562,0.508478077787848,0.2719385292347416,1,0.8472668810289389,0.9503775620280475,0.9923371647509579,0.9299938692693147,0.060953359232878944,1
100,5,2,0.1295797030131022,0.022369054315478566,2.183529535929362,0.7844732423077172,fully_connected_model_5_states.xdsl,"[0, 5, 25, 75, 95, 100]","{'clf__modelfile': 'fully_connected_model_5_states.xdsl', 'discretize__bins': [0, 5, 25, 75, 95, 100]}",0.13943416987120713,0.0951651611435051,0.07129264282789205,0.10196399128086808,0.028231011262749656,3,15617.795416949743,15619.097400457498,15619.23333980059,15618.708719069278,0.6481823032705937,3,-1.1022915251289873,-0.45129977125110443,-0.38333009970512655,-0.6456404653617395,0.32409115163528707,3,0.16336336336336338,0.4563691194209891,0.3926371826371826,0.3374565551405117,0.12582201585022124,3,0.19664211928583153,0.3832891890056369,0.35328587251040044,0.31107239360062294,0.08183628172555718,2,0.854368932038835,0.7118171683389074,0.9999999999999999,0.8553953667925808,0.11765238711922839,2
100,5,0,0.12282673517862956,0.028944908929925052,2.181201696395874,0.8172176896423538,fully_connected_model_5_states.xdsl,"[0, 20, 40, 60, 80, 100]","{'clf__modelfile': 'fully_connected_model_5_states.xdsl', 'discretize__bins': [0, 20, 40, 60, 80, 100]}",0.24068365196930266,0.1264084483895057,0.05126316950182363,0.13945175662021067,0.07787864795844886,2,15618.740637010129,15619.219141605125,15619.297592298095,15619.085790304447,0.2461526968396417,1,-0.629681494935761,-0.39042919743784843,-0.35120385095284673,-0.4571048477754854,0.12307634841980215,1,0.5474474474474476,0.5890470446320868,0.30525798525798525,0.48058415911250657,0.12513214894750382,2,0.23866326273259492,0.14931455016444978,0.3272120986727583,0.23839663718993434,0.07262661476438462,3,0.7728873239436619,0.5449438202247191,0.8594346829640948,0.7257552757108252,0.13264538731672512,3
